{
  "train": null,
  "validation": null,
  "test": {
    "hit-rate-top-1": 0.3090277910232544,
    "hit-rate-top-3": 0.4652777910232544,
    "hit-rate-top-5": 0.5231481194496155,
    "hit-rate-top-10": 0.6400462985038757,
    "hit-rate-top-20": 0.7800925970077515,
    "hit-rate": 1.0,
    "map-top-1": 0.3090277910232544,
    "map-top-3": 0.37297457456588745,
    "map-top-5": 0.3779931962490082,
    "map-top-10": 0.38497138023376465,
    "map-top-20": 0.37818413972854614,
    "map": 0.3472498059272766,
    "mrr-top-1": 0.3090277910232544,
    "mrr-top-3": 0.37615740299224854,
    "mrr-top-5": 0.38946762681007385,
    "mrr-top-10": 0.40520650148391724,
    "mrr-top-20": 0.4147825539112091,
    "mrr": 0.41964974999427795,
    "retrieval-precision-top-1": 0.3090277910232544,
    "retrieval-precision-top-3": 0.20254628360271454,
    "retrieval-precision-top-5": 0.15486110746860504,
    "retrieval-precision-top-10": 0.10671296715736389,
    "retrieval-precision-top-20": 0.07355324178934097,
    "retrieval-precision": 0.0062158796936273575,
    "retrieval-recall-top-1": 0.18882720172405243,
    "retrieval-recall-top-3": 0.32659563422203064,
    "retrieval-recall-top-5": 0.39388030767440796,
    "retrieval-recall-top-10": 0.5107035040855408,
    "retrieval-recall-top-20": 0.6543773412704468,
    "retrieval-recall": 1.0,
    "r-precision": 0.26023367047309875
  }
}