{
  "train": null,
  "validation": null,
  "test": {
    "hit-rate-top-1": 0.35879629850387573,
    "hit-rate-top-3": 0.6018518805503845,
    "hit-rate-top-5": 0.6770833134651184,
    "hit-rate-top-10": 0.7685185074806213,
    "hit-rate-top-20": 0.8611111044883728,
    "hit-rate": 1.0,
    "map-top-1": 0.35879629850387573,
    "map-top-3": 0.4621913433074951,
    "map-top-5": 0.4715792238712311,
    "map-top-10": 0.4698144793510437,
    "map-top-20": 0.4606687128543854,
    "map": 0.42295756936073303,
    "mrr-top-1": 0.35879629850387573,
    "mrr-top-3": 0.46489202976226807,
    "mrr-top-5": 0.48202160000801086,
    "mrr-top-10": 0.4949018955230713,
    "mrr-top-20": 0.5014832019805908,
    "mrr": 0.5048826932907104,
    "retrieval-precision-top-1": 0.35879629850387573,
    "retrieval-precision-top-3": 0.2496141642332077,
    "retrieval-precision-top-5": 0.18981483578681946,
    "retrieval-precision-top-10": 0.12604166567325592,
    "retrieval-precision-top-20": 0.08032406866550446,
    "retrieval-precision": 0.0062158796936273575,
    "retrieval-recall-top-1": 0.23308750987052917,
    "retrieval-recall-top-3": 0.43803131580352783,
    "retrieval-recall-top-5": 0.512843906879425,
    "retrieval-recall-top-10": 0.6277024745941162,
    "retrieval-recall-top-20": 0.7364813685417175,
    "retrieval-recall": 1.0,
    "r-precision": 0.3198852241039276
  },
  "details": null
}