{
  "train": null,
  "validation": null,
  "test": {
    "hit-rate-top-1": 0.28205129504203796,
    "hit-rate-top-3": 0.41514042019844055,
    "hit-rate-top-5": 0.4774114787578583,
    "hit-rate-top-10": 0.5714285969734192,
    "hit-rate-top-20": 0.6800976991653442,
    "hit-rate": 1.0,
    "map-top-1": 0.28205129504203796,
    "map-top-3": 0.3385225832462311,
    "map-top-5": 0.3479650020599365,
    "map-top-10": 0.3510338366031647,
    "map-top-20": 0.34546196460723877,
    "map": 0.30401235818862915,
    "mrr-top-1": 0.28205129504203796,
    "mrr-top-3": 0.34086287021636963,
    "mrr-top-5": 0.3550874888896942,
    "mrr-top-10": 0.367343544960022,
    "mrr-top-20": 0.3749953508377075,
    "mrr": 0.3807477653026581,
    "retrieval-precision-top-1": 0.28205129504203796,
    "retrieval-precision-top-3": 0.16646316647529602,
    "retrieval-precision-top-5": 0.12478633224964142,
    "retrieval-precision-top-10": 0.08339438587427139,
    "retrieval-precision-top-20": 0.05744811147451401,
    "retrieval-precision": 0.005885621532797813,
    "retrieval-recall-top-1": 0.18584798276424408,
    "retrieval-recall-top-3": 0.2937166392803192,
    "retrieval-recall-top-5": 0.34301966428756714,
    "retrieval-recall-top-10": 0.42425718903541565,
    "retrieval-recall-top-20": 0.517731249332428,
    "retrieval-recall": 1.0,
    "r-precision": 0.2399316430091858
  }
}