{
  "train": null,
  "validation": null,
  "test": {
    "hit-rate-top-1": 0.08403361588716507,
    "hit-rate-top-3": 0.17086835205554962,
    "hit-rate-top-5": 0.2212885171175003,
    "hit-rate-top-10": 0.31792718172073364,
    "hit-rate-top-20": 0.4005602300167084,
    "hit-rate": 1.0,
    "map-top-1": 0.08403361588716507,
    "map-top-3": 0.12033147364854813,
    "map-top-5": 0.13047385215759277,
    "map-top-10": 0.14046984910964966,
    "map-top-20": 0.14065571129322052,
    "map": 0.11835645139217377,
    "mrr-top-1": 0.08403361588716507,
    "mrr-top-3": 0.12044818699359894,
    "mrr-top-5": 0.13172268867492676,
    "mrr-top-10": 0.14502468705177307,
    "mrr-top-20": 0.15091100335121155,
    "mrr": 0.1587219089269638,
    "retrieval-precision-top-1": 0.08403361588716507,
    "retrieval-precision-top-3": 0.06722689419984818,
    "retrieval-precision-top-5": 0.05854342132806778,
    "retrieval-precision-top-10": 0.0476190485060215,
    "retrieval-precision-top-20": 0.03522409126162529,
    "retrieval-precision": 0.0007367201033048332,
    "retrieval-recall-top-1": 0.049605052918195724,
    "retrieval-recall-top-3": 0.09886713325977325,
    "retrieval-recall-top-5": 0.13447673618793488,
    "retrieval-recall-top-10": 0.20334161818027496,
    "retrieval-recall-top-20": 0.2707526981830597,
    "retrieval-recall": 1.0,
    "r-precision": 0.08199028670787811
  }
}