{
  "train": null,
  "validation": null,
  "test": {
    "hit-rate-top-1": 0.4506172835826874,
    "hit-rate-top-3": 0.6460905075073242,
    "hit-rate-top-5": 0.7345678806304932,
    "hit-rate-top-10": 0.8312757015228271,
    "hit-rate-top-20": 0.8847736716270447,
    "hit-rate": 1.0,
    "map-top-1": 0.4506172835826874,
    "map-top-3": 0.5277778506278992,
    "map-top-5": 0.5295295715332031,
    "map-top-10": 0.5074636936187744,
    "map-top-20": 0.47447630763053894,
    "map": 0.40107885003089905,
    "mrr-top-1": 0.4506172835826874,
    "mrr-top-3": 0.5329217910766602,
    "mrr-top-5": 0.5534979701042175,
    "mrr-top-10": 0.5663179755210876,
    "mrr-top-20": 0.5700119733810425,
    "mrr": 0.572464644908905,
    "retrieval-precision-top-1": 0.4506172835826874,
    "retrieval-precision-top-3": 0.2805212140083313,
    "retrieval-precision-top-5": 0.21934157609939575,
    "retrieval-precision-top-10": 0.14773663878440857,
    "retrieval-precision-top-20": 0.09300411492586136,
    "retrieval-precision": 0.008227746933698654,
    "retrieval-recall-top-1": 0.21094723045825958,
    "retrieval-recall-top-3": 0.36124280095100403,
    "retrieval-recall-top-5": 0.4489637017250061,
    "retrieval-recall-top-10": 0.5751166343688965,
    "retrieval-recall-top-20": 0.6830940842628479,
    "retrieval-recall": 1.0,
    "r-precision": 0.31942108273506165
  },
  "details": null
}