{
  "train": null,
  "validation": null,
  "test": {
    "hit-rate-top-1": 0.33612167835235596,
    "hit-rate-top-3": 0.5201520919799805,
    "hit-rate-top-5": 0.5984790921211243,
    "hit-rate-top-10": 0.704182505607605,
    "hit-rate-top-20": 0.7908745408058167,
    "hit-rate": 1.0,
    "map-top-1": 0.33612167835235596,
    "map-top-3": 0.41495564579963684,
    "map-top-5": 0.4300961196422577,
    "map-top-10": 0.43734970688819885,
    "map-top-20": 0.4351508319377899,
    "map": 0.4114468991756439,
    "mrr-top-1": 0.33612167835235596,
    "mrr-top-3": 0.41673004627227783,
    "mrr-top-5": 0.43467679619789124,
    "mrr-top-10": 0.44898244738578796,
    "mrr-top-20": 0.4551583230495453,
    "mrr": 0.45956316590309143,
    "retrieval-precision-top-1": 0.33612167835235596,
    "retrieval-precision-top-3": 0.21444867551326752,
    "retrieval-precision-top-5": 0.16319392621517181,
    "retrieval-precision-top-10": 0.11095056682825089,
    "retrieval-precision-top-20": 0.07304182648658752,
    "retrieval-precision": 0.005649717990309,
    "retrieval-recall-top-1": 0.24596160650253296,
    "retrieval-recall-top-3": 0.4128875732421875,
    "retrieval-recall-top-5": 0.4846532940864563,
    "retrieval-recall-top-10": 0.5989761352539062,
    "retrieval-recall-top-20": 0.6984212398529053,
    "retrieval-recall": 1.0,
    "r-precision": 0.31558242440223694
  }
}