{
  "train": null,
  "validation": null,
  "test": {
    "hit-rate-top-1": 0.2796092927455902,
    "hit-rate-top-3": 0.4236874282360077,
    "hit-rate-top-5": 0.5079365372657776,
    "hit-rate-top-10": 0.60317462682724,
    "hit-rate-top-20": 0.6959707140922546,
    "hit-rate": 1.0,
    "map-top-1": 0.2796092927455902,
    "map-top-3": 0.33791208267211914,
    "map-top-5": 0.35367316007614136,
    "map-top-10": 0.3549584746360779,
    "map-top-20": 0.34971269965171814,
    "map": 0.3133489489555359,
    "mrr-top-1": 0.2796092927455902,
    "mrr-top-3": 0.3420838713645935,
    "mrr-top-5": 0.36174196004867554,
    "mrr-top-10": 0.3749815821647644,
    "mrr-top-20": 0.3814902603626251,
    "mrr": 0.38699281215667725,
    "retrieval-precision-top-1": 0.2796092927455902,
    "retrieval-precision-top-3": 0.17826618254184723,
    "retrieval-precision-top-5": 0.1399267315864563,
    "retrieval-precision-top-10": 0.09694750607013702,
    "retrieval-precision-top-20": 0.06379731744527817,
    "retrieval-precision": 0.005885621532797813,
    "retrieval-recall-top-1": 0.17729149758815765,
    "retrieval-recall-top-3": 0.29949507117271423,
    "retrieval-recall-top-5": 0.36412835121154785,
    "retrieval-recall-top-10": 0.45176833868026733,
    "retrieval-recall-top-20": 0.5466845035552979,
    "retrieval-recall": 1.0,
    "r-precision": 0.2463223934173584
  }
}