{
  "train": null,
  "validation": null,
  "test": {
    "hit-rate-top-1": 0.32870370149612427,
    "hit-rate-top-3": 0.5520833134651184,
    "hit-rate-top-5": 0.6238425970077515,
    "hit-rate-top-10": 0.7465277910232544,
    "hit-rate-top-20": 0.8356481194496155,
    "hit-rate": 1.0,
    "map-top-1": 0.32870370149612427,
    "map-top-3": 0.42341822385787964,
    "map-top-5": 0.43274980783462524,
    "map-top-10": 0.43770846724510193,
    "map-top-20": 0.42991510033607483,
    "map": 0.3884657323360443,
    "mrr-top-1": 0.32870370149612427,
    "mrr-top-3": 0.4257330298423767,
    "mrr-top-5": 0.4421103298664093,
    "mrr-top-10": 0.4584835171699524,
    "mrr-top-20": 0.4645443260669708,
    "mrr": 0.4680243134498596,
    "retrieval-precision-top-1": 0.32870370149612427,
    "retrieval-precision-top-3": 0.22839505970478058,
    "retrieval-precision-top-5": 0.17430555820465088,
    "retrieval-precision-top-10": 0.11678241938352585,
    "retrieval-precision-top-20": 0.07575231790542603,
    "retrieval-precision": 0.0062158796936273575,
    "retrieval-recall-top-1": 0.21583913266658783,
    "retrieval-recall-top-3": 0.4005093276500702,
    "retrieval-recall-top-5": 0.4688713252544403,
    "retrieval-recall-top-10": 0.5916414856910706,
    "retrieval-recall-top-20": 0.7020740509033203,
    "retrieval-recall": 1.0,
    "r-precision": 0.29361480474472046
  },
  "details": null
}