{
  "train": null,
  "validation": null,
  "test": {
    "hit-rate-top-1": 0.33796295523643494,
    "hit-rate-top-3": 0.5717592835426331,
    "hit-rate-top-5": 0.6435185074806213,
    "hit-rate-top-10": 0.7650462985038757,
    "hit-rate-top-20": 0.8425925970077515,
    "hit-rate": 1.0,
    "map-top-1": 0.33796295523643494,
    "map-top-3": 0.4370177686214447,
    "map-top-5": 0.4461821913719177,
    "map-top-10": 0.45087090134620667,
    "map-top-20": 0.4431726932525635,
    "map": 0.4019446074962616,
    "mrr-top-1": 0.33796295523643494,
    "mrr-top-3": 0.44039347767829895,
    "mrr-top-5": 0.45706021785736084,
    "mrr-top-10": 0.47353991866111755,
    "mrr-top-20": 0.47882163524627686,
    "mrr": 0.482193261384964,
    "retrieval-precision-top-1": 0.33796295523643494,
    "retrieval-precision-top-3": 0.2357252985239029,
    "retrieval-precision-top-5": 0.18032407760620117,
    "retrieval-precision-top-10": 0.12025462836027145,
    "retrieval-precision-top-20": 0.07667824625968933,
    "retrieval-precision": 0.0062158796936273575,
    "retrieval-recall-top-1": 0.2233044058084488,
    "retrieval-recall-top-3": 0.4174194037914276,
    "retrieval-recall-top-5": 0.48962098360061646,
    "retrieval-recall-top-10": 0.6116431951522827,
    "retrieval-recall-top-20": 0.7093212008476257,
    "retrieval-recall": 1.0,
    "r-precision": 0.3029995560646057
  },
  "details": null
}