{
  "train": null,
  "validation": null,
  "test": {
    "hit-rate-top-1": 0.3079847991466522,
    "hit-rate-top-3": 0.43269962072372437,
    "hit-rate-top-5": 0.4973384141921997,
    "hit-rate-top-10": 0.5870722532272339,
    "hit-rate-top-20": 0.6859315633773804,
    "hit-rate": 1.0,
    "map-top-1": 0.3079847991466522,
    "map-top-3": 0.36026614904403687,
    "map-top-5": 0.37145331501960754,
    "map-top-10": 0.37512481212615967,
    "map-top-20": 0.3750571012496948,
    "map": 0.3495688736438751,
    "mrr-top-1": 0.3079847991466522,
    "mrr-top-3": 0.361977219581604,
    "mrr-top-5": 0.3768060803413391,
    "mrr-top-10": 0.3889271914958954,
    "mrr-top-20": 0.3960011899471283,
    "mrr": 0.4018298089504242,
    "retrieval-precision-top-1": 0.3079847991466522,
    "retrieval-precision-top-3": 0.18352346122264862,
    "retrieval-precision-top-5": 0.13961978256702423,
    "retrieval-precision-top-10": 0.09695819020271301,
    "retrieval-precision-top-20": 0.06387832760810852,
    "retrieval-precision": 0.005649717990309,
    "retrieval-recall-top-1": 0.2176586091518402,
    "retrieval-recall-top-3": 0.3286375403404236,
    "retrieval-recall-top-5": 0.3904081881046295,
    "retrieval-recall-top-10": 0.48467445373535156,
    "retrieval-recall-top-20": 0.5844356417655945,
    "retrieval-recall": 1.0,
    "r-precision": 0.27856776118278503
  },
  "details": null
}