{
  "train": null,
  "validation": null,
  "test": {
    "hit-rate-top-1": 0.39669421315193176,
    "hit-rate-top-3": 0.5702479481697083,
    "hit-rate-top-5": 0.6508264541625977,
    "hit-rate-top-10": 0.7479338645935059,
    "hit-rate-top-20": 0.8119834661483765,
    "hit-rate": 1.0,
    "map-top-1": 0.39669421315193176,
    "map-top-3": 0.4695247709751129,
    "map-top-5": 0.4785238802433014,
    "map-top-10": 0.4698069989681244,
    "map-top-20": 0.4466334581375122,
    "map": 0.3848201334476471,
    "mrr-top-1": 0.39669421315193176,
    "mrr-top-3": 0.47400137782096863,
    "mrr-top-5": 0.49218320846557617,
    "mrr-top-10": 0.5055514574050903,
    "mrr-top-20": 0.5099635124206543,
    "mrr": 0.5133896470069885,
    "retrieval-precision-top-1": 0.39669421315193176,
    "retrieval-precision-top-3": 0.25654271245002747,
    "retrieval-precision-top-5": 0.20227274298667908,
    "retrieval-precision-top-10": 0.14514462649822235,
    "retrieval-precision-top-20": 0.10103306174278259,
    "retrieval-precision": 0.015301467850804329,
    "retrieval-recall-top-1": 0.20434345304965973,
    "retrieval-recall-top-3": 0.3376591205596924,
    "retrieval-recall-top-5": 0.4089359641075134,
    "retrieval-recall-top-10": 0.5088247656822205,
    "retrieval-recall-top-20": 0.6127670407295227,
    "retrieval-recall": 1.0,
    "r-precision": 0.3153514564037323
  }
}