{
  "train": null,
  "validation": null,
  "test": {
    "hit-rate-top-1": 0.3247148394584656,
    "hit-rate-top-3": 0.5041825175285339,
    "hit-rate-top-5": 0.5946767926216125,
    "hit-rate-top-10": 0.7163497805595398,
    "hit-rate-top-20": 0.819011390209198,
    "hit-rate": 1.0,
    "map-top-1": 0.3247148394584656,
    "map-top-3": 0.40139415860176086,
    "map-top-5": 0.4188160002231598,
    "map-top-10": 0.4255857467651367,
    "map-top-20": 0.42573079466819763,
    "map": 0.3955504596233368,
    "mrr-top-1": 0.3247148394584656,
    "mrr-top-3": 0.40266165137290955,
    "mrr-top-5": 0.42349812388420105,
    "mrr-top-10": 0.44013819098472595,
    "mrr-top-20": 0.4472683072090149,
    "mrr": 0.4513133466243744,
    "retrieval-precision-top-1": 0.3247148394584656,
    "retrieval-precision-top-3": 0.19087453186511993,
    "retrieval-precision-top-5": 0.14524716138839722,
    "retrieval-precision-top-10": 0.09695819020271301,
    "retrieval-precision-top-20": 0.06243345886468887,
    "retrieval-precision": 0.005649717990309,
    "retrieval-recall-top-1": 0.2481391727924347,
    "retrieval-recall-top-3": 0.4046783447265625,
    "retrieval-recall-top-5": 0.485586017370224,
    "retrieval-recall-top-10": 0.5956875085830688,
    "retrieval-recall-top-20": 0.6966477632522583,
    "retrieval-recall": 1.0,
    "r-precision": 0.2980937957763672
  },
  "details": null
}