{
  "train": null,
  "validation": null,
  "test": {
    "hit-rate-top-1": 0.24664224684238434,
    "hit-rate-top-3": 0.4139194190502167,
    "hit-rate-top-5": 0.46275946497917175,
    "hit-rate-top-10": 0.5592185854911804,
    "hit-rate-top-20": 0.6544566750526428,
    "hit-rate": 1.0,
    "map-top-1": 0.24664224684238434,
    "map-top-3": 0.317562073469162,
    "map-top-5": 0.32384344935417175,
    "map-top-10": 0.32695403695106506,
    "map-top-20": 0.3236846625804901,
    "map": 0.2931669354438782,
    "mrr-top-1": 0.24664224684238434,
    "mrr-top-3": 0.3182743489742279,
    "mrr-top-5": 0.3292633295059204,
    "mrr-top-10": 0.3426254987716675,
    "mrr-top-20": 0.3494228720664978,
    "mrr": 0.35632964968681335,
    "retrieval-precision-top-1": 0.24664224684238434,
    "retrieval-precision-top-3": 0.17012616991996765,
    "retrieval-precision-top-5": 0.12673993408679962,
    "retrieval-precision-top-10": 0.08876679092645645,
    "retrieval-precision-top-20": 0.05830281227827072,
    "retrieval-precision": 0.005885621532797813,
    "retrieval-recall-top-1": 0.15887512266635895,
    "retrieval-recall-top-3": 0.29404574632644653,
    "retrieval-recall-top-5": 0.3376302719116211,
    "retrieval-recall-top-10": 0.4278203845024109,
    "retrieval-recall-top-20": 0.5118036866188049,
    "retrieval-recall": 1.0,
    "r-precision": 0.22688671946525574
  },
  "details": null
}