{
  "train": null,
  "validation": null,
  "test": {
    "hit-rate-top-1": 0.32091253995895386,
    "hit-rate-top-3": 0.523193895816803,
    "hit-rate-top-5": 0.6152091026306152,
    "hit-rate-top-10": 0.7307984828948975,
    "hit-rate-top-20": 0.8197718858718872,
    "hit-rate": 1.0,
    "map-top-1": 0.32091253995895386,
    "map-top-3": 0.40766796469688416,
    "map-top-5": 0.4252598285675049,
    "map-top-10": 0.4329940378665924,
    "map-top-20": 0.43031740188598633,
    "map": 0.39854615926742554,
    "mrr-top-1": 0.32091253995895386,
    "mrr-top-3": 0.41026610136032104,
    "mrr-top-5": 0.4312167763710022,
    "mrr-top-10": 0.446638286113739,
    "mrr-top-20": 0.4528596103191376,
    "mrr": 0.4568997621536255,
    "retrieval-precision-top-1": 0.32091253995895386,
    "retrieval-precision-top-3": 0.20912545919418335,
    "retrieval-precision-top-5": 0.15847909450531006,
    "retrieval-precision-top-10": 0.10600761324167252,
    "retrieval-precision-top-20": 0.06711026281118393,
    "retrieval-precision": 0.005649717990309,
    "retrieval-recall-top-1": 0.23400446772575378,
    "retrieval-recall-top-3": 0.41185176372528076,
    "retrieval-recall-top-5": 0.4993788003921509,
    "retrieval-recall-top-10": 0.6166843175888062,
    "retrieval-recall-top-20": 0.7087321281433105,
    "retrieval-recall": 1.0,
    "r-precision": 0.29800158739089966
  }
}