{
  "train": null,
  "validation": null,
  "test": {
    "hit-rate-top-1": 0.4302788972854614,
    "hit-rate-top-3": 0.5986055731773376,
    "hit-rate-top-5": 0.6683266758918762,
    "hit-rate-top-10": 0.7460159659385681,
    "hit-rate-top-20": 0.81175297498703,
    "hit-rate": 1.0,
    "map-top-1": 0.4302788972854614,
    "map-top-3": 0.501162052154541,
    "map-top-5": 0.5058197975158691,
    "map-top-10": 0.4988599121570587,
    "map-top-20": 0.4866867959499359,
    "map": 0.4347236156463623,
    "mrr-top-1": 0.4302788972854614,
    "mrr-top-3": 0.504482090473175,
    "mrr-top-5": 0.5203685164451599,
    "mrr-top-10": 0.5310602784156799,
    "mrr-top-20": 0.5357154011726379,
    "mrr": 0.5395989418029785,
    "retrieval-precision-top-1": 0.4302788972854614,
    "retrieval-precision-top-3": 0.25498005747795105,
    "retrieval-precision-top-5": 0.18884462118148804,
    "retrieval-precision-top-10": 0.1250000149011612,
    "retrieval-precision-top-20": 0.0805278867483139,
    "retrieval-precision": 0.01422689575701952,
    "retrieval-recall-top-1": 0.26435089111328125,
    "retrieval-recall-top-3": 0.4147024154663086,
    "retrieval-recall-top-5": 0.4849606156349182,
    "retrieval-recall-top-10": 0.5793712139129639,
    "retrieval-recall-top-20": 0.6744244694709778,
    "retrieval-recall": 1.0,
    "r-precision": 0.3570713996887207
  }
}