{
  "train": null,
  "validation": null,
  "test": {
    "hit-rate-top-1": 0.4382716119289398,
    "hit-rate-top-3": 0.6172839403152466,
    "hit-rate-top-5": 0.7181069850921631,
    "hit-rate-top-10": 0.8209876418113708,
    "hit-rate-top-20": 0.895061731338501,
    "hit-rate": 1.0,
    "map-top-1": 0.4382716119289398,
    "map-top-3": 0.5123457312583923,
    "map-top-5": 0.5185471177101135,
    "map-top-10": 0.4931318461894989,
    "map-top-20": 0.46677082777023315,
    "map": 0.39318013191223145,
    "mrr-top-1": 0.4382716119289398,
    "mrr-top-3": 0.5188614726066589,
    "mrr-top-5": 0.5418038964271545,
    "mrr-top-10": 0.5552346706390381,
    "mrr-top-20": 0.560655951499939,
    "mrr": 0.5624215006828308,
    "retrieval-precision-top-1": 0.4382716119289398,
    "retrieval-precision-top-3": 0.2674897015094757,
    "retrieval-precision-top-5": 0.20987655222415924,
    "retrieval-precision-top-10": 0.1438271701335907,
    "retrieval-precision-top-20": 0.09248971939086914,
    "retrieval-precision": 0.008227746933698654,
    "retrieval-recall-top-1": 0.20474809408187866,
    "retrieval-recall-top-3": 0.34866470098495483,
    "retrieval-recall-top-5": 0.44004735350608826,
    "retrieval-recall-top-10": 0.5762525200843811,
    "retrieval-recall-top-20": 0.6879472136497498,
    "retrieval-recall": 1.0,
    "r-precision": 0.3153160810470581
  },
  "details": null
}