{
  "train": null,
  "validation": null,
  "test": {
    "hit-rate-top-1": 0.27106228470802307,
    "hit-rate-top-3": 0.38949939608573914,
    "hit-rate-top-5": 0.4590964615345001,
    "hit-rate-top-10": 0.562881588935852,
    "hit-rate-top-20": 0.6605616807937622,
    "hit-rate": 1.0,
    "map-top-1": 0.27106228470802307,
    "map-top-3": 0.3204110860824585,
    "map-top-5": 0.3340693414211273,
    "map-top-10": 0.3381030261516571,
    "map-top-20": 0.3351868987083435,
    "map": 0.28905194997787476,
    "mrr-top-1": 0.27106228470802307,
    "mrr-top-3": 0.3233618438243866,
    "mrr-top-5": 0.33960118889808655,
    "mrr-top-10": 0.3529822528362274,
    "mrr-top-20": 0.3598872721195221,
    "mrr": 0.3658895492553711,
    "retrieval-precision-top-1": 0.27106228470802307,
    "retrieval-precision-top-3": 0.1587301641702652,
    "retrieval-precision-top-5": 0.11990231275558472,
    "retrieval-precision-top-10": 0.08156288415193558,
    "retrieval-precision-top-20": 0.054700858891010284,
    "retrieval-precision": 0.005885621532797813,
    "retrieval-recall-top-1": 0.1765282154083252,
    "retrieval-recall-top-3": 0.27331116795539856,
    "retrieval-recall-top-5": 0.3270300328731537,
    "retrieval-recall-top-10": 0.4099219739437103,
    "retrieval-recall-top-20": 0.5004081726074219,
    "retrieval-recall": 1.0,
    "r-precision": 0.22731836140155792
  },
  "details": null
}