{
  "train": null,
  "validation": null,
  "test": {
    "hit-rate-top-1": 0.27716729044914246,
    "hit-rate-top-3": 0.42490842938423157,
    "hit-rate-top-5": 0.504273533821106,
    "hit-rate-top-10": 0.6056166291236877,
    "hit-rate-top-20": 0.6935287117958069,
    "hit-rate": 1.0,
    "map-top-1": 0.27716729044914246,
    "map-top-3": 0.33760684728622437,
    "map-top-5": 0.3522520661354065,
    "map-top-10": 0.3529391884803772,
    "map-top-20": 0.34800297021865845,
    "map": 0.311614990234375,
    "mrr-top-1": 0.27716729044914246,
    "mrr-top-3": 0.34065935015678406,
    "mrr-top-5": 0.3590354025363922,
    "mrr-top-10": 0.3728680908679962,
    "mrr-top-20": 0.37908101081848145,
    "mrr": 0.38469406962394714,
    "retrieval-precision-top-1": 0.27716729044914246,
    "retrieval-precision-top-3": 0.1786731779575348,
    "retrieval-precision-top-5": 0.13943834602832794,
    "retrieval-precision-top-10": 0.09743589907884598,
    "retrieval-precision-top-20": 0.06330890953540802,
    "retrieval-precision": 0.005885621532797813,
    "retrieval-recall-top-1": 0.17472447454929352,
    "retrieval-recall-top-3": 0.29992440342903137,
    "retrieval-recall-top-5": 0.362040638923645,
    "retrieval-recall-top-10": 0.455067902803421,
    "retrieval-recall-top-20": 0.5439738631248474,
    "retrieval-recall": 1.0,
    "r-precision": 0.24315176904201508
  }
}