{
  "train": null,
  "validation": null,
  "test": {
    "hit-rate-top-1": 0.4341563880443573,
    "hit-rate-top-3": 0.6563786268234253,
    "hit-rate-top-5": 0.7407407164573669,
    "hit-rate-top-10": 0.8539094924926758,
    "hit-rate-top-20": 0.8971193432807922,
    "hit-rate": 1.0,
    "map-top-1": 0.4341563880443573,
    "map-top-3": 0.5236626267433167,
    "map-top-5": 0.5238139629364014,
    "map-top-10": 0.5110481381416321,
    "map-top-20": 0.48227357864379883,
    "map": 0.4280829131603241,
    "mrr-top-1": 0.4341563880443573,
    "mrr-top-3": 0.5308641195297241,
    "mrr-top-5": 0.5498971343040466,
    "mrr-top-10": 0.5663131475448608,
    "mrr-top-20": 0.5692222714424133,
    "mrr": 0.5717418193817139,
    "retrieval-precision-top-1": 0.4341563880443573,
    "retrieval-precision-top-3": 0.30109739303588867,
    "retrieval-precision-top-5": 0.23333333432674408,
    "retrieval-precision-top-10": 0.1563786119222641,
    "retrieval-precision-top-20": 0.09804526716470718,
    "retrieval-precision": 0.008227746933698654,
    "retrieval-recall-top-1": 0.20329786837100983,
    "retrieval-recall-top-3": 0.40115559101104736,
    "retrieval-recall-top-5": 0.49236899614334106,
    "retrieval-recall-top-10": 0.6195910573005676,
    "retrieval-recall-top-20": 0.717671275138855,
    "retrieval-recall": 1.0,
    "r-precision": 0.3390653729438782
  },
  "details": null
}