{
  "train": null,
  "validation": null,
  "test": {
    "hit-rate-top-1": 0.41334661841392517,
    "hit-rate-top-3": 0.5996015667915344,
    "hit-rate-top-5": 0.6713147163391113,
    "hit-rate-top-10": 0.7519920468330383,
    "hit-rate-top-20": 0.8237051963806152,
    "hit-rate": 1.0,
    "map-top-1": 0.41334661841392517,
    "map-top-3": 0.4927789568901062,
    "map-top-5": 0.49847832322120667,
    "map-top-10": 0.49127307534217834,
    "map-top-20": 0.4803650677204132,
    "map": 0.43408310413360596,
    "mrr-top-1": 0.41334661841392517,
    "mrr-top-3": 0.49634796380996704,
    "mrr-top-5": 0.5125331878662109,
    "mrr-top-10": 0.5235617160797119,
    "mrr-top-20": 0.5284934043884277,
    "mrr": 0.532031774520874,
    "retrieval-precision-top-1": 0.41334661841392517,
    "retrieval-precision-top-3": 0.256972074508667,
    "retrieval-precision-top-5": 0.1902390569448471,
    "retrieval-precision-top-10": 0.12699204683303833,
    "retrieval-precision-top-20": 0.08192230761051178,
    "retrieval-precision": 0.01422689575701952,
    "retrieval-recall-top-1": 0.2549385726451874,
    "retrieval-recall-top-3": 0.42038586735725403,
    "retrieval-recall-top-5": 0.48810452222824097,
    "retrieval-recall-top-10": 0.5895105600357056,
    "retrieval-recall-top-20": 0.6889029145240784,
    "retrieval-recall": 1.0,
    "r-precision": 0.35377734899520874
  }
}