{
  "train": null,
  "validation": null,
  "test": {
    "hit-rate-top-1": 0.40740740299224854,
    "hit-rate-top-3": 0.5555555820465088,
    "hit-rate-top-5": 0.6337448358535767,
    "hit-rate-top-10": 0.7325102686882019,
    "hit-rate-top-20": 0.8251028656959534,
    "hit-rate": 1.0,
    "map-top-1": 0.40740740299224854,
    "map-top-3": 0.46690672636032104,
    "map-top-5": 0.4740454852581024,
    "map-top-10": 0.46050092577934265,
    "map-top-20": 0.4378180503845215,
    "map": 0.3482891619205475,
    "mrr-top-1": 0.40740740299224854,
    "mrr-top-3": 0.47085049748420715,
    "mrr-top-5": 0.48864883184432983,
    "mrr-top-10": 0.5025695562362671,
    "mrr-top-20": 0.5091342329978943,
    "mrr": 0.5128650069236755,
    "retrieval-precision-top-1": 0.40740740299224854,
    "retrieval-precision-top-3": 0.23388200998306274,
    "retrieval-precision-top-5": 0.17530864477157593,
    "retrieval-precision-top-10": 0.11810700595378876,
    "retrieval-precision-top-20": 0.07644033432006836,
    "retrieval-precision": 0.008227746933698654,
    "retrieval-recall-top-1": 0.1948087513446808,
    "retrieval-recall-top-3": 0.31529268622398376,
    "retrieval-recall-top-5": 0.3741038739681244,
    "retrieval-recall-top-10": 0.47207018733024597,
    "retrieval-recall-top-20": 0.5800007581710815,
    "retrieval-recall": 1.0,
    "r-precision": 0.2919272482395172
  }
}