{
  "train": null,
  "validation": null,
  "test": {
    "hit-rate-top-1": 0.28240740299224854,
    "hit-rate-top-3": 0.46875,
    "hit-rate-top-5": 0.5613425970077515,
    "hit-rate-top-10": 0.6956018805503845,
    "hit-rate-top-20": 0.8194444179534912,
    "hit-rate": 1.0,
    "map-top-1": 0.28240740299224854,
    "map-top-3": 0.3598572313785553,
    "map-top-5": 0.375318318605423,
    "map-top-10": 0.3805198669433594,
    "map-top-20": 0.37674766778945923,
    "map": 0.3550010025501251,
    "mrr-top-1": 0.28240740299224854,
    "mrr-top-3": 0.3628472089767456,
    "mrr-top-5": 0.3838541805744171,
    "mrr-top-10": 0.40189415216445923,
    "mrr-top-20": 0.41064968705177307,
    "mrr": 0.4147709012031555,
    "retrieval-precision-top-1": 0.28240740299224854,
    "retrieval-precision-top-3": 0.20331789553165436,
    "retrieval-precision-top-5": 0.16296297311782837,
    "retrieval-precision-top-10": 0.11655092984437943,
    "retrieval-precision-top-20": 0.08101851493120193,
    "retrieval-precision": 0.0062158796936273575,
    "retrieval-recall-top-1": 0.17104575037956238,
    "retrieval-recall-top-3": 0.3357153534889221,
    "retrieval-recall-top-5": 0.42503777146339417,
    "retrieval-recall-top-10": 0.5677628517150879,
    "retrieval-recall-top-20": 0.7123929262161255,
    "retrieval-recall": 1.0,
    "r-precision": 0.24975821375846863
  }
}