{
  "train": null,
  "validation": null,
  "test": {
    "hit-rate-top-1": 0.330798476934433,
    "hit-rate-top-3": 0.48897337913513184,
    "hit-rate-top-5": 0.561977207660675,
    "hit-rate-top-10": 0.6524714827537537,
    "hit-rate-top-20": 0.730038046836853,
    "hit-rate": 1.0,
    "map-top-1": 0.330798476934433,
    "map-top-3": 0.39993664622306824,
    "map-top-5": 0.41490915417671204,
    "map-top-10": 0.4185888469219208,
    "map-top-20": 0.41662025451660156,
    "map": 0.3920742869377136,
    "mrr-top-1": 0.330798476934433,
    "mrr-top-3": 0.4020279347896576,
    "mrr-top-5": 0.41864386200904846,
    "mrr-top-10": 0.4306352436542511,
    "mrr-top-20": 0.4361199140548706,
    "mrr": 0.4410479664802551,
    "retrieval-precision-top-1": 0.330798476934433,
    "retrieval-precision-top-3": 0.20101392269134521,
    "retrieval-precision-top-5": 0.15148289501667023,
    "retrieval-precision-top-10": 0.10357414186000824,
    "retrieval-precision-top-20": 0.06825095415115356,
    "retrieval-precision": 0.005649717990309,
    "retrieval-recall-top-1": 0.24572554230690002,
    "retrieval-recall-top-3": 0.38864949345588684,
    "retrieval-recall-top-5": 0.4488648772239685,
    "retrieval-recall-top-10": 0.5400002598762512,
    "retrieval-recall-top-20": 0.6308107376098633,
    "retrieval-recall": 1.0,
    "r-precision": 0.31236883997917175
  }
}