{
  "train": null,
  "validation": null,
  "test": {
    "hit-rate-top-1": 0.4238682985305786,
    "hit-rate-top-3": 0.6481481194496155,
    "hit-rate-top-5": 0.7304526567459106,
    "hit-rate-top-10": 0.8374485373497009,
    "hit-rate-top-20": 0.9012345671653748,
    "hit-rate": 1.0,
    "map-top-1": 0.4238682985305786,
    "map-top-3": 0.5166323781013489,
    "map-top-5": 0.5170924663543701,
    "map-top-10": 0.4981679916381836,
    "map-top-20": 0.47640010714530945,
    "map": 0.41776618361473083,
    "mrr-top-1": 0.4238682985305786,
    "mrr-top-3": 0.5243484377861023,
    "mrr-top-5": 0.5432785153388977,
    "mrr-top-10": 0.5582875609397888,
    "mrr-top-20": 0.5629943609237671,
    "mrr": 0.5653865933418274,
    "retrieval-precision-top-1": 0.4238682985305786,
    "retrieval-precision-top-3": 0.29698219895362854,
    "retrieval-precision-top-5": 0.23045268654823303,
    "retrieval-precision-top-10": 0.15781892836093903,
    "retrieval-precision-top-20": 0.0981481522321701,
    "retrieval-precision": 0.008227746933698654,
    "retrieval-recall-top-1": 0.19296571612358093,
    "retrieval-recall-top-3": 0.38282161951065063,
    "retrieval-recall-top-5": 0.47657349705696106,
    "retrieval-recall-top-10": 0.6099851131439209,
    "retrieval-recall-top-20": 0.712146520614624,
    "retrieval-recall": 1.0,
    "r-precision": 0.3376047909259796
  },
  "details": null
}