{
  "train": null,
  "validation": null,
  "test": {
    "hit-rate-top-1": 0.3019011318683624,
    "hit-rate-top-3": 0.45627376437187195,
    "hit-rate-top-5": 0.5239543914794922,
    "hit-rate-top-10": 0.6106463670730591,
    "hit-rate-top-20": 0.6920152306556702,
    "hit-rate": 1.0,
    "map-top-1": 0.3019011318683624,
    "map-top-3": 0.36723700165748596,
    "map-top-5": 0.3796261250972748,
    "map-top-10": 0.38586243987083435,
    "map-top-20": 0.38450634479522705,
    "map": 0.36371931433677673,
    "mrr-top-1": 0.3019011318683624,
    "mrr-top-3": 0.3689480423927307,
    "mrr-top-5": 0.38453739881515503,
    "mrr-top-10": 0.3963299095630646,
    "mrr-top-20": 0.40185555815696716,
    "mrr": 0.40764832496643066,
    "retrieval-precision-top-1": 0.3019011318683624,
    "retrieval-precision-top-3": 0.19036756455898285,
    "retrieval-precision-top-5": 0.1450950652360916,
    "retrieval-precision-top-10": 0.09878326207399368,
    "retrieval-precision-top-20": 0.06517110764980316,
    "retrieval-precision": 0.005649717990309,
    "retrieval-recall-top-1": 0.21896104514598846,
    "retrieval-recall-top-3": 0.3611356019973755,
    "retrieval-recall-top-5": 0.4244518578052521,
    "retrieval-recall-top-10": 0.5110569000244141,
    "retrieval-recall-top-20": 0.5966095924377441,
    "retrieval-recall": 1.0,
    "r-precision": 0.2830767333507538
  }
}