{
  "train": null,
  "validation": null,
  "test": {
    "hit-rate-top-1": 0.3376425802707672,
    "hit-rate-top-3": 0.493536114692688,
    "hit-rate-top-5": 0.5634980797767639,
    "hit-rate-top-10": 0.6539924144744873,
    "hit-rate-top-20": 0.7406843900680542,
    "hit-rate": 1.0,
    "map-top-1": 0.3376425802707672,
    "map-top-3": 0.4050697386264801,
    "map-top-5": 0.41900187730789185,
    "map-top-10": 0.42259135842323303,
    "map-top-20": 0.42154085636138916,
    "map": 0.39700478315353394,
    "mrr-top-1": 0.3376425802707672,
    "mrr-top-3": 0.4073511064052582,
    "mrr-top-5": 0.4232065975666046,
    "mrr-top-10": 0.43532440066337585,
    "mrr-top-20": 0.4413493573665619,
    "mrr": 0.4461180567741394,
    "retrieval-precision-top-1": 0.3376425802707672,
    "retrieval-precision-top-3": 0.20532318949699402,
    "retrieval-precision-top-5": 0.1537642627954483,
    "retrieval-precision-top-10": 0.10471482574939728,
    "retrieval-precision-top-20": 0.0691634938120842,
    "retrieval-precision": 0.005649717990309,
    "retrieval-recall-top-1": 0.2492816001176834,
    "retrieval-recall-top-3": 0.391714870929718,
    "retrieval-recall-top-5": 0.45158204436302185,
    "retrieval-recall-top-10": 0.543698787689209,
    "retrieval-recall-top-20": 0.6421768069267273,
    "retrieval-recall": 1.0,
    "r-precision": 0.3171858787536621
  }
}