{
  "train": null,
  "validation": null,
  "test": {
    "hit-rate-top-1": 0.3974103629589081,
    "hit-rate-top-3": 0.5846613645553589,
    "hit-rate-top-5": 0.6583665609359741,
    "hit-rate-top-10": 0.7400398254394531,
    "hit-rate-top-20": 0.8107569813728333,
    "hit-rate": 1.0,
    "map-top-1": 0.3974103629589081,
    "map-top-3": 0.4761785864830017,
    "map-top-5": 0.4854954779148102,
    "map-top-10": 0.48397961258888245,
    "map-top-20": 0.4719487428665161,
    "map": 0.428501158952713,
    "mrr-top-1": 0.3974103629589081,
    "mrr-top-3": 0.48041170835494995,
    "mrr-top-5": 0.49739375710487366,
    "mrr-top-10": 0.5082361102104187,
    "mrr-top-20": 0.513391375541687,
    "mrr": 0.5170499682426453,
    "retrieval-precision-top-1": 0.3974103629589081,
    "retrieval-precision-top-3": 0.262948215007782,
    "retrieval-precision-top-5": 0.2009960412979126,
    "retrieval-precision-top-10": 0.12988048791885376,
    "retrieval-precision-top-20": 0.08251991868019104,
    "retrieval-precision": 0.01422689575701952,
    "retrieval-recall-top-1": 0.2349950224161148,
    "retrieval-recall-top-3": 0.411564439535141,
    "retrieval-recall-top-5": 0.49142926931381226,
    "retrieval-recall-top-10": 0.5911511182785034,
    "retrieval-recall-top-20": 0.6891441941261292,
    "retrieval-recall": 1.0,
    "r-precision": 0.34148988127708435
  },
  "details": null
}