{
  "train": null,
  "validation": null,
  "test": {
    "hit-rate-top-1": 0.26967594027519226,
    "hit-rate-top-3": 0.4930555522441864,
    "hit-rate-top-5": 0.5833333134651184,
    "hit-rate-top-10": 0.6990740895271301,
    "hit-rate-top-20": 0.8101851940155029,
    "hit-rate": 1.0,
    "map-top-1": 0.26967594027519226,
    "map-top-3": 0.36400464177131653,
    "map-top-5": 0.37859442830085754,
    "map-top-10": 0.38451501727104187,
    "map-top-20": 0.3784908056259155,
    "map": 0.346914142370224,
    "mrr-top-1": 0.26967594027519226,
    "mrr-top-3": 0.36612656712532043,
    "mrr-top-5": 0.38724926114082336,
    "mrr-top-10": 0.40316450595855713,
    "mrr-top-20": 0.4108782112598419,
    "mrr": 0.41480889916419983,
    "retrieval-precision-top-1": 0.26967594027519226,
    "retrieval-precision-top-3": 0.2044752985239029,
    "retrieval-precision-top-5": 0.16018520295619965,
    "retrieval-precision-top-10": 0.11076389998197556,
    "retrieval-precision-top-20": 0.07349537312984467,
    "retrieval-precision": 0.0062158796936273575,
    "retrieval-recall-top-1": 0.16984251141548157,
    "retrieval-recall-top-3": 0.35724887251853943,
    "retrieval-recall-top-5": 0.4403078258037567,
    "retrieval-recall-top-10": 0.5508610606193542,
    "retrieval-recall-top-20": 0.6806244850158691,
    "retrieval-recall": 1.0,
    "r-precision": 0.24194829165935516
  }
}