{
  "train": null,
  "validation": null,
  "test": {
    "hit-rate-top-1": 0.3436214029788971,
    "hit-rate-top-3": 0.4958847761154175,
    "hit-rate-top-5": 0.5761317014694214,
    "hit-rate-top-10": 0.6851851940155029,
    "hit-rate-top-20": 0.7962962985038757,
    "hit-rate": 1.0,
    "map-top-1": 0.3436214029788971,
    "map-top-3": 0.40757888555526733,
    "map-top-5": 0.4184041917324066,
    "map-top-10": 0.41560089588165283,
    "map-top-20": 0.3925803303718567,
    "map": 0.32139331102371216,
    "mrr-top-1": 0.3436214029788971,
    "mrr-top-3": 0.4125514328479767,
    "mrr-top-5": 0.4308641850948334,
    "mrr-top-10": 0.44617870450019836,
    "mrr-top-20": 0.4539538621902466,
    "mrr": 0.45835602283477783,
    "retrieval-precision-top-1": 0.3436214029788971,
    "retrieval-precision-top-3": 0.21467764675617218,
    "retrieval-precision-top-5": 0.16543211042881012,
    "retrieval-precision-top-10": 0.11296297609806061,
    "retrieval-precision-top-20": 0.07551440596580505,
    "retrieval-precision": 0.008227746933698654,
    "retrieval-recall-top-1": 0.1665986031293869,
    "retrieval-recall-top-3": 0.2874898612499237,
    "retrieval-recall-top-5": 0.3454098403453827,
    "retrieval-recall-top-10": 0.4429066777229309,
    "retrieval-recall-top-20": 0.5605083107948303,
    "retrieval-recall": 1.0,
    "r-precision": 0.2675839960575104
  }
}