{
  "train": null,
  "validation": null,
  "test": {
    "hit-rate-top-1": 0.26967594027519226,
    "hit-rate-top-3": 0.49421295523643494,
    "hit-rate-top-5": 0.5833333134651184,
    "hit-rate-top-10": 0.6990740895271301,
    "hit-rate-top-20": 0.8101851940155029,
    "hit-rate": 1.0,
    "map-top-1": 0.26967594027519226,
    "map-top-3": 0.3645833432674408,
    "map-top-5": 0.3788837790489197,
    "map-top-10": 0.38526731729507446,
    "map-top-20": 0.3787616491317749,
    "map": 0.3471870422363281,
    "mrr-top-1": 0.26967594027519226,
    "mrr-top-3": 0.3667052686214447,
    "mrr-top-5": 0.3875386416912079,
    "mrr-top-10": 0.40345385670661926,
    "mrr-top-20": 0.41115957498550415,
    "mrr": 0.41508737206459045,
    "retrieval-precision-top-1": 0.26967594027519226,
    "retrieval-precision-top-3": 0.2048611044883728,
    "retrieval-precision-top-5": 0.16018520295619965,
    "retrieval-precision-top-10": 0.11064815521240234,
    "retrieval-precision-top-20": 0.07349537312984467,
    "retrieval-precision": 0.0062158796936273575,
    "retrieval-recall-top-1": 0.16984251141548157,
    "retrieval-recall-top-3": 0.35840627551078796,
    "retrieval-recall-top-5": 0.4403078258037567,
    "retrieval-recall-top-10": 0.5504752993583679,
    "retrieval-recall-top-20": 0.6806244850158691,
    "retrieval-recall": 1.0,
    "r-precision": 0.24194829165935516
  }
}