{
  "train": null,
  "validation": null,
  "test": {
    "hit-rate-top-1": 0.34524714946746826,
    "hit-rate-top-3": 0.5216730237007141,
    "hit-rate-top-5": 0.6144486665725708,
    "hit-rate-top-10": 0.7323194146156311,
    "hit-rate-top-20": 0.8311787247657776,
    "hit-rate": 1.0,
    "map-top-1": 0.34524714946746826,
    "map-top-3": 0.42065906524658203,
    "map-top-5": 0.43891531229019165,
    "map-top-10": 0.44426459074020386,
    "map-top-20": 0.4445551931858063,
    "map": 0.4137006998062134,
    "mrr-top-1": 0.34524714946746826,
    "mrr-top-3": 0.42179974913597107,
    "mrr-top-5": 0.4431685507297516,
    "mrr-top-10": 0.4593924880027771,
    "mrr-top-20": 0.4663723111152649,
    "mrr": 0.4701758623123169,
    "retrieval-precision-top-1": 0.34524714946746826,
    "retrieval-precision-top-3": 0.19923952221870422,
    "retrieval-precision-top-5": 0.150570347905159,
    "retrieval-precision-top-10": 0.09984792023897171,
    "retrieval-precision-top-20": 0.06384030729532242,
    "retrieval-precision": 0.005649717990309,
    "retrieval-recall-top-1": 0.26662227511405945,
    "retrieval-recall-top-3": 0.42093923687934875,
    "retrieval-recall-top-5": 0.5027326345443726,
    "retrieval-recall-top-10": 0.6119663715362549,
    "retrieval-recall-top-20": 0.7101398706436157,
    "retrieval-recall": 1.0,
    "r-precision": 0.31895363330841064
  },
  "details": null
}