{
  "train": null,
  "validation": null,
  "test": {
    "hit-rate-top-1": 0.29961976408958435,
    "hit-rate-top-3": 0.450950562953949,
    "hit-rate-top-5": 0.5216730237007141,
    "hit-rate-top-10": 0.6045627593994141,
    "hit-rate-top-20": 0.6897338628768921,
    "hit-rate": 1.0,
    "map-top-1": 0.29961976408958435,
    "map-top-3": 0.3639416992664337,
    "map-top-5": 0.3771113455295563,
    "map-top-10": 0.38248559832572937,
    "map-top-20": 0.3818994164466858,
    "map": 0.36114874482154846,
    "mrr-top-1": 0.29961976408958435,
    "mrr-top-3": 0.3659062385559082,
    "mrr-top-5": 0.38206589221954346,
    "mrr-top-10": 0.3935403823852539,
    "mrr-top-20": 0.39940762519836426,
    "mrr": 0.40532079339027405,
    "retrieval-precision-top-1": 0.29961976408958435,
    "retrieval-precision-top-3": 0.1888466328382492,
    "retrieval-precision-top-5": 0.1447908878326416,
    "retrieval-precision-top-10": 0.09779468178749084,
    "retrieval-precision-top-20": 0.06490493565797806,
    "retrieval-precision": 0.005649717990309,
    "retrieval-recall-top-1": 0.21629944443702698,
    "retrieval-recall-top-3": 0.3557496666908264,
    "retrieval-recall-top-5": 0.421360582113266,
    "retrieval-recall-top-10": 0.5056976079940796,
    "retrieval-recall-top-20": 0.5955683588981628,
    "retrieval-recall": 1.0,
    "r-precision": 0.27985715866088867
  }
}