{
  "train": null,
  "validation": null,
  "test": {
    "hit-rate-top-1": 0.3277566432952881,
    "hit-rate-top-3": 0.48365017771720886,
    "hit-rate-top-5": 0.5520912408828735,
    "hit-rate-top-10": 0.6471483111381531,
    "hit-rate-top-20": 0.7285171151161194,
    "hit-rate": 1.0,
    "map-top-1": 0.3277566432952881,
    "map-top-3": 0.39657795429229736,
    "map-top-5": 0.40926069021224976,
    "map-top-10": 0.41392484307289124,
    "map-top-20": 0.412235289812088,
    "map": 0.38627415895462036,
    "mrr-top-1": 0.3277566432952881,
    "mrr-top-3": 0.3982256054878235,
    "mrr-top-5": 0.4137769043445587,
    "mrr-top-10": 0.4264466464519501,
    "mrr-top-20": 0.4321916103363037,
    "mrr": 0.43703362345695496,
    "retrieval-precision-top-1": 0.3277566432952881,
    "retrieval-precision-top-3": 0.19771863520145416,
    "retrieval-precision-top-5": 0.14813686907291412,
    "retrieval-precision-top-10": 0.10220532864332199,
    "retrieval-precision-top-20": 0.06771863251924515,
    "retrieval-precision": 0.005649717990309,
    "retrieval-recall-top-1": 0.24047298729419708,
    "retrieval-recall-top-3": 0.3835251033306122,
    "retrieval-recall-top-5": 0.438652366399765,
    "retrieval-recall-top-10": 0.5323973894119263,
    "retrieval-recall-top-20": 0.6282767653465271,
    "retrieval-recall": 1.0,
    "r-precision": 0.30436915159225464
  }
}