{
  "spring-data-mongodb-sub-tokens-bm25": {
    "retrieval-precision-top-1": {
      "p-value": 0.37156739307018616,
      "statistic": 0.040619722646861964
    },
    "retrieval-precision-top-5": {
      "p-value": 0.40486283895008146,
      "statistic": 0.03786815016501059
    },
    "retrieval-precision-top-10": {
      "p-value": 0.42145233064210696,
      "statistic": 0.036547761809813596
    },
    "hit-rate-top-5": {
      "p-value": 0.07341278663231118,
      "statistic": 0.08128254913428759
    },
    "hit-rate-top-10": {
      "p-value": 0.14081739280985725,
      "statistic": 0.06690288929003939
    },
    "retrieval-recall-top-1": {
      "p-value": 0.21018243539239137,
      "statistic": 0.05694063693837104
    },
    "retrieval-recall-top-5": {
      "p-value": 0.06463892959959998,
      "statistic": 0.08388374817559202
    },
    "retrieval-recall-top-10": {
      "p-value": 0.033844275905092445,
      "statistic": 0.09627657238054539
    },
    "r-precision": {
      "p-value": 0.4305229396431598,
      "statistic": 0.035838681640299457
    },
    "mrr": {
      "p-value": 0.11427663459472437,
      "statistic": 0.07172905723029521
    }
  },
  "spring-data-mongodb-sub-tokens-lsa-1000": {
    "retrieval-precision-top-1": {
      "p-value": 0.5297966977415647,
      "statistic": 0.02856875877206197
    },
    "retrieval-precision-top-5": {
      "p-value": 0.23128457228489435,
      "statistic": 0.054399449325692954
    },
    "retrieval-precision-top-10": {
      "p-value": 0.29258752690950557,
      "statistic": 0.04783650419082025
    },
    "hit-rate-top-5": {
      "p-value": 0.04846294526061294,
      "statistic": 0.08956076644080957
    },
    "hit-rate-top-10": {
      "p-value": 0.04471705838060199,
      "statistic": 0.09109844446868956
    },
    "retrieval-recall-top-1": {
      "p-value": 0.3100108355841893,
      "statistic": 0.046144667259375896
    },
    "retrieval-recall-top-5": {
      "p-value": 0.021070517524335544,
      "statistic": 0.10461700368801252
    },
    "retrieval-recall-top-10": {
      "p-value": 0.008202309482309862,
      "statistic": 0.11979370425916357
    },
    "r-precision": {
      "p-value": 0.7679878408587741,
      "statistic": 0.013415774572846192
    },
    "mrr": {
      "p-value": 0.09464771471431735,
      "statistic": 0.07590114550175896
    }
  },
  "spring-data-mongodb-sub-tokens-lsa-500": {
    "retrieval-precision-top-1": {
      "p-value": 0.32688656362276736,
      "statistic": 0.04456470433312691
    },
    "retrieval-precision-top-5": {
      "p-value": 0.2700762697193579,
      "statistic": 0.050125590663421316
    },
    "retrieval-precision-top-10": {
      "p-value": 0.26000088309119856,
      "statistic": 0.05119236183299912
    },
    "hit-rate-top-5": {
      "p-value": 0.06274258902998657,
      "statistic": 0.08448376269035807
    },
    "hit-rate-top-10": {
      "p-value": 0.037050879291640824,
      "statistic": 0.09461808503117634
    },
    "retrieval-recall-top-1": {
      "p-value": 0.1730266016462395,
      "statistic": 0.06190632289565717
    },
    "retrieval-recall-top-5": {
      "p-value": 0.02880558286978249,
      "statistic": 0.09917598384675673
    },
    "retrieval-recall-top-10": {
      "p-value": 0.00592030192340844,
      "statistic": 0.12467427743374648
    },
    "r-precision": {
      "p-value": 0.2555457366287801,
      "statistic": 0.051673160379949526
    },
    "mrr": {
      "p-value": 0.048384514869353336,
      "statistic": 0.08959192353337417
    }
  },
  "spring-data-mongodb-sub-tokens-rvsm": {
    "retrieval-precision-top-1": {
      "p-value": 0.006004471589212224,
      "statistic": 0.12446634871488842
    },
    "retrieval-precision-top-5": {
      "p-value": 0.0004059573102240103,
      "statistic": 0.15978412939367065
    },
    "retrieval-precision-top-10": {
      "p-value": 0.02979710450199096,
      "statistic": 0.09857285958899714
    },
    "hit-rate-top-5": {
      "p-value": 3.808741250703672e-06,
      "statistic": 0.20787887387432993
    },
    "hit-rate-top-10": {
      "p-value": 0.0011075990992189734,
      "statistic": 0.14752174448607241
    },
    "retrieval-recall-top-1": {
      "p-value": 0.002063341269772385,
      "statistic": 0.13943098826115566
    },
    "retrieval-recall-top-5": {
      "p-value": 2.0458749868872305e-06,
      "statistic": 0.21347343503565624
    },
    "retrieval-recall-top-10": {
      "p-value": 7.198189990232627e-05,
      "statistic": 0.17907005999901518
    },
    "r-precision": {
      "p-value": 0.019131824094163783,
      "statistic": 0.10625108462645387
    },
    "mrr": {
      "p-value": 1.6924792804469764e-05,
      "statistic": 0.19378968932397142
    }
  },
  "spring-data-mongodb-sub-tokens-tfidf": {
    "retrieval-precision-top-1": {
      "p-value": 0.3126664821464511,
      "statistic": 0.045892367814695294
    },
    "retrieval-precision-top-5": {
      "p-value": 0.23416785870145854,
      "statistic": 0.05406522539077954
    },
    "retrieval-precision-top-10": {
      "p-value": 0.27093560047646875,
      "statistic": 0.05003587675470228
    },
    "hit-rate-top-5": {
      "p-value": 0.0661091204477373,
      "statistic": 0.08342845882846234
    },
    "hit-rate-top-10": {
      "p-value": 0.028567913739428304,
      "statistic": 0.0993231966137407
    },
    "retrieval-recall-top-1": {
      "p-value": 0.14342822904584707,
      "statistic": 0.06646726522042072
    },
    "retrieval-recall-top-5": {
      "p-value": 0.02427141824730026,
      "statistic": 0.10218484150200291
    },
    "retrieval-recall-top-10": {
      "p-value": 0.005628643812697443,
      "statistic": 0.12541593579106475
    },
    "r-precision": {
      "p-value": 0.5125455880040863,
      "statistic": 0.029776007843943075
    },
    "mrr": {
      "p-value": 0.06237599381797999,
      "statistic": 0.0846014751531235
    }
  }
}