{
  "tika-sub-tokens-bm25": {
    "retrieval-precision-top-1": {
      "p-value": 9.771034172407432e-06,
      "statistic": 0.14045309772047931
    },
    "retrieval-precision-top-5": {
      "p-value": 0.014096147766569294,
      "statistic": 0.07823575860326538
    },
    "retrieval-precision-top-10": {
      "p-value": 0.16745272956378113,
      "statistic": 0.04404128898540927
    },
    "hit-rate-top-5": {
      "p-value": 9.473425455070734e-06,
      "statistic": 0.14066304738716937
    },
    "hit-rate-top-10": {
      "p-value": 1.192639134015926e-07,
      "statistic": 0.16780146712026545
    },
    "retrieval-recall-top-1": {
      "p-value": 1.4542979261600377e-08,
      "statistic": 0.17941347276758743
    },
    "retrieval-recall-top-5": {
      "p-value": 1.856521385226938e-12,
      "statistic": 0.2220545120439214
    },
    "retrieval-recall-top-10": {
      "p-value": 4.621414365561055e-13,
      "statistic": 0.22792192126014224
    },
    "r-precision": {
      "p-value": 2.1026721170520723e-05,
      "statistic": 0.1351521631722472
    },
    "mrr": {
      "p-value": 7.78350996481673e-09,
      "statistic": 0.18271987208483984
    }
  },
  "tika-sub-tokens-lsa-1000": {
    "retrieval-precision-top-1": {
      "p-value": 0.0007383749180069747,
      "statistic": 0.10741360197819118
    },
    "retrieval-precision-top-5": {
      "p-value": 0.0004607663712009828,
      "statistic": 0.11145196514093182
    },
    "retrieval-precision-top-10": {
      "p-value": 0.021229843658538174,
      "statistic": 0.07343890337451246
    },
    "hit-rate-top-5": {
      "p-value": 1.1066039798636489e-07,
      "statistic": 0.16822841624440157
    },
    "hit-rate-top-10": {
      "p-value": 1.4873452608800793e-06,
      "statistic": 0.1527237637663616
    },
    "retrieval-recall-top-1": {
      "p-value": 9.145512428896827e-06,
      "statistic": 0.14090178814900053
    },
    "retrieval-recall-top-5": {
      "p-value": 5.2810256472996937e-14,
      "statistic": 0.23676336596436232
    },
    "retrieval-recall-top-10": {
      "p-value": 7.896829980167765e-14,
      "statistic": 0.23515055873146617
    },
    "r-precision": {
      "p-value": 0.0008680099971725144,
      "statistic": 0.10599665436438939
    },
    "mrr": {
      "p-value": 2.733707665869044e-08,
      "statistic": 0.1760114296809746
    }
  },
  "tika-sub-tokens-lsa-500": {
    "retrieval-precision-top-1": {
      "p-value": 0.0002810455730302563,
      "statistic": 0.11554825080407319
    },
    "retrieval-precision-top-5": {
      "p-value": 0.00030895131670000597,
      "statistic": 0.11477416049026067
    },
    "retrieval-precision-top-10": {
      "p-value": 0.010656055253620665,
      "statistic": 0.08137990975598518
    },
    "hit-rate-top-5": {
      "p-value": 6.323869807781319e-08,
      "statistic": 0.17138555590304425
    },
    "hit-rate-top-10": {
      "p-value": 7.401507360063717e-07,
      "statistic": 0.1570363168912513
    },
    "retrieval-recall-top-1": {
      "p-value": 4.18741469659875e-06,
      "statistic": 0.14609969390702207
    },
    "retrieval-recall-top-5": {
      "p-value": 2.810838746801339e-13,
      "statistic": 0.2299809649410375
    },
    "retrieval-recall-top-10": {
      "p-value": 6.3337875890104524e-15,
      "statistic": 0.24507433866710102
    },
    "r-precision": {
      "p-value": 0.000832125412729614,
      "statistic": 0.10636813013663425
    },
    "mrr": {
      "p-value": 2.2299191283661783e-08,
      "statistic": 0.17711661429049957
    }
  },
  "tika-sub-tokens-rvsm": {
    "retrieval-precision-top-1": {
      "p-value": 7.230544499027664e-06,
      "statistic": 0.14248427223996077
    },
    "retrieval-precision-top-5": {
      "p-value": 0.0015713179183979068,
      "statistic": 0.10064665572075109
    },
    "retrieval-precision-top-10": {
      "p-value": 0.03952051973272645,
      "statistic": 0.06564242171511912
    },
    "hit-rate-top-5": {
      "p-value": 3.839222130813807e-08,
      "statistic": 0.17415309780868993
    },
    "hit-rate-top-10": {
      "p-value": 1.220967521983e-07,
      "statistic": 0.16766738205684847
    },
    "retrieval-recall-top-1": {
      "p-value": 9.213739743914174e-09,
      "statistic": 0.1818336187541419
    },
    "retrieval-recall-top-5": {
      "p-value": 1.1942629649626798e-14,
      "statistic": 0.24262154501222444
    },
    "retrieval-recall-top-10": {
      "p-value": 5.890870358824525e-15,
      "statistic": 0.24535299768863827
    },
    "r-precision": {
      "p-value": 9.431470175266633e-06,
      "statistic": 0.14069314964194776
    },
    "mrr": {
      "p-value": 1.8397967317640045e-11,
      "statistic": 0.21199903593253813
    }
  },
  "tika-sub-tokens-tfidf": {
    "retrieval-precision-top-1": {
      "p-value": 0.0005400945921597664,
      "statistic": 0.11010647992997365
    },
    "retrieval-precision-top-5": {
      "p-value": 0.0010425375018247608,
      "statistic": 0.10437103448399047
    },
    "retrieval-precision-top-10": {
      "p-value": 0.01674786823848904,
      "statistic": 0.07624632376038515
    },
    "hit-rate-top-5": {
      "p-value": 8.433735605708176e-07,
      "statistic": 0.15623842050068373
    },
    "hit-rate-top-10": {
      "p-value": 2.122088153902331e-06,
      "statistic": 0.15048124185359799
    },
    "retrieval-recall-top-1": {
      "p-value": 9.424297270237384e-06,
      "statistic": 0.14069830887073392
    },
    "retrieval-recall-top-5": {
      "p-value": 5.7648402183540445e-12,
      "statistic": 0.2171484890652503
    },
    "retrieval-recall-top-10": {
      "p-value": 2.1574685910243426e-13,
      "statistic": 0.2310684477820069
    },
    "r-precision": {
      "p-value": 0.0007415464721777106,
      "statistic": 0.10737627131843246
    },
    "mrr": {
      "p-value": 6.003694731542781e-08,
      "statistic": 0.1716757638956269
    }
  }
}