{
  "train": null,
  "validation": null,
  "test": {
    "hit-rate-top-1": 0.39772728085517883,
    "hit-rate-top-3": 0.5743801593780518,
    "hit-rate-top-5": 0.6570248007774353,
    "hit-rate-top-10": 0.75,
    "hit-rate-top-20": 0.8099173307418823,
    "hit-rate": 1.0,
    "map-top-1": 0.39772728085517883,
    "map-top-3": 0.4714187681674957,
    "map-top-5": 0.4811352491378784,
    "map-top-10": 0.4702267050743103,
    "map-top-20": 0.4467715919017792,
    "map": 0.384765625,
    "mrr-top-1": 0.39772728085517883,
    "mrr-top-3": 0.47589531540870667,
    "mrr-top-5": 0.49454203248023987,
    "mrr-top-10": 0.5071321725845337,
    "mrr-top-20": 0.5112837553024292,
    "mrr": 0.5148055553436279,
    "retrieval-precision-top-1": 0.39772728085517883,
    "retrieval-precision-top-3": 0.25757575035095215,
    "retrieval-precision-top-5": 0.20268596708774567,
    "retrieval-precision-top-10": 0.1454545259475708,
    "retrieval-precision-top-20": 0.10098140686750412,
    "retrieval-precision": 0.015301467850804329,
    "retrieval-recall-top-1": 0.2039637565612793,
    "retrieval-recall-top-3": 0.34084439277648926,
    "retrieval-recall-top-5": 0.41133663058280945,
    "retrieval-recall-top-10": 0.5114638209342957,
    "retrieval-recall-top-20": 0.6103299260139465,
    "retrieval-recall": 1.0,
    "r-precision": 0.3159083127975464
  }
}