{
  "train": null,
  "validation": null,
  "test": {
    "hit-rate-top-1": 0.4382716119289398,
    "hit-rate-top-3": 0.6193415522575378,
    "hit-rate-top-5": 0.7201645970344543,
    "hit-rate-top-10": 0.8230452537536621,
    "hit-rate-top-20": 0.8930041193962097,
    "hit-rate": 1.0,
    "map-top-1": 0.4382716119289398,
    "map-top-3": 0.5133745074272156,
    "map-top-5": 0.5195758938789368,
    "map-top-10": 0.49394017457962036,
    "map-top-20": 0.46726468205451965,
    "map": 0.3937843441963196,
    "mrr-top-1": 0.4382716119289398,
    "mrr-top-3": 0.5198902487754822,
    "mrr-top-5": 0.5428326725959778,
    "mrr-top-10": 0.5562635064125061,
    "mrr-top-20": 0.5614054203033447,
    "mrr": 0.5632692575454712,
    "retrieval-precision-top-1": 0.4382716119289398,
    "retrieval-precision-top-3": 0.26817557215690613,
    "retrieval-precision-top-5": 0.21028807759284973,
    "retrieval-precision-top-10": 0.1442386955022812,
    "retrieval-precision-top-20": 0.09238683432340622,
    "retrieval-precision": 0.008227746933698654,
    "retrieval-recall-top-1": 0.20474809408187866,
    "retrieval-recall-top-3": 0.34969350695610046,
    "retrieval-recall-top-5": 0.4410761594772339,
    "retrieval-recall-top-10": 0.5783101320266724,
    "retrieval-recall-top-20": 0.6875356435775757,
    "retrieval-recall": 1.0,
    "r-precision": 0.31634488701820374
  },
  "details": null
}