{
  "train": null,
  "validation": null,
  "test": {
    "hit-rate-top-1": 0.30671295523643494,
    "hit-rate-top-3": 0.46643519401550293,
    "hit-rate-top-5": 0.5335648059844971,
    "hit-rate-top-10": 0.6481481194496155,
    "hit-rate-top-20": 0.7777777910232544,
    "hit-rate": 1.0,
    "map-top-1": 0.30671295523643494,
    "map-top-3": 0.3735532760620117,
    "map-top-5": 0.38118571043014526,
    "map-top-10": 0.3872039020061493,
    "map-top-20": 0.3814229965209961,
    "map": 0.3493996858596802,
    "mrr-top-1": 0.30671295523643494,
    "mrr-top-3": 0.3757716417312622,
    "mrr-top-5": 0.3911072909832001,
    "mrr-top-10": 0.40631982684135437,
    "mrr-top-20": 0.4153048098087311,
    "mrr": 0.4203607738018036,
    "retrieval-precision-top-1": 0.30671295523643494,
    "retrieval-precision-top-3": 0.2052469253540039,
    "retrieval-precision-top-5": 0.15787039697170258,
    "retrieval-precision-top-10": 0.10821760445833206,
    "retrieval-precision-top-20": 0.07337962836027145,
    "retrieval-precision": 0.0062158796936273575,
    "retrieval-recall-top-1": 0.1886754035949707,
    "retrieval-recall-top-3": 0.32997462153434753,
    "retrieval-recall-top-5": 0.40532761812210083,
    "retrieval-recall-top-10": 0.5188191533088684,
    "retrieval-recall-top-20": 0.6538756489753723,
    "retrieval-recall": 1.0,
    "r-precision": 0.2631411850452423
  }
}