{
  "train": null,
  "validation": null,
  "test": {
    "hit-rate-top-1": 0.14705882966518402,
    "hit-rate-top-3": 0.25070029497146606,
    "hit-rate-top-5": 0.2927170991897583,
    "hit-rate-top-10": 0.3837535083293915,
    "hit-rate-top-20": 0.47478991746902466,
    "hit-rate": 1.0,
    "map-top-1": 0.14705882966518402,
    "map-top-3": 0.1887255162000656,
    "map-top-5": 0.19659002125263214,
    "map-top-10": 0.20339208841323853,
    "map-top-20": 0.20631591975688934,
    "map": 0.1692655235528946,
    "mrr-top-1": 0.14705882966518402,
    "mrr-top-3": 0.18977591395378113,
    "mrr-top-5": 0.19936972856521606,
    "mrr-top-10": 0.21136119961738586,
    "mrr-top-20": 0.21777142584323883,
    "mrr": 0.2241794764995575,
    "retrieval-precision-top-1": 0.14705882966518402,
    "retrieval-precision-top-3": 0.09570494294166565,
    "retrieval-precision-top-5": 0.0708683431148529,
    "retrieval-precision-top-10": 0.054621849209070206,
    "retrieval-precision-top-20": 0.038935571908950806,
    "retrieval-precision": 0.0007367201033048332,
    "retrieval-recall-top-1": 0.09565166383981705,
    "retrieval-recall-top-3": 0.1627480536699295,
    "retrieval-recall-top-5": 0.19120801985263824,
    "retrieval-recall-top-10": 0.25971367955207825,
    "retrieval-recall-top-20": 0.3383556008338928,
    "retrieval-recall": 1.0,
    "r-precision": 0.12685526907444
  }
}