{
  "train": null,
  "validation": null,
  "test": {
    "hit-rate-top-1": 0.38429751992225647,
    "hit-rate-top-3": 0.5785123705863953,
    "hit-rate-top-5": 0.6549586653709412,
    "hit-rate-top-10": 0.7520661354064941,
    "hit-rate-top-20": 0.8264462947845459,
    "hit-rate": 1.0,
    "map-top-1": 0.38429751992225647,
    "map-top-3": 0.46272385120391846,
    "map-top-5": 0.47135990858078003,
    "map-top-10": 0.46606284379959106,
    "map-top-20": 0.44629228115081787,
    "map": 0.39297372102737427,
    "mrr-top-1": 0.38429751992225647,
    "mrr-top-3": 0.46745866537094116,
    "mrr-top-5": 0.4846590757369995,
    "mrr-top-10": 0.4980224370956421,
    "mrr-top-20": 0.5033428072929382,
    "mrr": 0.5066438913345337,
    "retrieval-precision-top-1": 0.38429751992225647,
    "retrieval-precision-top-3": 0.2710054814815521,
    "retrieval-precision-top-5": 0.21694216132164001,
    "retrieval-precision-top-10": 0.15382231771945953,
    "retrieval-precision-top-20": 0.10630164295434952,
    "retrieval-precision": 0.015301467850804329,
    "retrieval-recall-top-1": 0.19484487175941467,
    "retrieval-recall-top-3": 0.34960034489631653,
    "retrieval-recall-top-5": 0.4243154525756836,
    "retrieval-recall-top-10": 0.5268383026123047,
    "retrieval-recall-top-20": 0.6326291561126709,
    "retrieval-recall": 1.0,
    "r-precision": 0.3174813985824585
  }
}