{
  "train": null,
  "validation": null,
  "test": {
    "hit-rate-top-1": 0.3399239480495453,
    "hit-rate-top-3": 0.5338402986526489,
    "hit-rate-top-5": 0.6197718381881714,
    "hit-rate-top-10": 0.7376425862312317,
    "hit-rate-top-20": 0.8365018963813782,
    "hit-rate": 1.0,
    "map-top-1": 0.3399239480495453,
    "map-top-3": 0.42408111691474915,
    "map-top-5": 0.43933671712875366,
    "map-top-10": 0.4481998085975647,
    "map-top-20": 0.44276508688926697,
    "map": 0.410366415977478,
    "mrr-top-1": 0.3399239480495453,
    "mrr-top-3": 0.4250950515270233,
    "mrr-top-5": 0.44486692547798157,
    "mrr-top-10": 0.4606451690196991,
    "mrr-top-20": 0.4676406979560852,
    "mrr": 0.47154247760772705,
    "retrieval-precision-top-1": 0.3399239480495453,
    "retrieval-precision-top-3": 0.2002534717321396,
    "retrieval-precision-top-5": 0.14920152723789215,
    "retrieval-precision-top-10": 0.096577949821949,
    "retrieval-precision-top-20": 0.06262357532978058,
    "retrieval-precision": 0.005649717990309,
    "retrieval-recall-top-1": 0.26091623306274414,
    "retrieval-recall-top-3": 0.424597829580307,
    "retrieval-recall-top-5": 0.504712700843811,
    "retrieval-recall-top-10": 0.6085408329963684,
    "retrieval-recall-top-20": 0.710282564163208,
    "retrieval-recall": 1.0,
    "r-precision": 0.31286320090293884
  },
  "details": null
}