{
  "train": null,
  "validation": null,
  "test": {
    "hit-rate-top-1": 0.12044817954301834,
    "hit-rate-top-3": 0.22268907725811005,
    "hit-rate-top-5": 0.28151261806488037,
    "hit-rate-top-10": 0.3711484670639038,
    "hit-rate-top-20": 0.46778711676597595,
    "hit-rate": 1.0,
    "map-top-1": 0.12044817954301834,
    "map-top-3": 0.16304855048656464,
    "map-top-5": 0.17394374310970306,
    "map-top-10": 0.18167029321193695,
    "map-top-20": 0.18133245408535004,
    "map": 0.1485418677330017,
    "mrr-top-1": 0.12044817954301834,
    "mrr-top-3": 0.16386555135250092,
    "mrr-top-5": 0.17703083157539368,
    "mrr-top-10": 0.18869826197624207,
    "mrr-top-20": 0.1954629272222519,
    "mrr": 0.20201942324638367,
    "retrieval-precision-top-1": 0.12044817954301834,
    "retrieval-precision-top-3": 0.08590102940797806,
    "retrieval-precision-top-5": 0.07170868664979935,
    "retrieval-precision-top-10": 0.05350140109658241,
    "retrieval-precision-top-20": 0.039425771683454514,
    "retrieval-precision": 0.0007367201033048332,
    "retrieval-recall-top-1": 0.0712190791964531,
    "retrieval-recall-top-3": 0.13712826371192932,
    "retrieval-recall-top-5": 0.17862653732299805,
    "retrieval-recall-top-10": 0.24583956599235535,
    "retrieval-recall-top-20": 0.3213164508342743,
    "retrieval-recall": 1.0,
    "r-precision": 0.10364186018705368
  }
}