{
  "train": null,
  "validation": null,
  "test": {
    "hit-rate-top-1": 0.0882352963089943,
    "hit-rate-top-3": 0.1498599499464035,
    "hit-rate-top-5": 0.19887955486774445,
    "hit-rate-top-10": 0.2717086970806122,
    "hit-rate-top-20": 0.3683473467826843,
    "hit-rate": 1.0,
    "map-top-1": 0.0882352963089943,
    "map-top-3": 0.11274510622024536,
    "map-top-5": 0.12251011282205582,
    "map-top-10": 0.12880119681358337,
    "map-top-20": 0.1328551173210144,
    "map": 0.10880939662456512,
    "mrr-top-1": 0.0882352963089943,
    "mrr-top-3": 0.11367881298065186,
    "mrr-top-5": 0.12502335011959076,
    "mrr-top-10": 0.13445043563842773,
    "mrr-top-20": 0.14150682091712952,
    "mrr": 0.14869476854801178,
    "retrieval-precision-top-1": 0.0882352963089943,
    "retrieval-precision-top-3": 0.05882352963089943,
    "retrieval-precision-top-5": 0.05238095298409462,
    "retrieval-precision-top-10": 0.040616247802972794,
    "retrieval-precision-top-20": 0.030742298811674118,
    "retrieval-precision": 0.0007367201033048332,
    "retrieval-recall-top-1": 0.04947173595428467,
    "retrieval-recall-top-3": 0.08771564811468124,
    "retrieval-recall-top-5": 0.12214567512273788,
    "retrieval-recall-top-10": 0.1753585934638977,
    "retrieval-recall-top-20": 0.25038135051727295,
    "retrieval-recall": 1.0,
    "r-precision": 0.07459992915391922
  },
  "details": null
}