{
  "train": null,
  "validation": null,
  "test": {
    "hit-rate-top-1": 0.2576312720775604,
    "hit-rate-top-3": 0.4126984179019928,
    "hit-rate-top-5": 0.4871794879436493,
    "hit-rate-top-10": 0.6068376302719116,
    "hit-rate-top-20": 0.6971917152404785,
    "hit-rate": 1.0,
    "map-top-1": 0.2576312720775604,
    "map-top-3": 0.32397234439849854,
    "map-top-5": 0.3371065557003021,
    "map-top-10": 0.3435749411582947,
    "map-top-20": 0.33691778779029846,
    "map": 0.3035648465156555,
    "mrr-top-1": 0.2576312720775604,
    "mrr-top-3": 0.3272283375263214,
    "mrr-top-5": 0.34377288818359375,
    "mrr-top-10": 0.35987022519111633,
    "mrr-top-20": 0.36602574586868286,
    "mrr": 0.3716477155685425,
    "retrieval-precision-top-1": 0.2576312720775604,
    "retrieval-precision-top-3": 0.1766381859779358,
    "retrieval-precision-top-5": 0.13772894442081451,
    "retrieval-precision-top-10": 0.09780220687389374,
    "retrieval-precision-top-20": 0.06483516097068787,
    "retrieval-precision": 0.005885621532797813,
    "retrieval-recall-top-1": 0.16035884618759155,
    "retrieval-recall-top-3": 0.2868589460849762,
    "retrieval-recall-top-5": 0.35553181171417236,
    "retrieval-recall-top-10": 0.4571808874607086,
    "retrieval-recall-top-20": 0.5523939728736877,
    "retrieval-recall": 1.0,
    "r-precision": 0.23097187280654907
  }
}