{
  "train": null,
  "validation": null,
  "test": {
    "hit-rate-top-1": 0.28125,
    "hit-rate-top-3": 0.47106480598449707,
    "hit-rate-top-5": 0.5671296119689941,
    "hit-rate-top-10": 0.6956018805503845,
    "hit-rate-top-20": 0.8182870149612427,
    "hit-rate": 1.0,
    "map-top-1": 0.28125,
    "map-top-3": 0.36005017161369324,
    "map-top-5": 0.3765544891357422,
    "map-top-10": 0.3809797763824463,
    "map-top-20": 0.3777303695678711,
    "map": 0.35599270462989807,
    "mrr-top-1": 0.28125,
    "mrr-top-3": 0.36342597007751465,
    "mrr-top-5": 0.38512730598449707,
    "mrr-top-10": 0.4022583067417145,
    "mrr-top-20": 0.4109993577003479,
    "mrr": 0.41514962911605835,
    "retrieval-precision-top-1": 0.28125,
    "retrieval-precision-top-3": 0.20563268661499023,
    "retrieval-precision-top-5": 0.16527779400348663,
    "retrieval-precision-top-10": 0.11712964624166489,
    "retrieval-precision-top-20": 0.08084491640329361,
    "retrieval-precision": 0.0062158796936273575,
    "retrieval-recall-top-1": 0.17123864591121674,
    "retrieval-recall-top-3": 0.33875352144241333,
    "retrieval-recall-top-5": 0.431383341550827,
    "retrieval-recall-top-10": 0.568335771560669,
    "retrieval-recall-top-20": 0.7111281752586365,
    "retrieval-recall": 1.0,
    "r-precision": 0.2518986761569977
  }
}