{
  "train": null,
  "validation": null,
  "test": {
    "hit-rate-top-1": 0.28815630078315735,
    "hit-rate-top-3": 0.4224664270877838,
    "hit-rate-top-5": 0.48962149024009705,
    "hit-rate-top-10": 0.5848596096038818,
    "hit-rate-top-20": 0.6874237060546875,
    "hit-rate": 1.0,
    "map-top-1": 0.28815630078315735,
    "map-top-3": 0.3443223536014557,
    "map-top-5": 0.3559863269329071,
    "map-top-10": 0.3601530194282532,
    "map-top-20": 0.35307708382606506,
    "map": 0.3097301721572876,
    "mrr-top-1": 0.28815630078315735,
    "mrr-top-3": 0.34778186678886414,
    "mrr-top-5": 0.3632274866104126,
    "mrr-top-10": 0.37562164664268494,
    "mrr-top-20": 0.3829496502876282,
    "mrr": 0.3887835741043091,
    "retrieval-precision-top-1": 0.28815630078315735,
    "retrieval-precision-top-3": 0.17094017565250397,
    "retrieval-precision-top-5": 0.1279609352350235,
    "retrieval-precision-top-10": 0.08510378748178482,
    "retrieval-precision-top-20": 0.05811966583132744,
    "retrieval-precision": 0.005885621532797813,
    "retrieval-recall-top-1": 0.1885545551776886,
    "retrieval-recall-top-3": 0.29886436462402344,
    "retrieval-recall-top-5": 0.3521772623062134,
    "retrieval-recall-top-10": 0.4298623204231262,
    "retrieval-recall-top-20": 0.5239005088806152,
    "retrieval-recall": 1.0,
    "r-precision": 0.2437061369419098
  }
}