{
  "train": null,
  "validation": null,
  "test": {
    "hit-rate-top-1": 0.3399239480495453,
    "hit-rate-top-3": 0.493536114692688,
    "hit-rate-top-5": 0.5634980797767639,
    "hit-rate-top-10": 0.6532319188117981,
    "hit-rate-top-20": 0.7406843900680542,
    "hit-rate": 1.0,
    "map-top-1": 0.3399239480495453,
    "map-top-3": 0.40621042251586914,
    "map-top-5": 0.42014259099960327,
    "map-top-10": 0.42352259159088135,
    "map-top-20": 0.4223611354827881,
    "map": 0.3974383473396301,
    "mrr-top-1": 0.3399239480495453,
    "mrr-top-3": 0.40849173069000244,
    "mrr-top-5": 0.42438527941703796,
    "mrr-top-10": 0.4365571439266205,
    "mrr-top-20": 0.4426547884941101,
    "mrr": 0.4474097490310669,
    "retrieval-precision-top-1": 0.3399239480495453,
    "retrieval-precision-top-3": 0.20532318949699402,
    "retrieval-precision-top-5": 0.1537642627954483,
    "retrieval-precision-top-10": 0.10456273704767227,
    "retrieval-precision-top-20": 0.0691254734992981,
    "retrieval-precision": 0.005649717990309,
    "retrieval-recall-top-1": 0.25019416213035583,
    "retrieval-recall-top-3": 0.391714870929718,
    "retrieval-recall-top-5": 0.45158204436302185,
    "retrieval-recall-top-10": 0.5425199866294861,
    "retrieval-recall-top-20": 0.6420817971229553,
    "retrieval-recall": 1.0,
    "r-precision": 0.3175660967826843
  }
}