{
  "train": null,
  "validation": null,
  "test": {
    "hit-rate-top-1": 0.38645419478416443,
    "hit-rate-top-3": 0.6055777072906494,
    "hit-rate-top-5": 0.6942231059074402,
    "hit-rate-top-10": 0.7838645577430725,
    "hit-rate-top-20": 0.8665338754653931,
    "hit-rate": 1.0,
    "map-top-1": 0.38645419478416443,
    "map-top-3": 0.47841963171958923,
    "map-top-5": 0.4896925985813141,
    "map-top-10": 0.48408395051956177,
    "map-top-20": 0.47166916728019714,
    "map": 0.4235031306743622,
    "mrr-top-1": 0.38645419478416443,
    "mrr-top-3": 0.48339974880218506,
    "mrr-top-5": 0.5037184357643127,
    "mrr-top-10": 0.5157658457756042,
    "mrr-top-20": 0.5218518376350403,
    "mrr": 0.52490234375,
    "retrieval-precision-top-1": 0.38645419478416443,
    "retrieval-precision-top-3": 0.25232401490211487,
    "retrieval-precision-top-5": 0.19422313570976257,
    "retrieval-precision-top-10": 0.1292828768491745,
    "retrieval-precision-top-20": 0.08271912485361099,
    "retrieval-precision": 0.01422689575701952,
    "retrieval-recall-top-1": 0.23543214797973633,
    "retrieval-recall-top-3": 0.41104090213775635,
    "retrieval-recall-top-5": 0.5018582940101624,
    "retrieval-recall-top-10": 0.6151682734489441,
    "retrieval-recall-top-20": 0.7184361815452576,
    "retrieval-recall": 1.0,
    "r-precision": 0.33109810948371887
  },
  "details": null
}