{
  "train": null,
  "validation": null,
  "test": {
    "hit-rate-top-1": 0.08263305574655533,
    "hit-rate-top-3": 0.16106443107128143,
    "hit-rate-top-5": 0.2212885171175003,
    "hit-rate-top-10": 0.30812326073646545,
    "hit-rate-top-20": 0.3949579894542694,
    "hit-rate": 1.0,
    "map-top-1": 0.08263305574655533,
    "map-top-3": 0.11589635908603668,
    "map-top-5": 0.1275404691696167,
    "map-top-10": 0.13655775785446167,
    "map-top-20": 0.1382901668548584,
    "map": 0.11472143232822418,
    "mrr-top-1": 0.08263305574655533,
    "mrr-top-3": 0.11554621905088425,
    "mrr-top-5": 0.12920168042182922,
    "mrr-top-10": 0.14121927320957184,
    "mrr-top-20": 0.1476079672574997,
    "mrr": 0.15556949377059937,
    "retrieval-precision-top-1": 0.08263305574655533,
    "retrieval-precision-top-3": 0.06489261984825134,
    "retrieval-precision-top-5": 0.05798320099711418,
    "retrieval-precision-top-10": 0.046078432351350784,
    "retrieval-precision-top-20": 0.03452381119132042,
    "retrieval-precision": 0.0007367201033048332,
    "retrieval-recall-top-1": 0.04569515213370323,
    "retrieval-recall-top-3": 0.09271390736103058,
    "retrieval-recall-top-5": 0.1355859637260437,
    "retrieval-recall-top-10": 0.195942685008049,
    "retrieval-recall-top-20": 0.26379814743995667,
    "retrieval-recall": 1.0,
    "r-precision": 0.07672426104545593
  }
}