{
  "train": null,
  "validation": null,
  "test": {
    "hit-rate-top-1": 0.23931623995304108,
    "hit-rate-top-3": 0.4017094075679779,
    "hit-rate-top-5": 0.4908424913883209,
    "hit-rate-top-10": 0.6349206566810608,
    "hit-rate-top-20": 0.761904776096344,
    "hit-rate": 1.0,
    "map-top-1": 0.23931623995304108,
    "map-top-3": 0.3076923191547394,
    "map-top-5": 0.322329044342041,
    "map-top-10": 0.3312050700187683,
    "map-top-20": 0.3278457522392273,
    "map": 0.28153249621391296,
    "mrr-top-1": 0.23931623995304108,
    "mrr-top-3": 0.3103378117084503,
    "mrr-top-5": 0.33078959584236145,
    "mrr-top-10": 0.35034501552581787,
    "mrr-top-20": 0.35926687717437744,
    "mrr": 0.3639811873435974,
    "retrieval-precision-top-1": 0.23931623995304108,
    "retrieval-precision-top-3": 0.15547415614128113,
    "retrieval-precision-top-5": 0.1260073333978653,
    "retrieval-precision-top-10": 0.0912087932229042,
    "retrieval-precision-top-20": 0.06288156658411026,
    "retrieval-precision": 0.005885621532797813,
    "retrieval-recall-top-1": 0.1471562683582306,
    "retrieval-recall-top-3": 0.2727918326854706,
    "retrieval-recall-top-5": 0.34548017382621765,
    "retrieval-recall-top-10": 0.45131760835647583,
    "retrieval-recall-top-20": 0.5687779188156128,
    "retrieval-recall": 1.0,
    "r-precision": 0.20085284113883972
  },
  "details": null
}