{
  "train": null,
  "validation": null,
  "test": {
    "hit-rate-top-1": 0.38429751992225647,
    "hit-rate-top-3": 0.56611567735672,
    "hit-rate-top-5": 0.6497933864593506,
    "hit-rate-top-10": 0.7541322112083435,
    "hit-rate-top-20": 0.8264462947845459,
    "hit-rate": 1.0,
    "map-top-1": 0.38429751992225647,
    "map-top-3": 0.4583333432674408,
    "map-top-5": 0.4682779312133789,
    "map-top-10": 0.4590088725090027,
    "map-top-20": 0.4429931342601776,
    "map": 0.3905683159828186,
    "mrr-top-1": 0.38429751992225647,
    "mrr-top-3": 0.46332648396492004,
    "mrr-top-5": 0.4820764660835266,
    "mrr-top-10": 0.49632319808006287,
    "mrr-top-20": 0.5012946724891663,
    "mrr": 0.5046176910400391,
    "retrieval-precision-top-1": 0.38429751992225647,
    "retrieval-precision-top-3": 0.2703167796134949,
    "retrieval-precision-top-5": 0.2140495926141739,
    "retrieval-precision-top-10": 0.15464873611927032,
    "retrieval-precision-top-20": 0.10583677887916565,
    "retrieval-precision": 0.015301467850804329,
    "retrieval-recall-top-1": 0.19179701805114746,
    "retrieval-recall-top-3": 0.33983466029167175,
    "retrieval-recall-top-5": 0.41839128732681274,
    "retrieval-recall-top-10": 0.5308986902236938,
    "retrieval-recall-top-20": 0.6313912868499756,
    "retrieval-recall": 1.0,
    "r-precision": 0.3160799741744995
  }
}