{
  "train": null,
  "validation": null,
  "test": {
    "hit-rate-top-1": 0.35596707463264465,
    "hit-rate-top-3": 0.5288065671920776,
    "hit-rate-top-5": 0.5946502089500427,
    "hit-rate-top-10": 0.7263374328613281,
    "hit-rate-top-20": 0.8395061492919922,
    "hit-rate": 1.0,
    "map-top-1": 0.35596707463264465,
    "map-top-3": 0.42541155219078064,
    "map-top-5": 0.4238226115703583,
    "map-top-10": 0.41887056827545166,
    "map-top-20": 0.41140061616897583,
    "map": 0.3658808767795563,
    "mrr-top-1": 0.35596707463264465,
    "mrr-top-3": 0.4296981990337372,
    "mrr-top-5": 0.44513025879859924,
    "mrr-top-10": 0.46239709854125977,
    "mrr-top-20": 0.47019657492637634,
    "mrr": 0.4743742048740387,
    "retrieval-precision-top-1": 0.35596707463264465,
    "retrieval-precision-top-3": 0.24759945273399353,
    "retrieval-precision-top-5": 0.19341565668582916,
    "retrieval-precision-top-10": 0.13539095222949982,
    "retrieval-precision-top-20": 0.08631686866283417,
    "retrieval-precision": 0.008227746933698654,
    "retrieval-recall-top-1": 0.16528008878231049,
    "retrieval-recall-top-3": 0.3148729205131531,
    "retrieval-recall-top-5": 0.40058067440986633,
    "retrieval-recall-top-10": 0.5318652391433716,
    "retrieval-recall-top-20": 0.6543931365013123,
    "retrieval-recall": 1.0,
    "r-precision": 0.28997406363487244
  }
}