{
  "train": null,
  "validation": null,
  "test": {
    "hit-rate-top-1": 0.08543417602777481,
    "hit-rate-top-3": 0.1806722730398178,
    "hit-rate-top-5": 0.24929971992969513,
    "hit-rate-top-10": 0.36974790692329407,
    "hit-rate-top-20": 0.48739495873451233,
    "hit-rate": 1.0,
    "map-top-1": 0.08543417602777481,
    "map-top-3": 0.1250000149011612,
    "map-top-5": 0.1389453113079071,
    "map-top-10": 0.15363898873329163,
    "map-top-20": 0.15623557567596436,
    "map": 0.1256086379289627,
    "mrr-top-1": 0.08543417602777481,
    "mrr-top-3": 0.12535014748573303,
    "mrr-top-5": 0.1406862735748291,
    "mrr-top-10": 0.1573268175125122,
    "mrr-top-20": 0.16518937051296234,
    "mrr": 0.1737622767686844,
    "retrieval-precision-top-1": 0.08543417602777481,
    "retrieval-precision-top-3": 0.07189542055130005,
    "retrieval-precision-top-5": 0.06358543783426285,
    "retrieval-precision-top-10": 0.051540620625019073,
    "retrieval-precision-top-20": 0.03809524327516556,
    "retrieval-precision": 0.0007367201033048332,
    "retrieval-recall-top-1": 0.04949752241373062,
    "retrieval-recall-top-3": 0.1014997735619545,
    "retrieval-recall-top-5": 0.15267117321491241,
    "retrieval-recall-top-10": 0.2356879860162735,
    "retrieval-recall-top-20": 0.32809484004974365,
    "retrieval-recall": 1.0,
    "r-precision": 0.08182168006896973
  }
}