{
  "train": null,
  "validation": null,
  "test": {
    "hit-rate-top-1": 0.3997933864593506,
    "hit-rate-top-3": 0.55888432264328,
    "hit-rate-top-5": 0.6394628286361694,
    "hit-rate-top-10": 0.7417355179786682,
    "hit-rate-top-20": 0.7995867729187012,
    "hit-rate": 1.0,
    "map-top-1": 0.3997933864593506,
    "map-top-3": 0.46685606241226196,
    "map-top-5": 0.47594836354255676,
    "map-top-10": 0.467533141374588,
    "map-top-20": 0.4457009434700012,
    "map": 0.3788822591304779,
    "mrr-top-1": 0.3997933864593506,
    "mrr-top-3": 0.4710743725299835,
    "mrr-top-5": 0.4896177351474762,
    "mrr-top-10": 0.5036591291427612,
    "mrr-top-20": 0.5076685547828674,
    "mrr": 0.5114213228225708,
    "retrieval-precision-top-1": 0.3997933864593506,
    "retrieval-precision-top-3": 0.24965564906597137,
    "retrieval-precision-top-5": 0.19628098607063293,
    "retrieval-precision-top-10": 0.14204545319080353,
    "retrieval-precision-top-20": 0.09870868176221848,
    "retrieval-precision": 0.015301467850804329,
    "retrieval-recall-top-1": 0.2054041028022766,
    "retrieval-recall-top-3": 0.3303479254245758,
    "retrieval-recall-top-5": 0.3943910300731659,
    "retrieval-recall-top-10": 0.49760815501213074,
    "retrieval-recall-top-20": 0.5923011898994446,
    "retrieval-recall": 1.0,
    "r-precision": 0.31219369173049927
  }
}