{
  "train": null,
  "validation": null,
  "test": {
    "hit-rate-top-1": 0.2844932973384857,
    "hit-rate-top-3": 0.42002442479133606,
    "hit-rate-top-5": 0.4871794879436493,
    "hit-rate-top-10": 0.5824176073074341,
    "hit-rate-top-20": 0.6874237060546875,
    "hit-rate": 1.0,
    "map-top-1": 0.2844932973384857,
    "map-top-3": 0.3432031571865082,
    "map-top-5": 0.35379528999328613,
    "map-top-10": 0.3549085259437561,
    "map-top-20": 0.35160043835639954,
    "map": 0.31092873215675354,
    "mrr-top-1": 0.2844932973384857,
    "mrr-top-3": 0.3451363742351532,
    "mrr-top-5": 0.36052095890045166,
    "mrr-top-10": 0.37333905696868896,
    "mrr-top-20": 0.3806858956813812,
    "mrr": 0.3865475058555603,
    "retrieval-precision-top-1": 0.2844932973384857,
    "retrieval-precision-top-3": 0.16890518367290497,
    "retrieval-precision-top-5": 0.1279609352350235,
    "retrieval-precision-top-10": 0.08754578977823257,
    "retrieval-precision-top-20": 0.05842491239309311,
    "retrieval-precision": 0.005885621532797813,
    "retrieval-recall-top-1": 0.18771585822105408,
    "retrieval-recall-top-3": 0.2958780527114868,
    "retrieval-recall-top-5": 0.35145312547683716,
    "retrieval-recall-top-10": 0.43836426734924316,
    "retrieval-recall-top-20": 0.5303961634635925,
    "retrieval-recall": 1.0,
    "r-precision": 0.24644671380519867
  }
}