{
  "train": null,
  "validation": null,
  "test": {
    "hit-rate-top-1": 0.31018519401550293,
    "hit-rate-top-3": 0.46643519401550293,
    "hit-rate-top-5": 0.5231481194496155,
    "hit-rate-top-10": 0.6400462985038757,
    "hit-rate-top-20": 0.7800925970077515,
    "hit-rate": 1.0,
    "map-top-1": 0.31018519401550293,
    "map-top-3": 0.3736497163772583,
    "map-top-5": 0.377887099981308,
    "map-top-10": 0.3850724399089813,
    "map-top-20": 0.37871667742729187,
    "map": 0.34734001755714417,
    "mrr-top-1": 0.31018519401550293,
    "mrr-top-3": 0.3771219253540039,
    "mrr-top-5": 0.3901427686214447,
    "mrr-top-10": 0.4058458209037781,
    "mrr-top-20": 0.41539815068244934,
    "mrr": 0.4202623963356018,
    "retrieval-precision-top-1": 0.31018519401550293,
    "retrieval-precision-top-3": 0.20293208956718445,
    "retrieval-precision-top-5": 0.15509259700775146,
    "retrieval-precision-top-10": 0.10671296715736389,
    "retrieval-precision-top-20": 0.07361111044883728,
    "retrieval-precision": 0.0062158796936273575,
    "retrieval-recall-top-1": 0.1888953000307083,
    "retrieval-recall-top-3": 0.3277530372142792,
    "retrieval-recall-top-5": 0.39399605989456177,
    "retrieval-recall-top-10": 0.5107035040855408,
    "retrieval-recall-top-20": 0.653956949710846,
    "retrieval-recall": 1.0,
    "r-precision": 0.26023367047309875
  }
}