{
  "train": null,
  "validation": null,
  "test": {
    "hit-rate-top-1": 0.30092594027519226,
    "hit-rate-top-3": 0.46296295523643494,
    "hit-rate-top-5": 0.5277777910232544,
    "hit-rate-top-10": 0.6377314925193787,
    "hit-rate-top-20": 0.7731481194496155,
    "hit-rate": 1.0,
    "map-top-1": 0.30092594027519226,
    "map-top-3": 0.36834490299224854,
    "map-top-5": 0.3764982223510742,
    "map-top-10": 0.38268792629241943,
    "map-top-20": 0.37787917256355286,
    "map": 0.3435516357421875,
    "mrr-top-1": 0.30092594027519226,
    "mrr-top-3": 0.37094905972480774,
    "mrr-top-5": 0.38587966561317444,
    "mrr-top-10": 0.40037479996681213,
    "mrr-top-20": 0.40959632396698,
    "mrr": 0.4146208167076111,
    "retrieval-precision-top-1": 0.30092594027519226,
    "retrieval-precision-top-3": 0.20408952236175537,
    "retrieval-precision-top-5": 0.1562500149011612,
    "retrieval-precision-top-10": 0.10659722983837128,
    "retrieval-precision-top-20": 0.07268518954515457,
    "retrieval-precision": 0.0062158796936273575,
    "retrieval-recall-top-1": 0.18307027220726013,
    "retrieval-recall-top-3": 0.3270477056503296,
    "retrieval-recall-top-5": 0.39905834197998047,
    "retrieval-recall-top-10": 0.5096505284309387,
    "retrieval-recall-top-20": 0.6486676335334778,
    "retrieval-recall": 1.0,
    "r-precision": 0.25719553232192993
  }
}