{
  "train": null,
  "validation": null,
  "test": {
    "hit-rate-top-1": 0.34860557317733765,
    "hit-rate-top-3": 0.548804759979248,
    "hit-rate-top-5": 0.6533864736557007,
    "hit-rate-top-10": 0.769920289516449,
    "hit-rate-top-20": 0.8515936136245728,
    "hit-rate": 1.0,
    "map-top-1": 0.34860557317733765,
    "map-top-3": 0.43409693241119385,
    "map-top-5": 0.44744905829429626,
    "map-top-10": 0.44879770278930664,
    "map-top-20": 0.4306976795196533,
    "map": 0.3970223665237427,
    "mrr-top-1": 0.34860557317733765,
    "mrr-top-3": 0.4372510015964508,
    "mrr-top-5": 0.46140438318252563,
    "mrr-top-10": 0.4771350920200348,
    "mrr-top-20": 0.4827747941017151,
    "mrr": 0.4859502911567688,
    "retrieval-precision-top-1": 0.34860557317733765,
    "retrieval-precision-top-3": 0.23406371474266052,
    "retrieval-precision-top-5": 0.18964144587516785,
    "retrieval-precision-top-10": 0.13027890026569366,
    "retrieval-precision-top-20": 0.08630477637052536,
    "retrieval-precision": 0.01422689575701952,
    "retrieval-recall-top-1": 0.20465952157974243,
    "retrieval-recall-top-3": 0.36592769622802734,
    "retrieval-recall-top-5": 0.4719298481941223,
    "retrieval-recall-top-10": 0.599352240562439,
    "retrieval-recall-top-20": 0.727520227432251,
    "retrieval-recall": 1.0,
    "r-precision": 0.3010552227497101
  }
}