{
  "train": null,
  "validation": null,
  "test": {
    "hit-rate-top-1": 0.40082645416259766,
    "hit-rate-top-3": 0.5609503984451294,
    "hit-rate-top-5": 0.6528925895690918,
    "hit-rate-top-10": 0.7510330677032471,
    "hit-rate-top-20": 0.8068181872367859,
    "hit-rate": 1.0,
    "map-top-1": 0.40082645416259766,
    "map-top-3": 0.4681473970413208,
    "map-top-5": 0.479694664478302,
    "map-top-10": 0.4711078703403473,
    "map-top-20": 0.4503965973854065,
    "map": 0.38445717096328735,
    "mrr-top-1": 0.40082645416259766,
    "mrr-top-3": 0.47296831011772156,
    "mrr-top-5": 0.49399101734161377,
    "mrr-top-10": 0.5074802041053772,
    "mrr-top-20": 0.5113148093223572,
    "mrr": 0.5149970054626465,
    "retrieval-precision-top-1": 0.40082645416259766,
    "retrieval-precision-top-3": 0.2524104714393616,
    "retrieval-precision-top-5": 0.20227275788784027,
    "retrieval-precision-top-10": 0.14462809264659882,
    "retrieval-precision-top-20": 0.1000516414642334,
    "retrieval-precision": 0.015301467850804329,
    "retrieval-recall-top-1": 0.20631398260593414,
    "retrieval-recall-top-3": 0.3314588665962219,
    "retrieval-recall-top-5": 0.408324271440506,
    "retrieval-recall-top-10": 0.5077951550483704,
    "retrieval-recall-top-20": 0.6041061878204346,
    "retrieval-recall": 1.0,
    "r-precision": 0.3166097104549408
  }
}