{
  "train": null,
  "validation": null,
  "test": {
    "hit-rate-top-1": 0.2530864179134369,
    "hit-rate-top-3": 0.45267489552497864,
    "hit-rate-top-5": 0.5679012537002563,
    "hit-rate-top-10": 0.693415641784668,
    "hit-rate-top-20": 0.8106995820999146,
    "hit-rate": 1.0,
    "map-top-1": 0.2530864179134369,
    "map-top-3": 0.3393346965312958,
    "map-top-5": 0.3569844663143158,
    "map-top-10": 0.3537597060203552,
    "map-top-20": 0.34043145179748535,
    "map": 0.2913942337036133,
    "mrr-top-1": 0.2530864179134369,
    "mrr-top-3": 0.341220885515213,
    "mrr-top-5": 0.36776405572891235,
    "mrr-top-10": 0.384962260723114,
    "mrr-top-20": 0.39329084753990173,
    "mrr": 0.39748308062553406,
    "retrieval-precision-top-1": 0.2530864179134369,
    "retrieval-precision-top-3": 0.20027433335781097,
    "retrieval-precision-top-5": 0.16337449848651886,
    "retrieval-precision-top-10": 0.11790124326944351,
    "retrieval-precision-top-20": 0.0797325149178505,
    "retrieval-precision": 0.008227746933698654,
    "retrieval-recall-top-1": 0.11578436195850372,
    "retrieval-recall-top-3": 0.25511634349823,
    "retrieval-recall-top-5": 0.34656602144241333,
    "retrieval-recall-top-10": 0.4689731299877167,
    "retrieval-recall-top-20": 0.5985369682312012,
    "retrieval-recall": 1.0,
    "r-precision": 0.21810610592365265
  }
}