{
  "train": null,
  "validation": null,
  "test": {
    "hit-rate-top-1": 0.29235535860061646,
    "hit-rate-top-3": 0.4721074402332306,
    "hit-rate-top-5": 0.5692148804664612,
    "hit-rate-top-10": 0.6952479481697083,
    "hit-rate-top-20": 0.8109503984451294,
    "hit-rate": 1.0,
    "map-top-1": 0.29235535860061646,
    "map-top-3": 0.3679407835006714,
    "map-top-5": 0.3827551305294037,
    "map-top-10": 0.38557738065719604,
    "map-top-20": 0.37088900804519653,
    "map": 0.3115154206752777,
    "mrr-top-1": 0.29235535860061646,
    "mrr-top-3": 0.3705233931541443,
    "mrr-top-5": 0.39216598868370056,
    "mrr-top-10": 0.4095807671546936,
    "mrr-top-20": 0.417695015668869,
    "mrr": 0.4217607378959656,
    "retrieval-precision-top-1": 0.29235535860061646,
    "retrieval-precision-top-3": 0.19731405377388,
    "retrieval-precision-top-5": 0.16033059358596802,
    "retrieval-precision-top-10": 0.11590910702943802,
    "retrieval-precision-top-20": 0.08264462649822235,
    "retrieval-precision": 0.015301467850804329,
    "retrieval-recall-top-1": 0.15751846134662628,
    "retrieval-recall-top-3": 0.27321821451187134,
    "retrieval-recall-top-5": 0.34378159046173096,
    "retrieval-recall-top-10": 0.4487772583961487,
    "retrieval-recall-top-20": 0.5698350071907043,
    "retrieval-recall": 1.0,
    "r-precision": 0.24624942243099213
  },
  "details": null
}