{
  "train": null,
  "validation": null,
  "test": {
    "hit-rate-top-1": 0.3987603187561035,
    "hit-rate-top-3": 0.5733470916748047,
    "hit-rate-top-5": 0.6580578684806824,
    "hit-rate-top-10": 0.7479338645935059,
    "hit-rate-top-20": 0.80888432264328,
    "hit-rate": 1.0,
    "map-top-1": 0.3987603187561035,
    "map-top-3": 0.47176310420036316,
    "map-top-5": 0.4823949635028839,
    "map-top-10": 0.4712182581424713,
    "map-top-20": 0.44754937291145325,
    "map": 0.3855675458908081,
    "mrr-top-1": 0.3987603187561035,
    "mrr-top-3": 0.4762396514415741,
    "mrr-top-5": 0.495506227016449,
    "mrr-top-10": 0.5077610611915588,
    "mrr-top-20": 0.5120097994804382,
    "mrr": 0.5155863761901855,
    "retrieval-precision-top-1": 0.3987603187561035,
    "retrieval-precision-top-3": 0.25723138451576233,
    "retrieval-precision-top-5": 0.20309919118881226,
    "retrieval-precision-top-10": 0.1452479362487793,
    "retrieval-precision-top-20": 0.10087809711694717,
    "retrieval-precision": 0.015301467850804329,
    "retrieval-recall-top-1": 0.20493943989276886,
    "retrieval-recall-top-3": 0.3403278589248657,
    "retrieval-recall-top-5": 0.4120253324508667,
    "retrieval-recall-top-10": 0.5094445943832397,
    "retrieval-recall-top-20": 0.6100143194198608,
    "retrieval-recall": 1.0,
    "r-precision": 0.3173440396785736
  }
}