{
  "train": null,
  "validation": null,
  "test": {
    "hit-rate-top-1": 0.4223107695579529,
    "hit-rate-top-3": 0.5956175327301025,
    "hit-rate-top-5": 0.6663346886634827,
    "hit-rate-top-10": 0.7420318722724915,
    "hit-rate-top-20": 0.8137450218200684,
    "hit-rate": 1.0,
    "map-top-1": 0.4223107695579529,
    "map-top-3": 0.4961819648742676,
    "map-top-5": 0.5003693699836731,
    "map-top-10": 0.4929092526435852,
    "map-top-20": 0.4788196086883545,
    "map": 0.43217650055885315,
    "mrr-top-1": 0.4223107695579529,
    "mrr-top-3": 0.49983400106430054,
    "mrr-top-5": 0.5162184238433838,
    "mrr-top-10": 0.5262821912765503,
    "mrr-top-20": 0.5312373042106628,
    "mrr": 0.535065233707428,
    "retrieval-precision-top-1": 0.4223107695579529,
    "retrieval-precision-top-3": 0.25,
    "retrieval-precision-top-5": 0.1876494288444519,
    "retrieval-precision-top-10": 0.12460160255432129,
    "retrieval-precision-top-20": 0.08157370984554291,
    "retrieval-precision": 0.01422689575701952,
    "retrieval-recall-top-1": 0.2600739598274231,
    "retrieval-recall-top-3": 0.40802669525146484,
    "retrieval-recall-top-5": 0.4837476313114166,
    "retrieval-recall-top-10": 0.5763335824012756,
    "retrieval-recall-top-20": 0.6789419054985046,
    "retrieval-recall": 1.0,
    "r-precision": 0.35775089263916016
  }
}