{
  "train": null,
  "validation": null,
  "test": {
    "hit-rate-top-1": 0.31018519401550293,
    "hit-rate-top-3": 0.4652777910232544,
    "hit-rate-top-5": 0.5231481194496155,
    "hit-rate-top-10": 0.6400462985038757,
    "hit-rate-top-20": 0.78125,
    "hit-rate": 1.0,
    "map-top-1": 0.31018519401550293,
    "map-top-3": 0.37345680594444275,
    "map-top-5": 0.37820857763290405,
    "map-top-10": 0.38503292202949524,
    "map-top-20": 0.3782398998737335,
    "map": 0.34726375341415405,
    "mrr-top-1": 0.31018519401550293,
    "mrr-top-3": 0.3767361044883728,
    "mrr-top-5": 0.3900463283061981,
    "mrr-top-10": 0.4057447612285614,
    "mrr-top-20": 0.41536861658096313,
    "mrr": 0.4201771318912506,
    "retrieval-precision-top-1": 0.31018519401550293,
    "retrieval-precision-top-3": 0.20254628360271454,
    "retrieval-precision-top-5": 0.15486110746860504,
    "retrieval-precision-top-10": 0.10671296715736389,
    "retrieval-precision-top-20": 0.07361111044883728,
    "retrieval-precision": 0.0062158796936273575,
    "retrieval-recall-top-1": 0.1888953000307083,
    "retrieval-recall-top-3": 0.32659563422203064,
    "retrieval-recall-top-5": 0.39388030767440796,
    "retrieval-recall-top-10": 0.5107035040855408,
    "retrieval-recall-top-20": 0.6555488109588623,
    "retrieval-recall": 1.0,
    "r-precision": 0.2603301405906677
  }
}