{
  "train": null,
  "validation": null,
  "test": {
    "hit-rate-top-1": 0.2808302938938141,
    "hit-rate-top-3": 0.4017094075679779,
    "hit-rate-top-5": 0.4749694764614105,
    "hit-rate-top-10": 0.5799756050109863,
    "hit-rate-top-20": 0.6581196784973145,
    "hit-rate": 1.0,
    "map-top-1": 0.2808302938938141,
    "map-top-3": 0.33099305629730225,
    "map-top-5": 0.34546196460723877,
    "map-top-10": 0.3506024181842804,
    "map-top-20": 0.34512028098106384,
    "map": 0.29716092348098755,
    "mrr-top-1": 0.2808302938938141,
    "mrr-top-3": 0.3343508541584015,
    "mrr-top-5": 0.35156697034835815,
    "mrr-top-10": 0.3652746081352234,
    "mrr-top-20": 0.3709161579608917,
    "mrr": 0.377057284116745,
    "retrieval-precision-top-1": 0.2808302938938141,
    "retrieval-precision-top-3": 0.1628001630306244,
    "retrieval-precision-top-5": 0.12380953133106232,
    "retrieval-precision-top-10": 0.08290599286556244,
    "retrieval-precision-top-20": 0.054517704993486404,
    "retrieval-precision": 0.005885621532797813,
    "retrieval-recall-top-1": 0.1843460500240326,
    "retrieval-recall-top-3": 0.28351229429244995,
    "retrieval-recall-top-5": 0.3399028778076172,
    "retrieval-recall-top-10": 0.42300164699554443,
    "retrieval-recall-top-20": 0.4958779215812683,
    "retrieval-recall": 1.0,
    "r-precision": 0.2353202849626541
  },
  "details": null
}