{
  "train": null,
  "validation": null,
  "test": {
    "hit-rate-top-1": 0.26251527667045593,
    "hit-rate-top-3": 0.43711844086647034,
    "hit-rate-top-5": 0.5641025900840759,
    "hit-rate-top-10": 0.702075719833374,
    "hit-rate-top-20": 0.8266178369522095,
    "hit-rate": 1.0,
    "map-top-1": 0.26251527667045593,
    "map-top-3": 0.3334350883960724,
    "map-top-5": 0.35675790905952454,
    "map-top-10": 0.36490195989608765,
    "map-top-20": 0.35413670539855957,
    "map": 0.31427478790283203,
    "mrr-top-1": 0.26251527667045593,
    "mrr-top-3": 0.33679282665252686,
    "mrr-top-5": 0.3659747838973999,
    "mrr-top-10": 0.38429996371269226,
    "mrr-top-20": 0.3933504819869995,
    "mrr": 0.39710092544555664,
    "retrieval-precision-top-1": 0.26251527667045593,
    "retrieval-precision-top-3": 0.17704518139362335,
    "retrieval-precision-top-5": 0.1516483575105667,
    "retrieval-precision-top-10": 0.11037851870059967,
    "retrieval-precision-top-20": 0.07612942159175873,
    "retrieval-precision": 0.005885621532797813,
    "retrieval-recall-top-1": 0.15794913470745087,
    "retrieval-recall-top-3": 0.29035669565200806,
    "retrieval-recall-top-5": 0.38372930884361267,
    "retrieval-recall-top-10": 0.5129137635231018,
    "retrieval-recall-top-20": 0.6494506597518921,
    "retrieval-recall": 1.0,
    "r-precision": 0.22329486906528473
  }
}