{
  "train": null,
  "validation": null,
  "test": {
    "hit-rate-top-1": 0.23076923191547394,
    "hit-rate-top-3": 0.4017094075679779,
    "hit-rate-top-5": 0.4761904776096344,
    "hit-rate-top-10": 0.6275946497917175,
    "hit-rate-top-20": 0.7533577680587769,
    "hit-rate": 1.0,
    "map-top-1": 0.23076923191547394,
    "map-top-3": 0.3035205900669098,
    "map-top-5": 0.3146536946296692,
    "map-top-10": 0.32586562633514404,
    "map-top-20": 0.3219497799873352,
    "map": 0.2783287763595581,
    "mrr-top-1": 0.23076923191547394,
    "mrr-top-3": 0.30525028705596924,
    "mrr-top-5": 0.32191696763038635,
    "mrr-top-10": 0.34279319643974304,
    "mrr-top-20": 0.3518938422203064,
    "mrr": 0.3573416769504547,
    "retrieval-precision-top-1": 0.23076923191547394,
    "retrieval-precision-top-3": 0.15913715958595276,
    "retrieval-precision-top-5": 0.12283273041248322,
    "retrieval-precision-top-10": 0.09035409241914749,
    "retrieval-precision-top-20": 0.06306471675634384,
    "retrieval-precision": 0.005885621532797813,
    "retrieval-recall-top-1": 0.14310431480407715,
    "retrieval-recall-top-3": 0.2703621983528137,
    "retrieval-recall-top-5": 0.322476327419281,
    "retrieval-recall-top-10": 0.4412604868412018,
    "retrieval-recall-top-20": 0.5646605491638184,
    "retrieval-recall": 1.0,
    "r-precision": 0.20294533669948578
  }
}