{
  "avro-sub-tokens-bm25": {
    "retrieval-precision-top-1": {
      "p-value": 5.917611955396539e-08,
      "statistic": 0.1731522686136782
    },
    "retrieval-precision-top-5": {
      "p-value": 9.468577642378681e-09,
      "statistic": 0.18316380389951212
    },
    "retrieval-precision-top-10": {
      "p-value": 1.9817166456971362e-06,
      "statistic": 0.15214643911287085
    },
    "hit-rate-top-5": {
      "p-value": 1.689517279309895e-09,
      "statistic": 0.1920975786383282
    },
    "hit-rate-top-10": {
      "p-value": 1.0479116478614495e-07,
      "statistic": 0.16990905331145237
    },
    "retrieval-recall-top-1": {
      "p-value": 1.4410877861056593e-08,
      "statistic": 0.18091866274257237
    },
    "retrieval-recall-top-5": {
      "p-value": 3.702090185958448e-13,
      "statistic": 0.23068031029719904
    },
    "retrieval-recall-top-10": {
      "p-value": 9.535017355102634e-13,
      "statistic": 0.22669378518053782
    },
    "r-precision": {
      "p-value": 4.780614578316425e-07,
      "statistic": 0.16097973933524645
    },
    "mrr": {
      "p-value": 5.078184560948392e-12,
      "statistic": 0.21945610413710478
    }
  },
  "avro-sub-tokens-lsa-1000": {
    "retrieval-precision-top-1": {
      "p-value": 0.0002747839104542193,
      "statistic": 0.11668028961237309
    },
    "retrieval-precision-top-5": {
      "p-value": 1.7490173856151748e-06,
      "statistic": 0.1529423495660294
    },
    "retrieval-precision-top-10": {
      "p-value": 3.009910060626894e-05,
      "statistic": 0.13368644394252108
    },
    "hit-rate-top-5": {
      "p-value": 2.4640408881281942e-08,
      "statistic": 0.17800962488764585
    },
    "hit-rate-top-10": {
      "p-value": 5.508615064776476e-09,
      "statistic": 0.1860186634798183
    },
    "retrieval-recall-top-1": {
      "p-value": 0.00025061661576165683,
      "statistic": 0.11743351659058845
    },
    "retrieval-recall-top-5": {
      "p-value": 1.4722721688383232e-08,
      "statistic": 0.1808034655911889
    },
    "retrieval-recall-top-10": {
      "p-value": 1.2174492207947512e-08,
      "statistic": 0.18182350951115608
    },
    "r-precision": {
      "p-value": 0.00048119827969952765,
      "statistic": 0.11199683802267393
    },
    "mrr": {
      "p-value": 5.673128100191097e-10,
      "statistic": 0.1975402479619755
    }
  },
  "avro-sub-tokens-lsa-500": {
    "retrieval-precision-top-1": {
      "p-value": 6.6233886918046e-05,
      "statistic": 0.1278635041193417
    },
    "retrieval-precision-top-5": {
      "p-value": 4.227215153193257e-06,
      "statistic": 0.14722978641440174
    },
    "retrieval-precision-top-10": {
      "p-value": 1.6370541009900078e-05,
      "statistic": 0.13802395104259427
    },
    "hit-rate-top-5": {
      "p-value": 2.723371866509365e-07,
      "statistic": 0.16434630045464638
    },
    "hit-rate-top-10": {
      "p-value": 1.1315545621533221e-08,
      "statistic": 0.18221466545524634
    },
    "retrieval-recall-top-1": {
      "p-value": 4.9198470429969006e-05,
      "statistic": 0.13008742654063124
    },
    "retrieval-recall-top-5": {
      "p-value": 7.785093895575376e-08,
      "statistic": 0.1716032822479372
    },
    "retrieval-recall-top-10": {
      "p-value": 4.9291366934579265e-09,
      "statistic": 0.18659898071533723
    },
    "r-precision": {
      "p-value": 0.0001548661148681825,
      "statistic": 0.12130199408206427
    },
    "mrr": {
      "p-value": 4.441218178673353e-10,
      "statistic": 0.19874010233998476
    }
  },
  "avro-sub-tokens-rvsm": {
    "retrieval-precision-top-1": {
      "p-value": 1.049311406996452e-09,
      "statistic": 0.19449241396458172
    },
    "retrieval-precision-top-5": {
      "p-value": 2.2407548788164807e-11,
      "statistic": 0.2128131390902248
    },
    "retrieval-precision-top-10": {
      "p-value": 2.3588411809383687e-08,
      "statistic": 0.17824804334232205
    },
    "hit-rate-top-5": {
      "p-value": 5.125585827022045e-13,
      "statistic": 0.22931777460894
    },
    "hit-rate-top-10": {
      "p-value": 1.8435652638411414e-09,
      "statistic": 0.19165551729465982
    },
    "retrieval-recall-top-1": {
      "p-value": 4.246731843104486e-10,
      "statistic": 0.19895875966310314
    },
    "retrieval-recall-top-5": {
      "p-value": 1.6059585303761837e-13,
      "statistic": 0.23413890162323558
    },
    "retrieval-recall-top-10": {
      "p-value": 5.242598976046972e-12,
      "statistic": 0.21931575008626014
    },
    "r-precision": {
      "p-value": 1.2539753630967445e-10,
      "statistic": 0.20482210708984602
    },
    "mrr": {
      "p-value": 2.07604491999589e-15,
      "statistic": 0.251315342847187
    }
  },
  "avro-sub-tokens-tfidf": {
    "retrieval-precision-top-1": {
      "p-value": 0.00037179006902464943,
      "statistic": 0.11417470619943551
    },
    "retrieval-precision-top-5": {
      "p-value": 1.2813837611670298e-06,
      "statistic": 0.1549074035189419
    },
    "retrieval-precision-top-10": {
      "p-value": 2.9506985118904587e-05,
      "statistic": 0.13383004920386057
    },
    "hit-rate-top-5": {
      "p-value": 2.5997116443873026e-08,
      "statistic": 0.17771630932771815
    },
    "hit-rate-top-10": {
      "p-value": 1.4161063739452994e-08,
      "statistic": 0.1810127035112161
    },
    "retrieval-recall-top-1": {
      "p-value": 0.00032637082682516073,
      "statistic": 0.11526056958632301
    },
    "retrieval-recall-top-5": {
      "p-value": 1.3543004537277314e-08,
      "statistic": 0.18125246589035307
    },
    "retrieval-recall-top-10": {
      "p-value": 1.0715823907961337e-08,
      "statistic": 0.18250524522678835
    },
    "r-precision": {
      "p-value": 0.00035083744705727597,
      "statistic": 0.11465927919998864
    },
    "mrr": {
      "p-value": 6.982131236444217e-10,
      "statistic": 0.19651677057814687
    }
  }
}