{
  "train": null,
  "validation": null,
  "test": {
    "hit-rate-top-1": 0.4053497910499573,
    "hit-rate-top-3": 0.5576131939888,
    "hit-rate-top-5": 0.6358024477958679,
    "hit-rate-top-10": 0.7366254925727844,
    "hit-rate-top-20": 0.8230452537536621,
    "hit-rate": 1.0,
    "map-top-1": 0.4053497910499573,
    "map-top-3": 0.46707817912101746,
    "map-top-5": 0.475297212600708,
    "map-top-10": 0.4616956412792206,
    "map-top-20": 0.43776553869247437,
    "map": 0.34772807359695435,
    "mrr-top-1": 0.4053497910499573,
    "mrr-top-3": 0.4715363681316376,
    "mrr-top-5": 0.4890260398387909,
    "mrr-top-10": 0.5026381611824036,
    "mrr-top-20": 0.5086257457733154,
    "mrr": 0.5128198266029358,
    "retrieval-precision-top-1": 0.4053497910499573,
    "retrieval-precision-top-3": 0.23456788063049316,
    "retrieval-precision-top-5": 0.17489713430404663,
    "retrieval-precision-top-10": 0.11810700595378876,
    "retrieval-precision-top-20": 0.07664608955383301,
    "retrieval-precision": 0.008227746933698654,
    "retrieval-recall-top-1": 0.19377994537353516,
    "retrieval-recall-top-3": 0.3155038058757782,
    "retrieval-recall-top-5": 0.37034720182418823,
    "retrieval-recall-top-10": 0.4707498848438263,
    "retrieval-recall-top-20": 0.5806876420974731,
    "retrieval-recall": 1.0,
    "r-precision": 0.2912414073944092
  }
}