{
  "train": null,
  "validation": null,
  "test": {
    "hit-rate-top-1": 0.30092594027519226,
    "hit-rate-top-3": 0.46064814925193787,
    "hit-rate-top-5": 0.5277777910232544,
    "hit-rate-top-10": 0.6412037014961243,
    "hit-rate-top-20": 0.7754629850387573,
    "hit-rate": 1.0,
    "map-top-1": 0.30092594027519226,
    "map-top-3": 0.36824849247932434,
    "map-top-5": 0.37625229358673096,
    "map-top-10": 0.38235050439834595,
    "map-top-20": 0.3770742118358612,
    "map": 0.3431086242198944,
    "mrr-top-1": 0.30092594027519226,
    "mrr-top-3": 0.37037035822868347,
    "mrr-top-5": 0.38570600748062134,
    "mrr-top-10": 0.4005277156829834,
    "mrr-top-20": 0.40961357951164246,
    "mrr": 0.4144851267337799,
    "retrieval-precision-top-1": 0.30092594027519226,
    "retrieval-precision-top-3": 0.2017746865749359,
    "retrieval-precision-top-5": 0.15509261190891266,
    "retrieval-precision-top-10": 0.10694444924592972,
    "retrieval-precision-top-20": 0.07262732088565826,
    "retrieval-precision": 0.0062158796936273575,
    "retrieval-recall-top-1": 0.18326231837272644,
    "retrieval-recall-top-3": 0.32567811012268066,
    "retrieval-recall-top-5": 0.39910513162612915,
    "retrieval-recall-top-10": 0.5138134956359863,
    "retrieval-recall-top-20": 0.6505471467971802,
    "retrieval-recall": 1.0,
    "r-precision": 0.2570967972278595
  }
}