{
  "train": null,
  "validation": null,
  "test": {
    "hit-rate-top-1": 0.4183267056941986,
    "hit-rate-top-3": 0.5996015667915344,
    "hit-rate-top-5": 0.6643426418304443,
    "hit-rate-top-10": 0.7430278658866882,
    "hit-rate-top-20": 0.8177290558815002,
    "hit-rate": 1.0,
    "map-top-1": 0.4183267056941986,
    "map-top-3": 0.4951859414577484,
    "map-top-5": 0.49965691566467285,
    "map-top-10": 0.49266496300697327,
    "map-top-20": 0.4810052514076233,
    "map": 0.4338037371635437,
    "mrr-top-1": 0.4183267056941986,
    "mrr-top-3": 0.4996680021286011,
    "mrr-top-5": 0.5142596364021301,
    "mrr-top-10": 0.5251908898353577,
    "mrr-top-20": 0.5303362011909485,
    "mrr": 0.5340560078620911,
    "retrieval-precision-top-1": 0.4183267056941986,
    "retrieval-precision-top-3": 0.25830012559890747,
    "retrieval-precision-top-5": 0.18944226205348969,
    "retrieval-precision-top-10": 0.12619523704051971,
    "retrieval-precision-top-20": 0.08152390271425247,
    "retrieval-precision": 0.01422689575701952,
    "retrieval-recall-top-1": 0.25752732157707214,
    "retrieval-recall-top-3": 0.41880857944488525,
    "retrieval-recall-top-5": 0.4832826852798462,
    "retrieval-recall-top-10": 0.5830070972442627,
    "retrieval-recall-top-20": 0.6827324032783508,
    "retrieval-recall": 1.0,
    "r-precision": 0.35504797101020813
  }
}