{
  "train": null,
  "validation": null,
  "test": {
    "hit-rate-top-1": 0.3987603187561035,
    "hit-rate-top-3": 0.5640496015548706,
    "hit-rate-top-5": 0.6487603187561035,
    "hit-rate-top-10": 0.7551652789115906,
    "hit-rate-top-20": 0.8181818127632141,
    "hit-rate": 1.0,
    "map-top-1": 0.3987603187561035,
    "map-top-3": 0.4699552655220032,
    "map-top-5": 0.4783187210559845,
    "map-top-10": 0.4730055034160614,
    "map-top-20": 0.453465074300766,
    "map": 0.38742536306381226,
    "mrr-top-1": 0.3987603187561035,
    "mrr-top-3": 0.47417351603507996,
    "mrr-top-5": 0.49338841438293457,
    "mrr-top-10": 0.5078290700912476,
    "mrr-top-20": 0.512150764465332,
    "mrr": 0.5156463384628296,
    "retrieval-precision-top-1": 0.3987603187561035,
    "retrieval-precision-top-3": 0.2565426826477051,
    "retrieval-precision-top-5": 0.20247933268547058,
    "retrieval-precision-top-10": 0.146590918302536,
    "retrieval-precision-top-20": 0.101033054292202,
    "retrieval-precision": 0.015301467850804329,
    "retrieval-recall-top-1": 0.2068430334329605,
    "retrieval-recall-top-3": 0.33292555809020996,
    "retrieval-recall-top-5": 0.4113410711288452,
    "retrieval-recall-top-10": 0.5115031003952026,
    "retrieval-recall-top-20": 0.6097797155380249,
    "retrieval-recall": 1.0,
    "r-precision": 0.3181307017803192
  }
}