{
  "train": null,
  "validation": null,
  "test": {
    "hit-rate-top-1": 0.14845938980579376,
    "hit-rate-top-3": 0.2521008551120758,
    "hit-rate-top-5": 0.29831933975219727,
    "hit-rate-top-10": 0.38655462861061096,
    "hit-rate-top-20": 0.47478991746902466,
    "hit-rate": 1.0,
    "map-top-1": 0.14845938980579376,
    "map-top-3": 0.19035948812961578,
    "map-top-5": 0.1988542675971985,
    "map-top-10": 0.20522283017635345,
    "map-top-20": 0.20753054320812225,
    "map": 0.17065539956092834,
    "mrr-top-1": 0.14845938980579376,
    "mrr-top-3": 0.1914098858833313,
    "mrr-top-5": 0.20198413729667664,
    "mrr-top-10": 0.21354207396507263,
    "mrr-top-20": 0.2197621911764145,
    "mrr": 0.22621576488018036,
    "retrieval-precision-top-1": 0.14845938980579376,
    "retrieval-precision-top-3": 0.09617181122303009,
    "retrieval-precision-top-5": 0.07226890325546265,
    "retrieval-precision-top-10": 0.055042020976543427,
    "retrieval-precision-top-20": 0.039145659655332565,
    "retrieval-precision": 0.0007367201033048332,
    "retrieval-recall-top-1": 0.0961185097694397,
    "retrieval-recall-top-3": 0.1642986685037613,
    "retrieval-recall-top-5": 0.19479277729988098,
    "retrieval-recall-top-10": 0.2615477442741394,
    "retrieval-recall-top-20": 0.33890584111213684,
    "retrieval-recall": 1.0,
    "r-precision": 0.12763892114162445
  }
}