{
  "train": null,
  "validation": null,
  "test": {
    "hit-rate-top-1": 0.4183267056941986,
    "hit-rate-top-3": 0.607569694519043,
    "hit-rate-top-5": 0.675298810005188,
    "hit-rate-top-10": 0.7719123363494873,
    "hit-rate-top-20": 0.8496015667915344,
    "hit-rate": 1.0,
    "map-top-1": 0.4183267056941986,
    "map-top-3": 0.49335986375808716,
    "map-top-5": 0.49893900752067566,
    "map-top-10": 0.49716752767562866,
    "map-top-20": 0.4887542724609375,
    "map": 0.45393866300582886,
    "mrr-top-1": 0.4183267056941986,
    "mrr-top-3": 0.4986720085144043,
    "mrr-top-5": 0.5139608383178711,
    "mrr-top-10": 0.5270572900772095,
    "mrr-top-20": 0.5324928760528564,
    "mrr": 0.5355764627456665,
    "retrieval-precision-top-1": 0.4183267056941986,
    "retrieval-precision-top-3": 0.2749004065990448,
    "retrieval-precision-top-5": 0.20936256647109985,
    "retrieval-precision-top-10": 0.13675300776958466,
    "retrieval-precision-top-20": 0.08640437573194504,
    "retrieval-precision": 0.01422689575701952,
    "retrieval-recall-top-1": 0.2518972158432007,
    "retrieval-recall-top-3": 0.4397265911102295,
    "retrieval-recall-top-5": 0.5236804485321045,
    "retrieval-recall-top-10": 0.6303730607032776,
    "retrieval-recall-top-20": 0.7305166721343994,
    "retrieval-recall": 1.0,
    "r-precision": 0.36076441407203674
  }
}