{
  "train": null,
  "validation": null,
  "test": {
    "hit-rate-top-1": 0.0882352963089943,
    "hit-rate-top-3": 0.18627451360225677,
    "hit-rate-top-5": 0.24369747936725616,
    "hit-rate-top-10": 0.3361344635486603,
    "hit-rate-top-20": 0.4551820755004883,
    "hit-rate": 1.0,
    "map-top-1": 0.0882352963089943,
    "map-top-3": 0.12966853380203247,
    "map-top-5": 0.1411861926317215,
    "map-top-10": 0.14981596171855927,
    "map-top-20": 0.15166884660720825,
    "map": 0.12475211173295975,
    "mrr-top-1": 0.0882352963089943,
    "mrr-top-3": 0.12978525459766388,
    "mrr-top-5": 0.14288048446178436,
    "mrr-top-10": 0.15519596636295319,
    "mrr-top-20": 0.1635107845067978,
    "mrr": 0.17121753096580505,
    "retrieval-precision-top-1": 0.0882352963089943,
    "retrieval-precision-top-3": 0.07002801448106766,
    "retrieval-precision-top-5": 0.05854342132806778,
    "retrieval-precision-top-10": 0.04495798796415329,
    "retrieval-precision-top-20": 0.03452380746603012,
    "retrieval-precision": 0.0007367201033048332,
    "retrieval-recall-top-1": 0.05344085395336151,
    "retrieval-recall-top-3": 0.11300228536128998,
    "retrieval-recall-top-5": 0.15278998017311096,
    "retrieval-recall-top-10": 0.2243354469537735,
    "retrieval-recall-top-20": 0.31882357597351074,
    "retrieval-recall": 1.0,
    "r-precision": 0.0830359011888504
  }
}