{
  "train": null,
  "validation": null,
  "test": {
    "hit-rate-top-1": 0.39243027567863464,
    "hit-rate-top-3": 0.5826693177223206,
    "hit-rate-top-5": 0.6553784608840942,
    "hit-rate-top-10": 0.737051784992218,
    "hit-rate-top-20": 0.8147410154342651,
    "hit-rate": 1.0,
    "map-top-1": 0.39243027567863464,
    "map-top-3": 0.47368860244750977,
    "map-top-5": 0.4827398359775543,
    "map-top-10": 0.48062342405319214,
    "map-top-20": 0.46970707178115845,
    "map": 0.42530742287635803,
    "mrr-top-1": 0.39243027567863464,
    "mrr-top-3": 0.47742363810539246,
    "mrr-top-5": 0.49400731921195984,
    "mrr-top-10": 0.5049574971199036,
    "mrr-top-20": 0.5104617476463318,
    "mrr": 0.5138674974441528,
    "retrieval-precision-top-1": 0.39243027567863464,
    "retrieval-precision-top-3": 0.2612881660461426,
    "retrieval-precision-top-5": 0.19940240681171417,
    "retrieval-precision-top-10": 0.12938247621059418,
    "retrieval-precision-top-20": 0.08212152123451233,
    "retrieval-precision": 0.01422689575701952,
    "retrieval-recall-top-1": 0.23228363692760468,
    "retrieval-recall-top-3": 0.410074383020401,
    "retrieval-recall-top-5": 0.49008843302726746,
    "retrieval-recall-top-10": 0.5899677872657776,
    "retrieval-recall-top-20": 0.6872708797454834,
    "retrieval-recall": 1.0,
    "r-precision": 0.3397444784641266
  },
  "details": null
}