{
  "spring-data-mongodb-no-sub-tokens-bm25": {
    "retrieval-precision-top-1": {
      "p-value": 0.0008272787943561187,
      "statistic": 0.15118106668532863
    },
    "retrieval-precision-top-5": {
      "p-value": 0.13668681547672204,
      "statistic": 0.06760490993242764
    },
    "retrieval-precision-top-10": {
      "p-value": 0.14414805645385534,
      "statistic": 0.06634822823081281
    },
    "hit-rate-top-5": {
      "p-value": 0.019030574711396245,
      "statistic": 0.10634032707166756
    },
    "hit-rate-top-10": {
      "p-value": 0.004377437631012299,
      "statistic": 0.12905183487745273
    },
    "retrieval-recall-top-1": {
      "p-value": 0.00015904033206125883,
      "statistic": 0.17048929569288895
    },
    "retrieval-recall-top-5": {
      "p-value": 0.0059492431695968235,
      "statistic": 0.12460248448998554
    },
    "retrieval-recall-top-10": {
      "p-value": 0.00023075488099335876,
      "statistic": 0.1663151744879904
    },
    "r-precision": {
      "p-value": 0.01990065999904266,
      "statistic": 0.10558653261231794
    },
    "mrr": {
      "p-value": 0.00048208112759189054,
      "statistic": 0.15774700925494964
    }
  },
  "spring-data-mongodb-no-sub-tokens-lsa-1000": {
    "retrieval-precision-top-1": {
      "p-value": 0.00280046149283794,
      "statistic": 0.1353006501758665
    },
    "retrieval-precision-top-5": {
      "p-value": 0.2948037898637697,
      "statistic": 0.047617643205685366
    },
    "retrieval-precision-top-10": {
      "p-value": 0.3112751152775904,
      "statistic": 0.046024378006091625
    },
    "hit-rate-top-5": {
      "p-value": 0.031625272679905,
      "statistic": 0.0975045351720136
    },
    "hit-rate-top-10": {
      "p-value": 0.00614351122985491,
      "statistic": 0.12412853755386388
    },
    "retrieval-recall-top-1": {
      "p-value": 0.0006230912816243214,
      "statistic": 0.15465945940751702
    },
    "retrieval-recall-top-5": {
      "p-value": 0.005266868218203504,
      "statistic": 0.12638550238184856
    },
    "retrieval-recall-top-10": {
      "p-value": 0.0008667240980693627,
      "statistic": 0.15060241185169368
    },
    "r-precision": {
      "p-value": 0.01212106043469665,
      "statistic": 0.11371590742867992
    },
    "mrr": {
      "p-value": 0.001862370940752585,
      "statistic": 0.14079242064543543
    }
  },
  "spring-data-mongodb-no-sub-tokens-lsa-500": {
    "retrieval-precision-top-1": {
      "p-value": 0.0075682953857640275,
      "statistic": 0.12101358846796781
    },
    "retrieval-precision-top-5": {
      "p-value": 0.4796479914938613,
      "statistic": 0.03213869718003809
    },
    "retrieval-precision-top-10": {
      "p-value": 0.06622114995171906,
      "statistic": 0.08339410782183435
    },
    "hit-rate-top-5": {
      "p-value": 0.11970637257897063,
      "statistic": 0.07067563187766583
    },
    "hit-rate-top-10": {
      "p-value": 0.0019146768183729511,
      "statistic": 0.140425601869123
    },
    "retrieval-recall-top-1": {
      "p-value": 0.001896684235300954,
      "statistic": 0.14055073629932502
    },
    "retrieval-recall-top-5": {
      "p-value": 0.025396130943072116,
      "statistic": 0.10139597724943793
    },
    "retrieval-recall-top-10": {
      "p-value": 0.0001425544242917995,
      "statistic": 0.17169822890297173
    },
    "r-precision": {
      "p-value": 0.01883020054864499,
      "statistic": 0.10651816612736953
    },
    "mrr": {
      "p-value": 0.00278303733744414,
      "statistic": 0.13538616195850783
    }
  },
  "spring-data-mongodb-no-sub-tokens-rvsm": {
    "retrieval-precision-top-1": {
      "p-value": 5.975345070006171e-06,
      "statistic": 0.20372766062676256
    },
    "retrieval-precision-top-5": {
      "p-value": 8.580748532994175e-05,
      "statistic": 0.1772027733020449
    },
    "retrieval-precision-top-10": {
      "p-value": 0.06227961870734278,
      "statistic": 0.08463251554207164
    },
    "hit-rate-top-5": {
      "p-value": 1.5094018519971379e-05,
      "statistic": 0.1949071263291854
    },
    "hit-rate-top-10": {
      "p-value": 0.004275539299468395,
      "statistic": 0.12938792008968494
    },
    "retrieval-recall-top-1": {
      "p-value": 2.7705403721823894e-06,
      "statistic": 0.21076269580639925
    },
    "retrieval-recall-top-5": {
      "p-value": 5.471510359138708e-07,
      "statistic": 0.2248751535088239
    },
    "retrieval-recall-top-10": {
      "p-value": 0.000527902517676201,
      "statistic": 0.15666082661301478
    },
    "r-precision": {
      "p-value": 0.0008107607318529901,
      "statistic": 0.15143099654045625
    },
    "mrr": {
      "p-value": 3.9283094701474345e-06,
      "statistic": 0.20759662275603155
    }
  },
  "spring-data-mongodb-no-sub-tokens-tfidf": {
    "retrieval-precision-top-1": {
      "p-value": 0.012320704823692626,
      "statistic": 0.11345573439046323
    },
    "retrieval-precision-top-5": {
      "p-value": 0.5644001029525555,
      "statistic": 0.02620531644091195
    },
    "retrieval-precision-top-10": {
      "p-value": 0.4483574034091693,
      "statistic": 0.03446920939110299
    },
    "hit-rate-top-5": {
      "p-value": 0.12491452286689338,
      "statistic": 0.06969969946431774
    },
    "hit-rate-top-10": {
      "p-value": 0.03387863660069305,
      "statistic": 0.09625810444993298
    },
    "retrieval-recall-top-1": {
      "p-value": 0.0036687334797456776,
      "statistic": 0.1315537253612654
    },
    "retrieval-recall-top-5": {
      "p-value": 0.026234443068706342,
      "statistic": 0.10082736896532998
    },
    "retrieval-recall-top-10": {
      "p-value": 0.0023912874923905144,
      "statistic": 0.13745022584023756
    },
    "r-precision": {
      "p-value": 0.06200627223529106,
      "statistic": 0.0847207707054332
    },
    "mrr": {
      "p-value": 0.007870183706587054,
      "statistic": 0.12042179606952813
    }
  }
}