{
  "train": null,
  "validation": null,
  "test": {
    "hit-rate-top-1": 0.33307984471321106,
    "hit-rate-top-3": 0.48897337913513184,
    "hit-rate-top-5": 0.561977207660675,
    "hit-rate-top-10": 0.6517110466957092,
    "hit-rate-top-20": 0.7292775511741638,
    "hit-rate": 1.0,
    "map-top-1": 0.33307984471321106,
    "map-top-3": 0.4010773301124573,
    "map-top-5": 0.4160118103027344,
    "map-top-10": 0.4194929003715515,
    "map-top-20": 0.41740143299102783,
    "map": 0.3924850523471832,
    "mrr-top-1": 0.33307984471321106,
    "mrr-top-3": 0.40316861867904663,
    "mrr-top-5": 0.4197845458984375,
    "mrr-top-10": 0.4318389892578125,
    "mrr-top-20": 0.4373641014099121,
    "mrr": 0.442311555147171,
    "retrieval-precision-top-1": 0.33307984471321106,
    "retrieval-precision-top-3": 0.20101392269134521,
    "retrieval-precision-top-5": 0.15148289501667023,
    "retrieval-precision-top-10": 0.10349810123443604,
    "retrieval-precision-top-20": 0.06817490607500076,
    "retrieval-precision": 0.005649717990309,
    "retrieval-recall-top-1": 0.24663810431957245,
    "retrieval-recall-top-3": 0.38864949345588684,
    "retrieval-recall-top-5": 0.4488648772239685,
    "retrieval-recall-top-10": 0.5388595461845398,
    "retrieval-recall-top-20": 0.6298982501029968,
    "retrieval-recall": 1.0,
    "r-precision": 0.31275326013565063
  }
}