{
  "train": null,
  "validation": null,
  "test": {
    "hit-rate-top-1": 0.40082645416259766,
    "hit-rate-top-3": 0.5640496015548706,
    "hit-rate-top-5": 0.6559917330741882,
    "hit-rate-top-10": 0.7510330677032471,
    "hit-rate-top-20": 0.807851254940033,
    "hit-rate": 1.0,
    "map-top-1": 0.40082645416259766,
    "map-top-3": 0.4681473970413208,
    "map-top-5": 0.4800303876399994,
    "map-top-10": 0.47220996022224426,
    "map-top-20": 0.45021161437034607,
    "map": 0.3845288157463074,
    "mrr-top-1": 0.40082645416259766,
    "mrr-top-3": 0.47331270575523376,
    "mrr-top-5": 0.4942321181297302,
    "mrr-top-10": 0.5071035623550415,
    "mrr-top-20": 0.5110226273536682,
    "mrr": 0.5146997570991516,
    "retrieval-precision-top-1": 0.40082645416259766,
    "retrieval-precision-top-3": 0.2541322410106659,
    "retrieval-precision-top-5": 0.20309917628765106,
    "retrieval-precision-top-10": 0.14514462649822235,
    "retrieval-precision-top-20": 0.10015495866537094,
    "retrieval-precision": 0.015301467850804329,
    "retrieval-recall-top-1": 0.20663373172283173,
    "retrieval-recall-top-3": 0.3339226245880127,
    "retrieval-recall-top-5": 0.40986138582229614,
    "retrieval-recall-top-10": 0.5073952078819275,
    "retrieval-recall-top-20": 0.6056487560272217,
    "retrieval-recall": 1.0,
    "r-precision": 0.31761467456817627
  }
}