{
  "train": null,
  "validation": null,
  "test": {
    "hit-rate-top-1": 0.3822314143180847,
    "hit-rate-top-3": 0.5609503984451294,
    "hit-rate-top-5": 0.6497933864593506,
    "hit-rate-top-10": 0.7510330677032471,
    "hit-rate-top-20": 0.8254132270812988,
    "hit-rate": 1.0,
    "map-top-1": 0.3822314143180847,
    "map-top-3": 0.45549240708351135,
    "map-top-5": 0.4675748944282532,
    "map-top-10": 0.4575181007385254,
    "map-top-20": 0.4416230618953705,
    "map": 0.38987696170806885,
    "mrr-top-1": 0.3822314143180847,
    "mrr-top-3": 0.4598829448223114,
    "mrr-top-5": 0.47987258434295654,
    "mrr-top-10": 0.4934253394603729,
    "mrr-top-20": 0.4986637830734253,
    "mrr": 0.5020642876625061,
    "retrieval-precision-top-1": 0.3822314143180847,
    "retrieval-precision-top-3": 0.26962810754776,
    "retrieval-precision-top-5": 0.21322312951087952,
    "retrieval-precision-top-10": 0.15444214642047882,
    "retrieval-precision-top-20": 0.10583677142858505,
    "retrieval-precision": 0.015301467850804329,
    "retrieval-recall-top-1": 0.19153383374214172,
    "retrieval-recall-top-3": 0.33910155296325684,
    "retrieval-recall-top-5": 0.41801825165748596,
    "retrieval-recall-top-10": 0.5277010798454285,
    "retrieval-recall-top-20": 0.6310651898384094,
    "retrieval-recall": 1.0,
    "r-precision": 0.3152739703655243
  }
}