{
  "train": null,
  "validation": null,
  "test": {
    "hit-rate-top-1": 0.41733068227767944,
    "hit-rate-top-3": 0.5976095795631409,
    "hit-rate-top-5": 0.6723107695579529,
    "hit-rate-top-10": 0.7529880404472351,
    "hit-rate-top-20": 0.8227091431617737,
    "hit-rate": 1.0,
    "map-top-1": 0.41733068227767944,
    "map-top-3": 0.49344295263290405,
    "map-top-5": 0.499788373708725,
    "map-top-10": 0.49317502975463867,
    "map-top-20": 0.4814870357513428,
    "map": 0.43606331944465637,
    "mrr-top-1": 0.41733068227767944,
    "mrr-top-3": 0.4973439574241638,
    "mrr-top-5": 0.5143758058547974,
    "mrr-top-10": 0.5253438949584961,
    "mrr-top-20": 0.5301952362060547,
    "mrr": 0.533795952796936,
    "retrieval-precision-top-1": 0.41733068227767944,
    "retrieval-precision-top-3": 0.25664010643959045,
    "retrieval-precision-top-5": 0.19083668291568756,
    "retrieval-precision-top-10": 0.12719124555587769,
    "retrieval-precision-top-20": 0.0820717066526413,
    "retrieval-precision": 0.01422689575701952,
    "retrieval-recall-top-1": 0.2584246098995209,
    "retrieval-recall-top-3": 0.42021989822387695,
    "retrieval-recall-top-5": 0.4895155727863312,
    "retrieval-recall-top-10": 0.5898149013519287,
    "retrieval-recall-top-20": 0.6896644830703735,
    "retrieval-recall": 1.0,
    "r-precision": 0.3553888499736786
  }
}