{
  "train": null,
  "validation": null,
  "test": {
    "hit-rate-top-1": 0.395061731338501,
    "hit-rate-top-3": 0.5390946269035339,
    "hit-rate-top-5": 0.6275720000267029,
    "hit-rate-top-10": 0.7222222089767456,
    "hit-rate-top-20": 0.8271604776382446,
    "hit-rate": 1.0,
    "map-top-1": 0.395061731338501,
    "map-top-3": 0.45353224873542786,
    "map-top-5": 0.4647091329097748,
    "map-top-10": 0.45475631952285767,
    "map-top-20": 0.42838385701179504,
    "map": 0.3450835049152374,
    "mrr-top-1": 0.395061731338501,
    "mrr-top-3": 0.4574759900569916,
    "mrr-top-5": 0.4777434766292572,
    "mrr-top-10": 0.4905300736427307,
    "mrr-top-20": 0.4977656900882721,
    "mrr": 0.5014203786849976,
    "retrieval-precision-top-1": 0.395061731338501,
    "retrieval-precision-top-3": 0.22976678609848022,
    "retrieval-precision-top-5": 0.17407408356666565,
    "retrieval-precision-top-10": 0.11625514179468155,
    "retrieval-precision-top-20": 0.07746913284063339,
    "retrieval-precision": 0.008227746933698654,
    "retrieval-recall-top-1": 0.19126509130001068,
    "retrieval-recall-top-3": 0.3101727068424225,
    "retrieval-recall-top-5": 0.36856308579444885,
    "retrieval-recall-top-10": 0.4596502184867859,
    "retrieval-recall-top-20": 0.5841054320335388,
    "retrieval-recall": 1.0,
    "r-precision": 0.28567439317703247
  }
}