{
  "train": null,
  "validation": null,
  "test": {
    "hit-rate-top-1": 0.368525892496109,
    "hit-rate-top-3": 0.5298804640769958,
    "hit-rate-top-5": 0.600597620010376,
    "hit-rate-top-10": 0.6922310590744019,
    "hit-rate-top-20": 0.7679283022880554,
    "hit-rate": 1.0,
    "map-top-1": 0.368525892496109,
    "map-top-3": 0.4356739819049835,
    "map-top-5": 0.44316211342811584,
    "map-top-10": 0.43869176506996155,
    "map-top-20": 0.42430374026298523,
    "map": 0.37550368905067444,
    "mrr-top-1": 0.368525892496109,
    "mrr-top-3": 0.43924301862716675,
    "mrr-top-5": 0.45572710037231445,
    "mrr-top-10": 0.46813973784446716,
    "mrr-top-20": 0.47338685393333435,
    "mrr": 0.4776616394519806,
    "retrieval-precision-top-1": 0.368525892496109,
    "retrieval-precision-top-3": 0.21679945290088654,
    "retrieval-precision-top-5": 0.16374503076076508,
    "retrieval-precision-top-10": 0.11135458946228027,
    "retrieval-precision-top-20": 0.07255975902080536,
    "retrieval-precision": 0.01422689575701952,
    "retrieval-recall-top-1": 0.22635100781917572,
    "retrieval-recall-top-3": 0.3578157126903534,
    "retrieval-recall-top-5": 0.41848018765449524,
    "retrieval-recall-top-10": 0.5227334499359131,
    "retrieval-recall-top-20": 0.6169641613960266,
    "retrieval-recall": 1.0,
    "r-precision": 0.3036566376686096
  },
  "details": null
}