{
  "train": null,
  "validation": null,
  "test": {
    "hit-rate-top-1": 0.26273149251937866,
    "hit-rate-top-3": 0.3888888955116272,
    "hit-rate-top-5": 0.4583333432674408,
    "hit-rate-top-10": 0.5775462985038757,
    "hit-rate-top-20": 0.7048611044883728,
    "hit-rate": 1.0,
    "map-top-1": 0.26273149251937866,
    "map-top-3": 0.3160686790943146,
    "map-top-5": 0.3271733522415161,
    "map-top-10": 0.33715835213661194,
    "map-top-20": 0.3338344991207123,
    "map": 0.3025873899459839,
    "mrr-top-1": 0.26273149251937866,
    "mrr-top-3": 0.3190586566925049,
    "mrr-top-5": 0.33508872985839844,
    "mrr-top-10": 0.35089972615242004,
    "mrr-top-20": 0.35966238379478455,
    "mrr": 0.36624273657798767,
    "retrieval-precision-top-1": 0.26273149251937866,
    "retrieval-precision-top-3": 0.1705247014760971,
    "retrieval-precision-top-5": 0.13263890147209167,
    "retrieval-precision-top-10": 0.0928240716457367,
    "retrieval-precision-top-20": 0.06331019103527069,
    "retrieval-precision": 0.0062158796936273575,
    "retrieval-recall-top-1": 0.16582335531711578,
    "retrieval-recall-top-3": 0.27846798300743103,
    "retrieval-recall-top-5": 0.34044143557548523,
    "retrieval-recall-top-10": 0.45406582951545715,
    "retrieval-recall-top-20": 0.5837191343307495,
    "retrieval-recall": 1.0,
    "r-precision": 0.22512328624725342
  },
  "details": null
}