{
  "train": null,
  "validation": null,
  "test": {
    "hit-rate-top-1": 0.28327229619026184,
    "hit-rate-top-3": 0.4236874282360077,
    "hit-rate-top-5": 0.47863247990608215,
    "hit-rate-top-10": 0.5738705992698669,
    "hit-rate-top-20": 0.6959707140922546,
    "hit-rate": 1.0,
    "map-top-1": 0.28327229619026184,
    "map-top-3": 0.34147337079048157,
    "map-top-5": 0.34943529963493347,
    "map-top-10": 0.35344749689102173,
    "map-top-20": 0.34942400455474854,
    "map": 0.3048180043697357,
    "mrr-top-1": 0.28327229619026184,
    "mrr-top-3": 0.34472936391830444,
    "mrr-top-5": 0.35736674070358276,
    "mrr-top-10": 0.36960870027542114,
    "mrr-top-20": 0.37829023599624634,
    "mrr": 0.38357260823249817,
    "retrieval-precision-top-1": 0.28327229619026184,
    "retrieval-precision-top-3": 0.17134717106819153,
    "retrieval-precision-top-5": 0.12844935059547424,
    "retrieval-precision-top-10": 0.08437119424343109,
    "retrieval-precision-top-20": 0.05811966210603714,
    "retrieval-precision": 0.005885621532797813,
    "retrieval-recall-top-1": 0.1825105994939804,
    "retrieval-recall-top-3": 0.2968055307865143,
    "retrieval-recall-top-5": 0.34775781631469727,
    "retrieval-recall-top-10": 0.4223215579986572,
    "retrieval-recall-top-20": 0.5297849178314209,
    "retrieval-recall": 1.0,
    "r-precision": 0.23744791746139526
  }
}