{
  "train": null,
  "validation": null,
  "test": {
    "hit-rate-top-1": 0.3539094626903534,
    "hit-rate-top-3": 0.5308641791343689,
    "hit-rate-top-5": 0.5946502089500427,
    "hit-rate-top-10": 0.7263374328613281,
    "hit-rate-top-20": 0.8353909254074097,
    "hit-rate": 1.0,
    "map-top-1": 0.3539094626903534,
    "map-top-3": 0.42609742283821106,
    "map-top-5": 0.4253915548324585,
    "map-top-10": 0.4198835492134094,
    "map-top-20": 0.4106672406196594,
    "map": 0.3669464886188507,
    "mrr-top-1": 0.3539094626903534,
    "mrr-top-3": 0.43038409948349,
    "mrr-top-5": 0.4450959861278534,
    "mrr-top-10": 0.4622493088245392,
    "mrr-top-20": 0.46982520818710327,
    "mrr": 0.4741251766681671,
    "retrieval-precision-top-1": 0.3539094626903534,
    "retrieval-precision-top-3": 0.251028835773468,
    "retrieval-precision-top-5": 0.19259260594844818,
    "retrieval-precision-top-10": 0.13518518209457397,
    "retrieval-precision-top-20": 0.08672840148210526,
    "retrieval-precision": 0.008227746933698654,
    "retrieval-recall-top-1": 0.16587777435779572,
    "retrieval-recall-top-3": 0.3191596269607544,
    "retrieval-recall-top-5": 0.3990374207496643,
    "retrieval-recall-top-10": 0.5310422778129578,
    "retrieval-recall-top-20": 0.6553199887275696,
    "retrieval-recall": 1.0,
    "r-precision": 0.29468584060668945
  }
}