{
  "train": null,
  "validation": null,
  "test": {
    "hit-rate-top-1": 0.41334661841392517,
    "hit-rate-top-3": 0.600597620010376,
    "hit-rate-top-5": 0.6703187227249146,
    "hit-rate-top-10": 0.7519920468330383,
    "hit-rate-top-20": 0.8237051963806152,
    "hit-rate": 1.0,
    "map-top-1": 0.41334661841392517,
    "map-top-3": 0.49286192655563354,
    "map-top-5": 0.49876049160957336,
    "map-top-10": 0.49122029542922974,
    "map-top-20": 0.48012077808380127,
    "map": 0.43372395634651184,
    "mrr-top-1": 0.41334661841392517,
    "mrr-top-3": 0.49667996168136597,
    "mrr-top-5": 0.5125165581703186,
    "mrr-top-10": 0.523711085319519,
    "mrr-top-20": 0.5286661386489868,
    "mrr": 0.5321866273880005,
    "retrieval-precision-top-1": 0.41334661841392517,
    "retrieval-precision-top-3": 0.2573041021823883,
    "retrieval-precision-top-5": 0.18964146077632904,
    "retrieval-precision-top-10": 0.127091646194458,
    "retrieval-precision-top-20": 0.08187251538038254,
    "retrieval-precision": 0.01422689575701952,
    "retrieval-recall-top-1": 0.25543656945228577,
    "retrieval-recall-top-3": 0.4208838641643524,
    "retrieval-recall-top-5": 0.4875830411911011,
    "retrieval-recall-top-10": 0.5893168449401855,
    "retrieval-recall-top-20": 0.6884573101997375,
    "retrieval-recall": 1.0,
    "r-precision": 0.35338708758354187
  }
}