{
  "train": null,
  "validation": null,
  "test": {
    "hit-rate-top-1": 0.2569444477558136,
    "hit-rate-top-3": 0.43634259700775146,
    "hit-rate-top-5": 0.5347222089767456,
    "hit-rate-top-10": 0.6493055820465088,
    "hit-rate-top-20": 0.7546296119689941,
    "hit-rate": 1.0,
    "map-top-1": 0.2569444477558136,
    "map-top-3": 0.334973007440567,
    "map-top-5": 0.35257360339164734,
    "map-top-10": 0.35703277587890625,
    "map-top-20": 0.3549552857875824,
    "map": 0.32590317726135254,
    "mrr-top-1": 0.2569444477558136,
    "mrr-top-3": 0.3368055522441864,
    "mrr-top-5": 0.35879629850387573,
    "mrr-top-10": 0.3737686276435852,
    "mrr-top-20": 0.38114047050476074,
    "mrr": 0.38667675852775574,
    "retrieval-precision-top-1": 0.2569444477558136,
    "retrieval-precision-top-3": 0.18942901492118835,
    "retrieval-precision-top-5": 0.1509259194135666,
    "retrieval-precision-top-10": 0.10624999552965164,
    "retrieval-precision-top-20": 0.07054398953914642,
    "retrieval-precision": 0.0062158796936273575,
    "retrieval-recall-top-1": 0.1553153097629547,
    "retrieval-recall-top-3": 0.3203984797000885,
    "retrieval-recall-top-5": 0.40501514077186584,
    "retrieval-recall-top-10": 0.5187065005302429,
    "retrieval-recall-top-20": 0.6386459469795227,
    "retrieval-recall": 1.0,
    "r-precision": 0.22397242486476898
  },
  "details": null
}