{
  "train": null,
  "validation": null,
  "test": {
    "hit-rate-top-1": 0.41769546270370483,
    "hit-rate-top-3": 0.547325074672699,
    "hit-rate-top-5": 0.6090534925460815,
    "hit-rate-top-10": 0.6995884776115417,
    "hit-rate-top-20": 0.7942386865615845,
    "hit-rate": 1.0,
    "map-top-1": 0.41769546270370483,
    "map-top-3": 0.4696502387523651,
    "map-top-5": 0.47435128688812256,
    "map-top-10": 0.4627809524536133,
    "map-top-20": 0.4390665292739868,
    "map": 0.3483714759349823,
    "mrr-top-1": 0.41769546270370483,
    "mrr-top-3": 0.4749656915664673,
    "mrr-top-5": 0.48868313431739807,
    "mrr-top-10": 0.5006687045097351,
    "mrr-top-20": 0.5091818571090698,
    "mrr": 0.5135006904602051,
    "retrieval-precision-top-1": 0.41769546270370483,
    "retrieval-precision-top-3": 0.23113851249217987,
    "retrieval-precision-top-5": 0.16748973727226257,
    "retrieval-precision-top-10": 0.11131688207387924,
    "retrieval-precision-top-20": 0.07294238358736038,
    "retrieval-precision": 0.008227746933698654,
    "retrieval-recall-top-1": 0.2086332142353058,
    "retrieval-recall-top-3": 0.31314581632614136,
    "retrieval-recall-top-5": 0.36044856905937195,
    "retrieval-recall-top-10": 0.44709792733192444,
    "retrieval-recall-top-20": 0.5594432353973389,
    "retrieval-recall": 1.0,
    "r-precision": 0.2968882918357849
  },
  "details": null
}