{
  "train": null,
  "validation": null,
  "test": {
    "hit-rate-top-1": 0.22830578684806824,
    "hit-rate-top-3": 0.40495866537094116,
    "hit-rate-top-5": 0.5072314143180847,
    "hit-rate-top-10": 0.6425619721412659,
    "hit-rate-top-20": 0.7747933864593506,
    "hit-rate": 1.0,
    "map-top-1": 0.22830578684806824,
    "map-top-3": 0.3020833134651184,
    "map-top-5": 0.3224015533924103,
    "map-top-10": 0.3248540461063385,
    "map-top-20": 0.31880494952201843,
    "map": 0.2725408673286438,
    "mrr-top-1": 0.22830578684806824,
    "mrr-top-3": 0.304235577583313,
    "mrr-top-5": 0.32851240038871765,
    "mrr-top-10": 0.3465330898761749,
    "mrr-top-20": 0.35602134466171265,
    "mrr": 0.3611048460006714,
    "retrieval-precision-top-1": 0.22830578684806824,
    "retrieval-precision-top-3": 0.16494490206241608,
    "retrieval-precision-top-5": 0.14235539734363556,
    "retrieval-precision-top-10": 0.11033058911561966,
    "retrieval-precision-top-20": 0.08171487599611282,
    "retrieval-precision": 0.015301467850804329,
    "retrieval-recall-top-1": 0.12516240775585175,
    "retrieval-recall-top-3": 0.22576160728931427,
    "retrieval-recall-top-5": 0.30058753490448,
    "retrieval-recall-top-10": 0.408079594373703,
    "retrieval-recall-top-20": 0.5403333306312561,
    "retrieval-recall": 1.0,
    "r-precision": 0.20865663886070251
  },
  "details": null
}