{
  "train": null,
  "validation": null,
  "test": {
    "hit-rate-top-1": 0.2844932973384857,
    "hit-rate-top-3": 0.4236874282360077,
    "hit-rate-top-5": 0.47863247990608215,
    "hit-rate-top-10": 0.5738705992698669,
    "hit-rate-top-20": 0.6959707140922546,
    "hit-rate": 1.0,
    "map-top-1": 0.2844932973384857,
    "map-top-3": 0.3422873914241791,
    "map-top-5": 0.3499033451080322,
    "map-top-10": 0.35495319962501526,
    "map-top-20": 0.3502682149410248,
    "map": 0.3055029809474945,
    "mrr-top-1": 0.2844932973384857,
    "mrr-top-3": 0.34533989429473877,
    "mrr-top-5": 0.3580382764339447,
    "mrr-top-10": 0.3702816963195801,
    "mrr-top-20": 0.37897929549217224,
    "mrr": 0.384262353181839,
    "retrieval-precision-top-1": 0.2844932973384857,
    "retrieval-precision-top-3": 0.17134717106819153,
    "retrieval-precision-top-5": 0.12869353592395782,
    "retrieval-precision-top-10": 0.08400488644838333,
    "retrieval-precision-top-20": 0.058058612048625946,
    "retrieval-precision": 0.005885621532797813,
    "retrieval-recall-top-1": 0.18373160064220428,
    "retrieval-recall-top-3": 0.2968055307865143,
    "retrieval-recall-top-5": 0.3483683168888092,
    "retrieval-recall-top-10": 0.42019152641296387,
    "retrieval-recall-top-20": 0.5294035077095032,
    "retrieval-recall": 1.0,
    "r-precision": 0.2392345666885376
  }
}