{
  "train": null,
  "validation": null,
  "test": {
    "hit-rate-top-1": 0.42729082703590393,
    "hit-rate-top-3": 0.5946215391159058,
    "hit-rate-top-5": 0.6663346886634827,
    "hit-rate-top-10": 0.7440239191055298,
    "hit-rate-top-20": 0.8127490282058716,
    "hit-rate": 1.0,
    "map-top-1": 0.42729082703590393,
    "map-top-3": 0.49883797764778137,
    "map-top-5": 0.5025357007980347,
    "map-top-10": 0.4956451952457428,
    "map-top-20": 0.4811878204345703,
    "map": 0.43469226360321045,
    "mrr-top-1": 0.42729082703590393,
    "mrr-top-3": 0.5021580457687378,
    "mrr-top-5": 0.5187914967536926,
    "mrr-top-10": 0.5289698839187622,
    "mrr-top-20": 0.5336827635765076,
    "mrr": 0.5376020073890686,
    "retrieval-precision-top-1": 0.42729082703590393,
    "retrieval-precision-top-3": 0.24933598935604095,
    "retrieval-precision-top-5": 0.18824702501296997,
    "retrieval-precision-top-10": 0.125,
    "retrieval-precision-top-20": 0.08157370984554291,
    "retrieval-precision": 0.01422689575701952,
    "retrieval-recall-top-1": 0.2638920247554779,
    "retrieval-recall-top-3": 0.4071137011051178,
    "retrieval-recall-top-5": 0.4847254455089569,
    "retrieval-recall-top-10": 0.578151285648346,
    "retrieval-recall-top-20": 0.6791165471076965,
    "retrieval-recall": 1.0,
    "r-precision": 0.36173775792121887
  }
}