{
  "train": null,
  "validation": null,
  "test": {
    "hit-rate-top-1": 0.282889723777771,
    "hit-rate-top-3": 0.42585551738739014,
    "hit-rate-top-5": 0.4973384141921997,
    "hit-rate-top-10": 0.578707218170166,
    "hit-rate-top-20": 0.6775665283203125,
    "hit-rate": 1.0,
    "map-top-1": 0.282889723777771,
    "map-top-3": 0.3436628580093384,
    "map-top-5": 0.3578707277774811,
    "map-top-10": 0.3608883023262024,
    "map-top-20": 0.36294832825660706,
    "map": 0.3389778137207031,
    "mrr-top-1": 0.282889723777771,
    "mrr-top-3": 0.34613433480262756,
    "mrr-top-5": 0.3623700737953186,
    "mrr-top-10": 0.3733972907066345,
    "mrr-top-20": 0.380351185798645,
    "mrr": 0.38606902956962585,
    "retrieval-precision-top-1": 0.282889723777771,
    "retrieval-precision-top-3": 0.18250951170921326,
    "retrieval-precision-top-5": 0.1414448618888855,
    "retrieval-precision-top-10": 0.09612167626619339,
    "retrieval-precision-top-20": 0.06288973987102509,
    "retrieval-precision": 0.005649717990309,
    "retrieval-recall-top-1": 0.1972109079360962,
    "retrieval-recall-top-3": 0.3298170566558838,
    "retrieval-recall-top-5": 0.39625999331474304,
    "retrieval-recall-top-10": 0.47752106189727783,
    "retrieval-recall-top-20": 0.5747778415679932,
    "retrieval-recall": 1.0,
    "r-precision": 0.26158660650253296
  },
  "details": null
}