{
  "train": null,
  "validation": null,
  "test": {
    "hit-rate-top-1": 0.2530864179134369,
    "hit-rate-top-3": 0.45267489552497864,
    "hit-rate-top-5": 0.5679012537002563,
    "hit-rate-top-10": 0.693415641784668,
    "hit-rate-top-20": 0.8106995820999146,
    "hit-rate": 1.0,
    "map-top-1": 0.25514402985572815,
    "map-top-3": 0.34139230847358704,
    "map-top-5": 0.3574988543987274,
    "map-top-10": 0.3537597060203552,
    "map-top-20": 0.34043145179748535,
    "map": 0.29132750630378723,
    "mrr-top-1": 0.25514402985572815,
    "mrr-top-3": 0.3432784974575043,
    "mrr-top-5": 0.36827847361564636,
    "mrr-top-10": 0.384962260723114,
    "mrr-top-20": 0.39329084753990173,
    "mrr": 0.39750808477401733,
    "retrieval-precision-top-1": 0.25514402985572815,
    "retrieval-precision-top-3": 0.2009602189064026,
    "retrieval-precision-top-5": 0.16378602385520935,
    "retrieval-precision-top-10": 0.11790124326944351,
    "retrieval-precision-top-20": 0.0797325149178505,
    "retrieval-precision": 0.008227746933698654,
    "retrieval-recall-top-1": 0.11578436195850372,
    "retrieval-recall-top-3": 0.25511634349823,
    "retrieval-recall-top-5": 0.34656602144241333,
    "retrieval-recall-top-10": 0.4689731299877167,
    "retrieval-recall-top-20": 0.5985369682312012,
    "retrieval-recall": 1.0,
    "r-precision": 0.21810610592365265
  }
}