{
  "train": null,
  "validation": null,
  "test": {
    "hit-rate-top-1": 0.2654958665370941,
    "hit-rate-top-3": 0.44731405377388,
    "hit-rate-top-5": 0.5485537052154541,
    "hit-rate-top-10": 0.6807851195335388,
    "hit-rate-top-20": 0.7995867729187012,
    "hit-rate": 1.0,
    "map-top-1": 0.2654958665370941,
    "map-top-3": 0.3411673605442047,
    "map-top-5": 0.3576403558254242,
    "map-top-10": 0.35991600155830383,
    "map-top-20": 0.34788715839385986,
    "map": 0.2923387885093689,
    "mrr-top-1": 0.2654958665370941,
    "mrr-top-3": 0.34366393089294434,
    "mrr-top-5": 0.36644285917282104,
    "mrr-top-10": 0.3847082853317261,
    "mrr-top-20": 0.39309537410736084,
    "mrr": 0.3973969519138336,
    "retrieval-precision-top-1": 0.2654958665370941,
    "retrieval-precision-top-3": 0.1835399568080902,
    "retrieval-precision-top-5": 0.15123966336250305,
    "retrieval-precision-top-10": 0.11250001192092896,
    "retrieval-precision-top-20": 0.08083678036928177,
    "retrieval-precision": 0.015301467850804329,
    "retrieval-recall-top-1": 0.14174170792102814,
    "retrieval-recall-top-3": 0.25396615266799927,
    "retrieval-recall-top-5": 0.3262028694152832,
    "retrieval-recall-top-10": 0.43752336502075195,
    "retrieval-recall-top-20": 0.5546244382858276,
    "retrieval-recall": 1.0,
    "r-precision": 0.22498132288455963
  },
  "details": null
}