{
  "train": null,
  "validation": null,
  "test": {
    "hit-rate-top-1": 0.25070029497146606,
    "hit-rate-top-3": 0.43417367339134216,
    "hit-rate-top-5": 0.5196078419685364,
    "hit-rate-top-10": 0.6148459315299988,
    "hit-rate-top-20": 0.7226890921592712,
    "hit-rate": 1.0,
    "map-top-1": 0.25070029497146606,
    "map-top-3": 0.3287815451622009,
    "map-top-5": 0.34465649724006653,
    "map-top-10": 0.3475470542907715,
    "map-top-20": 0.33921003341674805,
    "map": 0.26933059096336365,
    "mrr-top-1": 0.25070029497146606,
    "mrr-top-3": 0.3302987813949585,
    "mrr-top-5": 0.34948647022247314,
    "mrr-top-10": 0.3623199462890625,
    "mrr-top-20": 0.3698602318763733,
    "mrr": 0.37437745928764343,
    "retrieval-precision-top-1": 0.25070029497146606,
    "retrieval-precision-top-3": 0.16479924321174622,
    "retrieval-precision-top-5": 0.1282913237810135,
    "retrieval-precision-top-10": 0.08683473616838455,
    "retrieval-precision-top-20": 0.05931372940540314,
    "retrieval-precision": 0.0007367201033048332,
    "retrieval-recall-top-1": 0.15364792943000793,
    "retrieval-recall-top-3": 0.271887868642807,
    "retrieval-recall-top-5": 0.3360949456691742,
    "retrieval-recall-top-10": 0.40945228934288025,
    "retrieval-recall-top-20": 0.5100683569908142,
    "retrieval-recall": 1.0,
    "r-precision": 0.20983295142650604
  },
  "details": null
}