{
  "train": null,
  "validation": null,
  "test": {
    "hit-rate-top-1": 0.40438246726989746,
    "hit-rate-top-3": 0.5866534113883972,
    "hit-rate-top-5": 0.662350594997406,
    "hit-rate-top-10": 0.7579681277275085,
    "hit-rate-top-20": 0.8356573581695557,
    "hit-rate": 1.0,
    "map-top-1": 0.40438246726989746,
    "map-top-3": 0.4780876636505127,
    "map-top-5": 0.4847070276737213,
    "map-top-10": 0.4821895360946655,
    "map-top-20": 0.47236767411231995,
    "map": 0.44118091464042664,
    "mrr-top-1": 0.40438246726989746,
    "mrr-top-3": 0.48389777541160583,
    "mrr-top-5": 0.5013777613639832,
    "mrr-top-10": 0.5139627456665039,
    "mrr-top-20": 0.5195268988609314,
    "mrr": 0.522993266582489,
    "retrieval-precision-top-1": 0.40438246726989746,
    "retrieval-precision-top-3": 0.262948215007782,
    "retrieval-precision-top-5": 0.19980080425739288,
    "retrieval-precision-top-10": 0.1335657387971878,
    "retrieval-precision-top-20": 0.0857071653008461,
    "retrieval-precision": 0.01422689575701952,
    "retrieval-recall-top-1": 0.24255073070526123,
    "retrieval-recall-top-3": 0.42124032974243164,
    "retrieval-recall-top-5": 0.5012607574462891,
    "retrieval-recall-top-10": 0.6139233112335205,
    "retrieval-recall-top-20": 0.7160738706588745,
    "retrieval-recall": 1.0,
    "r-precision": 0.35206514596939087
  }
}