{
  "train": null,
  "validation": null,
  "test": {
    "hit-rate-top-1": 0.33840304613113403,
    "hit-rate-top-3": 0.48593154549598694,
    "hit-rate-top-5": 0.5574144721031189,
    "hit-rate-top-10": 0.6555132865905762,
    "hit-rate-top-20": 0.7391635179519653,
    "hit-rate": 1.0,
    "map-top-1": 0.33840304613113403,
    "map-top-3": 0.40259823203086853,
    "map-top-5": 0.4156622290611267,
    "map-top-10": 0.41994884610176086,
    "map-top-20": 0.41939911246299744,
    "map": 0.3928845524787903,
    "mrr-top-1": 0.33840304613113403,
    "mrr-top-3": 0.40494292974472046,
    "mrr-top-5": 0.4209505617618561,
    "mrr-top-10": 0.4338535666465759,
    "mrr-top-20": 0.43955662846565247,
    "mrr": 0.4442722499370575,
    "retrieval-precision-top-1": 0.33840304613113403,
    "retrieval-precision-top-3": 0.20101392269134521,
    "retrieval-precision-top-5": 0.15163499116897583,
    "retrieval-precision-top-10": 0.10425855964422226,
    "retrieval-precision-top-20": 0.06866920739412308,
    "retrieval-precision": 0.005649717990309,
    "retrieval-recall-top-1": 0.24688072502613068,
    "retrieval-recall-top-3": 0.3841063678264618,
    "retrieval-recall-top-5": 0.4455604553222656,
    "retrieval-recall-top-10": 0.5450035929679871,
    "retrieval-recall-top-20": 0.6382333636283875,
    "retrieval-recall": 1.0,
    "r-precision": 0.31266555190086365
  }
}