{
  "train": null,
  "validation": null,
  "test": {
    "hit-rate-top-1": 0.3804780840873718,
    "hit-rate-top-3": 0.6065737009048462,
    "hit-rate-top-5": 0.6912350654602051,
    "hit-rate-top-10": 0.7898406386375427,
    "hit-rate-top-20": 0.8655378222465515,
    "hit-rate": 1.0,
    "map-top-1": 0.3804780840873718,
    "map-top-3": 0.4754316210746765,
    "map-top-5": 0.48739901185035706,
    "map-top-10": 0.4829210937023163,
    "map-top-20": 0.46694228053092957,
    "map": 0.4234137535095215,
    "mrr-top-1": 0.3804780840873718,
    "mrr-top-3": 0.47891765832901,
    "mrr-top-5": 0.4981905519962311,
    "mrr-top-10": 0.5110664367675781,
    "mrr-top-20": 0.5166469216346741,
    "mrr": 0.5198035836219788,
    "retrieval-precision-top-1": 0.3804780840873718,
    "retrieval-precision-top-3": 0.25199201703071594,
    "retrieval-precision-top-5": 0.1928286850452423,
    "retrieval-precision-top-10": 0.1292828768491745,
    "retrieval-precision-top-20": 0.0824701189994812,
    "retrieval-precision": 0.01422689575701952,
    "retrieval-recall-top-1": 0.23879846930503845,
    "retrieval-recall-top-3": 0.4126148819923401,
    "retrieval-recall-top-5": 0.4955722391605377,
    "retrieval-recall-top-10": 0.6145873665809631,
    "retrieval-recall-top-20": 0.7193771004676819,
    "retrieval-recall": 1.0,
    "r-precision": 0.336408406496048
  },
  "details": null
}