{
  "train": null,
  "validation": null,
  "test": {
    "hit-rate-top-1": 0.4094650149345398,
    "hit-rate-top-3": 0.5514403581619263,
    "hit-rate-top-5": 0.6296296119689941,
    "hit-rate-top-10": 0.7345678806304932,
    "hit-rate-top-20": 0.8271604776382446,
    "hit-rate": 1.0,
    "map-top-1": 0.4094650149345398,
    "map-top-3": 0.46622082591056824,
    "map-top-5": 0.4736282229423523,
    "map-top-10": 0.46248960494995117,
    "map-top-20": 0.43918728828430176,
    "map": 0.3483688533306122,
    "mrr-top-1": 0.4094650149345398,
    "mrr-top-3": 0.4711934030056,
    "mrr-top-5": 0.48899176716804504,
    "mrr-top-10": 0.5032676458358765,
    "mrr-top-20": 0.5095769762992859,
    "mrr": 0.5131963491439819,
    "retrieval-precision-top-1": 0.4094650149345398,
    "retrieval-precision-top-3": 0.23388202488422394,
    "retrieval-precision-top-5": 0.17489713430404663,
    "retrieval-precision-top-10": 0.11748972535133362,
    "retrieval-precision-top-20": 0.07633745670318604,
    "retrieval-precision": 0.008227746933698654,
    "retrieval-recall-top-1": 0.1953231543302536,
    "retrieval-recall-top-3": 0.31454360485076904,
    "retrieval-recall-top-5": 0.37114736437797546,
    "retrieval-recall-top-10": 0.4689837694168091,
    "retrieval-recall-top-20": 0.5806477665901184,
    "retrieval-recall": 1.0,
    "r-precision": 0.2888636887073517
  }
}