{
  "train": null,
  "validation": null,
  "test": {
    "hit-rate-top-1": 0.33127573132514954,
    "hit-rate-top-3": 0.5226337313652039,
    "hit-rate-top-5": 0.6213991641998291,
    "hit-rate-top-10": 0.7181069850921631,
    "hit-rate-top-20": 0.8374485373497009,
    "hit-rate": 1.0,
    "map-top-1": 0.33127573132514954,
    "map-top-3": 0.41117972135543823,
    "map-top-5": 0.4224308431148529,
    "map-top-10": 0.4096989631652832,
    "map-top-20": 0.38704925775527954,
    "map": 0.33165788650512695,
    "mrr-top-1": 0.33127573132514954,
    "mrr-top-3": 0.41460904479026794,
    "mrr-top-5": 0.4367283880710602,
    "mrr-top-10": 0.4498905837535858,
    "mrr-top-20": 0.45839962363243103,
    "mrr": 0.46206700801849365,
    "retrieval-precision-top-1": 0.33127573132514954,
    "retrieval-precision-top-3": 0.22839505970478058,
    "retrieval-precision-top-5": 0.18271607160568237,
    "retrieval-precision-top-10": 0.12469138205051422,
    "retrieval-precision-top-20": 0.08477366715669632,
    "retrieval-precision": 0.008227746933698654,
    "retrieval-recall-top-1": 0.15505294501781464,
    "retrieval-recall-top-3": 0.2940969169139862,
    "retrieval-recall-top-5": 0.3784402906894684,
    "retrieval-recall-top-10": 0.4875986874103546,
    "retrieval-recall-top-20": 0.6289384365081787,
    "retrieval-recall": 1.0,
    "r-precision": 0.2566377818584442
  }
}