{
  "train": null,
  "validation": null,
  "test": {
    "hit-rate-top-1": 0.33840304613113403,
    "hit-rate-top-3": 0.49277567863464355,
    "hit-rate-top-5": 0.5627376437187195,
    "hit-rate-top-10": 0.6532319188117981,
    "hit-rate-top-20": 0.7406843900680542,
    "hit-rate": 1.0,
    "map-top-1": 0.33840304613113403,
    "map-top-3": 0.4050697386264801,
    "map-top-5": 0.41881176829338074,
    "map-top-10": 0.42263782024383545,
    "map-top-20": 0.421682208776474,
    "map": 0.39684435725212097,
    "mrr-top-1": 0.33840304613113403,
    "mrr-top-3": 0.4073511064052582,
    "mrr-top-5": 0.4232065975666046,
    "mrr-top-10": 0.43527916073799133,
    "mrr-top-20": 0.44135263562202454,
    "mrr": 0.44609588384628296,
    "retrieval-precision-top-1": 0.33840304613113403,
    "retrieval-precision-top-3": 0.20506970584392548,
    "retrieval-precision-top-5": 0.1537642627954483,
    "retrieval-precision-top-10": 0.10471484065055847,
    "retrieval-precision-top-20": 0.0691254734992981,
    "retrieval-precision": 0.005649717990309,
    "retrieval-recall-top-1": 0.24966181814670563,
    "retrieval-recall-top-3": 0.3909544050693512,
    "retrieval-recall-top-5": 0.451455295085907,
    "retrieval-recall-top-10": 0.5430333614349365,
    "retrieval-recall-top-20": 0.6417965888977051,
    "retrieval-recall": 1.0,
    "r-precision": 0.3171858787536621
  }
}