{
  "train": null,
  "validation": null,
  "test": {
    "hit-rate-top-1": 0.15406163036823273,
    "hit-rate-top-3": 0.2478991597890854,
    "hit-rate-top-5": 0.30812326073646545,
    "hit-rate-top-10": 0.3921568691730499,
    "hit-rate-top-20": 0.48879551887512207,
    "hit-rate": 1.0,
    "map-top-1": 0.15406163036823273,
    "map-top-3": 0.1924603283405304,
    "map-top-5": 0.20528322458267212,
    "map-top-10": 0.20869697630405426,
    "map-top-20": 0.2107154130935669,
    "map": 0.1722446084022522,
    "mrr-top-1": 0.15406163036823273,
    "mrr-top-3": 0.19397759437561035,
    "mrr-top-5": 0.20763304829597473,
    "mrr-top-10": 0.21848183870315552,
    "mrr-top-20": 0.22518113255500793,
    "mrr": 0.23110046982765198,
    "retrieval-precision-top-1": 0.15406163036823273,
    "retrieval-precision-top-3": 0.09337069094181061,
    "retrieval-precision-top-5": 0.07422969490289688,
    "retrieval-precision-top-10": 0.05644258111715317,
    "retrieval-precision-top-20": 0.03921568766236305,
    "retrieval-precision": 0.0007367201033048332,
    "retrieval-recall-top-1": 0.09890037775039673,
    "retrieval-recall-top-3": 0.1582529991865158,
    "retrieval-recall-top-5": 0.1991586983203888,
    "retrieval-recall-top-10": 0.26998171210289,
    "retrieval-recall-top-20": 0.34623026847839355,
    "retrieval-recall": 1.0,
    "r-precision": 0.1303166151046753
  }
}