{
  "tomee-sub-tokens-bm25": {
    "retrieval-precision-top-1": {
      "p-value": 0.12084168889836532,
      "statistic": 0.05810683913962597
    },
    "retrieval-precision-top-5": {
      "p-value": 0.4389844041848818,
      "statistic": 0.02900755891844347
    },
    "retrieval-precision-top-10": {
      "p-value": 0.22452069479922523,
      "statistic": 0.04551125220293655
    },
    "hit-rate-top-5": {
      "p-value": 0.2954462384226077,
      "statistic": 0.03920851325341225
    },
    "hit-rate-top-10": {
      "p-value": 0.062426212993564004,
      "statistic": 0.06976787109037862
    },
    "retrieval-recall-top-1": {
      "p-value": 0.15440311329288792,
      "statistic": 0.05335298279251453
    },
    "retrieval-recall-top-5": {
      "p-value": 0.4086358006849208,
      "statistic": 0.030970222376774454
    },
    "retrieval-recall-top-10": {
      "p-value": 0.2369673138414041,
      "statistic": 0.04431363055611839
    },
    "r-precision": {
      "p-value": 0.3415016986977323,
      "statistic": 0.03564899647492498
    },
    "mrr": {
      "p-value": 0.02443988685230219,
      "statistic": 0.0842074083772974
    }
  },
  "tomee-sub-tokens-lsa-1000": {
    "retrieval-precision-top-1": {
      "p-value": 0.0031915873110168825,
      "statistic": 0.11020747813096321
    },
    "retrieval-precision-top-5": {
      "p-value": 0.006328510621559953,
      "statistic": 0.10208907245428389
    },
    "retrieval-precision-top-10": {
      "p-value": 0.03966668033357555,
      "statistic": 0.07700946910275447
    },
    "hit-rate-top-5": {
      "p-value": 0.0032601123530722385,
      "statistic": 0.10996333781208247
    },
    "hit-rate-top-10": {
      "p-value": 0.003408265321443855,
      "statistic": 0.10945105755460742
    },
    "retrieval-recall-top-1": {
      "p-value": 0.002586084661686818,
      "statistic": 0.11260027844799247
    },
    "retrieval-recall-top-5": {
      "p-value": 0.0016635669441357078,
      "statistic": 0.11747899488999747
    },
    "retrieval-recall-top-10": {
      "p-value": 0.005834418525591378,
      "statistic": 0.10308171026272009
    },
    "r-precision": {
      "p-value": 0.01997393109723471,
      "statistic": 0.0870668293756052
    },
    "mrr": {
      "p-value": 0.0005448947211520192,
      "statistic": 0.12908398681171646
    }
  },
  "tomee-sub-tokens-lsa-500": {
    "retrieval-precision-top-1": {
      "p-value": 0.004337757101031809,
      "statistic": 0.10663424306659731
    },
    "retrieval-precision-top-5": {
      "p-value": 0.01797713816124748,
      "statistic": 0.08852983791812263
    },
    "retrieval-precision-top-10": {
      "p-value": 0.10746439267226865,
      "statistic": 0.06029215993756209
    },
    "hit-rate-top-5": {
      "p-value": 0.01025034861246157,
      "statistic": 0.09602372131248728
    },
    "hit-rate-top-10": {
      "p-value": 0.03696747020764268,
      "statistic": 0.07808877354838187
    },
    "retrieval-recall-top-1": {
      "p-value": 0.004617654366358946,
      "statistic": 0.10589333832861443
    },
    "retrieval-recall-top-5": {
      "p-value": 0.005817891205966276,
      "statistic": 0.10311620308081484
    },
    "retrieval-recall-top-10": {
      "p-value": 0.027912615927234905,
      "statistic": 0.08228187076956164
    },
    "r-precision": {
      "p-value": 0.02877443186203734,
      "statistic": 0.08183616254075295
    },
    "mrr": {
      "p-value": 0.0006615767954560029,
      "statistic": 0.12713522877807656
    }
  },
  "tomee-sub-tokens-rvsm": {
    "retrieval-precision-top-1": {
      "p-value": 0.00018885344739758055,
      "statistic": 0.13928434643791363
    },
    "retrieval-precision-top-5": {
      "p-value": 4.151146224884641e-09,
      "statistic": 0.21771802405460647
    },
    "retrieval-precision-top-10": {
      "p-value": 7.581928228534627e-09,
      "statistic": 0.21408095641175462
    },
    "hit-rate-top-5": {
      "p-value": 2.8112925367409794e-09,
      "statistic": 0.2200376909241331
    },
    "hit-rate-top-10": {
      "p-value": 4.569393883085835e-09,
      "statistic": 0.2171426842136991
    },
    "retrieval-recall-top-1": {
      "p-value": 0.00016419250807365413,
      "statistic": 0.14058014647585132
    },
    "retrieval-recall-top-5": {
      "p-value": 1.3188358456359823e-09,
      "statistic": 0.22447066462460274
    },
    "retrieval-recall-top-10": {
      "p-value": 9.724954243353254e-09,
      "statistic": 0.21255901483721132
    },
    "r-precision": {
      "p-value": 4.188039723263149e-06,
      "statistic": 0.17124533301909522
    },
    "mrr": {
      "p-value": 5.3806595939523474e-11,
      "statistic": 0.24226018640850974
    }
  },
  "tomee-sub-tokens-tfidf": {
    "retrieval-precision-top-1": {
      "p-value": 0.0006224932582022305,
      "statistic": 0.12774971181926406
    },
    "retrieval-precision-top-5": {
      "p-value": 0.011079952713999367,
      "statistic": 0.09501469382805665
    },
    "retrieval-precision-top-10": {
      "p-value": 0.13601162189894783,
      "statistic": 0.05584643138007511
    },
    "hit-rate-top-5": {
      "p-value": 0.0038912894287094317,
      "statistic": 0.1079108091408054
    },
    "hit-rate-top-10": {
      "p-value": 0.03124215356845836,
      "statistic": 0.08062048472421136
    },
    "retrieval-recall-top-1": {
      "p-value": 0.0006034995547933662,
      "statistic": 0.12806138348861854
    },
    "retrieval-recall-top-5": {
      "p-value": 0.002281760315492519,
      "statistic": 0.11400341009316756
    },
    "retrieval-recall-top-10": {
      "p-value": 0.027995428123623347,
      "statistic": 0.08223853250334348
    },
    "r-precision": {
      "p-value": 0.059957179244204184,
      "statistic": 0.07043467104316704
    },
    "mrr": {
      "p-value": 0.0003129610534035588,
      "statistic": 0.13451081754710517
    }
  }
}