{
  "train": null,
  "validation": null,
  "test": {
    "hit-rate-top-1": 0.36213991045951843,
    "hit-rate-top-3": 0.5390946269035339,
    "hit-rate-top-5": 0.6296296119689941,
    "hit-rate-top-10": 0.709876537322998,
    "hit-rate-top-20": 0.806584358215332,
    "hit-rate": 1.0,
    "map-top-1": 0.36213991045951843,
    "map-top-3": 0.43621402978897095,
    "map-top-5": 0.4450417459011078,
    "map-top-10": 0.43918758630752563,
    "map-top-20": 0.4242704510688782,
    "map": 0.37533560395240784,
    "mrr-top-1": 0.36213991045951843,
    "mrr-top-3": 0.4406721591949463,
    "mrr-top-5": 0.4608367681503296,
    "mrr-top-10": 0.4716759920120239,
    "mrr-top-20": 0.47846174240112305,
    "mrr": 0.4832827150821686,
    "retrieval-precision-top-1": 0.36213991045951843,
    "retrieval-precision-top-3": 0.2647462487220764,
    "retrieval-precision-top-5": 0.202469140291214,
    "retrieval-precision-top-10": 0.12839506566524506,
    "retrieval-precision-top-20": 0.08384773880243301,
    "retrieval-precision": 0.008227746933698654,
    "retrieval-recall-top-1": 0.16889537870883942,
    "retrieval-recall-top-3": 0.33965563774108887,
    "retrieval-recall-top-5": 0.4247332215309143,
    "retrieval-recall-top-10": 0.5087140798568726,
    "retrieval-recall-top-20": 0.6336109638214111,
    "retrieval-recall": 1.0,
    "r-precision": 0.30662718415260315
  },
  "details": null
}