{
  "train": null,
  "validation": null,
  "test": {
    "hit-rate-top-1": 0.35741445422172546,
    "hit-rate-top-3": 0.5612167119979858,
    "hit-rate-top-5": 0.6441064476966858,
    "hit-rate-top-10": 0.7543725967407227,
    "hit-rate-top-20": 0.844866931438446,
    "hit-rate": 1.0,
    "map-top-1": 0.35741445422172546,
    "map-top-3": 0.44518378376960754,
    "map-top-5": 0.4577450156211853,
    "map-top-10": 0.4646231532096863,
    "map-top-20": 0.46115127205848694,
    "map": 0.42870134115219116,
    "mrr-top-1": 0.35741445422172546,
    "mrr-top-3": 0.447401762008667,
    "mrr-top-5": 0.4660329818725586,
    "mrr-top-10": 0.48108458518981934,
    "mrr-top-20": 0.4875214993953705,
    "mrr": 0.49082547426223755,
    "retrieval-precision-top-1": 0.35741445422172546,
    "retrieval-precision-top-3": 0.22382763028144836,
    "retrieval-precision-top-5": 0.16821293532848358,
    "retrieval-precision-top-10": 0.11064639687538147,
    "retrieval-precision-top-20": 0.0692015215754509,
    "retrieval-precision": 0.005649717990309,
    "retrieval-recall-top-1": 0.2627195715904236,
    "retrieval-recall-top-3": 0.44369468092918396,
    "retrieval-recall-top-5": 0.5260140299797058,
    "retrieval-recall-top-10": 0.6398704051971436,
    "retrieval-recall-top-20": 0.732435405254364,
    "retrieval-recall": 1.0,
    "r-precision": 0.32572704553604126
  }
}