{
  "train": null,
  "validation": null,
  "test": {
    "hit-rate-top-1": 0.38533058762550354,
    "hit-rate-top-3": 0.577479362487793,
    "hit-rate-top-5": 0.6559917330741882,
    "hit-rate-top-10": 0.7520661354064941,
    "hit-rate-top-20": 0.8264462947845459,
    "hit-rate": 1.0,
    "map-top-1": 0.38533058762550354,
    "map-top-3": 0.4624655544757843,
    "map-top-5": 0.47079887986183167,
    "map-top-10": 0.4651333689689636,
    "map-top-20": 0.4466632604598999,
    "map": 0.39336663484573364,
    "mrr-top-1": 0.38533058762550354,
    "mrr-top-3": 0.46745866537094116,
    "mrr-top-5": 0.4851239323616028,
    "mrr-top-10": 0.4983356297016144,
    "mrr-top-20": 0.503656804561615,
    "mrr": 0.5068676471710205,
    "retrieval-precision-top-1": 0.38533058762550354,
    "retrieval-precision-top-3": 0.27134984731674194,
    "retrieval-precision-top-5": 0.2175619900226593,
    "retrieval-precision-top-10": 0.15413223206996918,
    "retrieval-precision-top-20": 0.10614669322967529,
    "retrieval-precision": 0.015301467850804329,
    "retrieval-recall-top-1": 0.19544626772403717,
    "retrieval-recall-top-3": 0.348452091217041,
    "retrieval-recall-top-5": 0.42569246888160706,
    "retrieval-recall-top-10": 0.5278537273406982,
    "retrieval-recall-top-20": 0.6324796676635742,
    "retrieval-recall": 1.0,
    "r-precision": 0.3188442885875702
  }
}