{
  "tomee-no-sub-tokens-bm25": {
    "retrieval-precision-top-1": {
      "p-value": 0.001898226425426245,
      "statistic": 0.12031354992062303
    },
    "retrieval-precision-top-5": {
      "p-value": 0.00602507222569755,
      "statistic": 0.10647900564054433
    },
    "retrieval-precision-top-10": {
      "p-value": 0.010261620985284494,
      "statistic": 0.09955451936571504
    },
    "hit-rate-top-5": {
      "p-value": 0.006358281560956265,
      "statistic": 0.10579645096312874
    },
    "hit-rate-top-10": {
      "p-value": 0.0007379386215692717,
      "statistic": 0.13066282782726293
    },
    "retrieval-recall-top-1": {
      "p-value": 0.0018322062237115279,
      "statistic": 0.12071554630355104
    },
    "retrieval-recall-top-5": {
      "p-value": 0.0034362660305044,
      "statistic": 0.11338840288164882
    },
    "retrieval-recall-top-10": {
      "p-value": 0.00330337059836152,
      "statistic": 0.11386005731758583
    },
    "r-precision": {
      "p-value": 0.009749185312483484,
      "statistic": 0.10023809683586381
    },
    "mrr": {
      "p-value": 0.0002330715446204469,
      "statistic": 0.14235880987936794
    }
  },
  "tomee-no-sub-tokens-lsa-1000": {
    "retrieval-precision-top-1": {
      "p-value": 0.09345281430630971,
      "statistic": 0.0651516044277148
    },
    "retrieval-precision-top-5": {
      "p-value": 0.0758228632596361,
      "statistic": 0.06894889803726624
    },
    "retrieval-precision-top-10": {
      "p-value": 0.15228952211410582,
      "statistic": 0.055614414475288594
    },
    "hit-rate-top-5": {
      "p-value": 0.053249117819106864,
      "statistic": 0.07504647622468089
    },
    "hit-rate-top-10": {
      "p-value": 0.07269570534445444,
      "statistic": 0.06969588765848608
    },
    "retrieval-recall-top-1": {
      "p-value": 0.09091788337321213,
      "statistic": 0.06565996222494712
    },
    "retrieval-recall-top-5": {
      "p-value": 0.0315558496493535,
      "statistic": 0.08344753311337386
    },
    "retrieval-recall-top-10": {
      "p-value": 0.06839912309299481,
      "statistic": 0.0707662584901895
    },
    "r-precision": {
      "p-value": 0.06827573265440903,
      "statistic": 0.07079780228724743
    },
    "mrr": {
      "p-value": 0.007661741367555448,
      "statistic": 0.10340237528402059
    }
  },
  "tomee-no-sub-tokens-lsa-500": {
    "retrieval-precision-top-1": {
      "p-value": 0.5737673676476963,
      "statistic": 0.021868284242701666
    },
    "retrieval-precision-top-5": {
      "p-value": 0.40132664275735097,
      "statistic": 0.0326221784634528
    },
    "retrieval-precision-top-10": {
      "p-value": 0.7027358029255337,
      "statistic": 0.014837258169283772
    },
    "hit-rate-top-5": {
      "p-value": 0.29952699401060034,
      "statistic": 0.04032039789044969
    },
    "hit-rate-top-10": {
      "p-value": 0.5089187620663216,
      "statistic": 0.025677387394477686
    },
    "retrieval-recall-top-1": {
      "p-value": 0.6343060003117211,
      "statistic": 0.018493031719927316
    },
    "retrieval-recall-top-5": {
      "p-value": 0.2877890570987906,
      "statistic": 0.04131201902473419
    },
    "retrieval-recall-top-10": {
      "p-value": 0.40131113845314215,
      "statistic": 0.03262325208828823
    },
    "r-precision": {
      "p-value": 0.8818555523034362,
      "statistic": 0.005778312296421429
    },
    "mrr": {
      "p-value": 0.10326572274401578,
      "statistic": 0.06328198467164549
    }
  },
  "tomee-no-sub-tokens-rvsm": {
    "retrieval-precision-top-1": {
      "p-value": 2.533603505016594e-07,
      "statistic": 0.19844154569490124
    },
    "retrieval-precision-top-5": {
      "p-value": 2.8158571828744073e-12,
      "statistic": 0.26670963879251375
    },
    "retrieval-precision-top-10": {
      "p-value": 2.9548393782873773e-12,
      "statistic": 0.26646077066326146
    },
    "hit-rate-top-5": {
      "p-value": 1.8498813346813935e-12,
      "statistic": 0.26886907550615025
    },
    "hit-rate-top-10": {
      "p-value": 2.5613087797222128e-12,
      "statistic": 0.267198321390455
    },
    "retrieval-recall-top-1": {
      "p-value": 2.8590274062143374e-07,
      "statistic": 0.19758546406764257
    },
    "retrieval-recall-top-5": {
      "p-value": 4.829263787418364e-13,
      "statistic": 0.2756450443684069
    },
    "retrieval-recall-top-10": {
      "p-value": 1.5968300000354443e-12,
      "statistic": 0.26962057304705966
    },
    "r-precision": {
      "p-value": 4.833257423170778e-07,
      "statistic": 0.19382130402726178
    },
    "mrr": {
      "p-value": 1.4274143588028747e-11,
      "statistic": 0.2581778947429936
    }
  },
  "tomee-no-sub-tokens-tfidf": {
    "retrieval-precision-top-1": {
      "p-value": 3.632601432484527e-06,
      "statistic": 0.17862106545574696
    },
    "retrieval-precision-top-5": {
      "p-value": 0.0002806655501755706,
      "statistic": 0.1405337823661094
    },
    "retrieval-precision-top-10": {
      "p-value": 0.0038287531667956626,
      "statistic": 0.11208625361608057
    },
    "hit-rate-top-5": {
      "p-value": 8.8830905204315e-05,
      "statistic": 0.15150243533846863
    },
    "hit-rate-top-10": {
      "p-value": 0.0007777867467804222,
      "statistic": 0.13010625543424084
    },
    "retrieval-recall-top-1": {
      "p-value": 1.9171545454840673e-06,
      "statistic": 0.1835733386941961
    },
    "retrieval-recall-top-5": {
      "p-value": 2.0021139640165076e-05,
      "statistic": 0.1646797710259683
    },
    "retrieval-recall-top-10": {
      "p-value": 0.0004032956743074751,
      "statistic": 0.13690878157048514
    },
    "r-precision": {
      "p-value": 1.1448320903786178e-06,
      "statistic": 0.18747365118715
    },
    "mrr": {
      "p-value": 4.383746307907104e-06,
      "statistic": 0.17713858878205313
    }
  }
}