{
  "train": null,
  "validation": null,
  "test": {
    "hit-rate-top-1": 0.32091253995895386,
    "hit-rate-top-3": 0.48897337913513184,
    "hit-rate-top-5": 0.5931559205055237,
    "hit-rate-top-10": 0.7102661728858948,
    "hit-rate-top-20": 0.8068441152572632,
    "hit-rate": 1.0,
    "map-top-1": 0.32091253995895386,
    "map-top-3": 0.39195185899734497,
    "map-top-5": 0.41294780373573303,
    "map-top-10": 0.42158254981040955,
    "map-top-20": 0.4209756851196289,
    "map": 0.39107778668403625,
    "mrr-top-1": 0.32091253995895386,
    "mrr-top-3": 0.39404305815696716,
    "mrr-top-5": 0.41803550720214844,
    "mrr-top-10": 0.43374040722846985,
    "mrr-top-20": 0.44060853123664856,
    "mrr": 0.4449690282344818,
    "retrieval-precision-top-1": 0.32091253995895386,
    "retrieval-precision-top-3": 0.18504434823989868,
    "retrieval-precision-top-5": 0.14418253302574158,
    "retrieval-precision-top-10": 0.09680609405040741,
    "retrieval-precision-top-20": 0.06193917244672775,
    "retrieval-precision": 0.005649717990309,
    "retrieval-recall-top-1": 0.24697713553905487,
    "retrieval-recall-top-3": 0.396742582321167,
    "retrieval-recall-top-5": 0.4820660650730133,
    "retrieval-recall-top-10": 0.5899286866188049,
    "retrieval-recall-top-20": 0.6852299571037292,
    "retrieval-recall": 1.0,
    "r-precision": 0.29482096433639526
  },
  "details": null
}