{
  "train": null,
  "validation": null,
  "test": {
    "hit-rate-top-1": 0.34143519401550293,
    "hit-rate-top-3": 0.5798611044883728,
    "hit-rate-top-5": 0.6863425970077515,
    "hit-rate-top-10": 0.8020833134651184,
    "hit-rate-top-20": 0.8842592835426331,
    "hit-rate": 1.0,
    "map-top-1": 0.34143519401550293,
    "map-top-3": 0.4410686492919922,
    "map-top-5": 0.45748937129974365,
    "map-top-10": 0.46119365096092224,
    "map-top-20": 0.451851487159729,
    "map": 0.42020779848098755,
    "mrr-top-1": 0.34143519401550293,
    "mrr-top-3": 0.44386574625968933,
    "mrr-top-5": 0.4679397940635681,
    "mrr-top-10": 0.48329105973243713,
    "mrr-top-20": 0.48914411664009094,
    "mrr": 0.4915659427642822,
    "retrieval-precision-top-1": 0.34143519401550293,
    "retrieval-precision-top-3": 0.24845677614212036,
    "retrieval-precision-top-5": 0.1962963044643402,
    "retrieval-precision-top-10": 0.13217592239379883,
    "retrieval-precision-top-20": 0.08541666716337204,
    "retrieval-precision": 0.0062158796936273575,
    "retrieval-recall-top-1": 0.21777507662773132,
    "retrieval-recall-top-3": 0.4307212233543396,
    "retrieval-recall-top-5": 0.530598521232605,
    "retrieval-recall-top-10": 0.6533300876617432,
    "retrieval-recall-top-20": 0.7686320543289185,
    "retrieval-recall": 1.0,
    "r-precision": 0.30261147022247314
  }
}