{
  "train": null,
  "validation": null,
  "test": {
    "hit-rate-top-1": 0.35995370149612427,
    "hit-rate-top-3": 0.6006944179534912,
    "hit-rate-top-5": 0.6840277910232544,
    "hit-rate-top-10": 0.7858796119689941,
    "hit-rate-top-20": 0.8553240895271301,
    "hit-rate": 1.0,
    "map-top-1": 0.35995370149612427,
    "map-top-3": 0.4673997163772583,
    "map-top-5": 0.4789448082447052,
    "map-top-10": 0.47464844584465027,
    "map-top-20": 0.4644472897052765,
    "map": 0.42773422598838806,
    "mrr-top-1": 0.35995370149612427,
    "mrr-top-3": 0.46797841787338257,
    "mrr-top-5": 0.4872492253780365,
    "mrr-top-10": 0.5010857582092285,
    "mrr-top-20": 0.5059454441070557,
    "mrr": 0.5093119740486145,
    "retrieval-precision-top-1": 0.35995370149612427,
    "retrieval-precision-top-3": 0.2507716119289398,
    "retrieval-precision-top-5": 0.19212962687015533,
    "retrieval-precision-top-10": 0.12893520295619965,
    "retrieval-precision-top-20": 0.08113425970077515,
    "retrieval-precision": 0.0062158796936273575,
    "retrieval-recall-top-1": 0.23574553430080414,
    "retrieval-recall-top-3": 0.43641898036003113,
    "retrieval-recall-top-5": 0.5211792588233948,
    "retrieval-recall-top-10": 0.6388494968414307,
    "retrieval-recall-top-20": 0.736301839351654,
    "retrieval-recall": 1.0,
    "r-precision": 0.32068902254104614
  },
  "details": null
}