{
  "train": null,
  "validation": null,
  "test": {
    "hit-rate-top-1": 0.3539094626903534,
    "hit-rate-top-3": 0.5329217910766602,
    "hit-rate-top-5": 0.5987654328346252,
    "hit-rate-top-10": 0.7263374328613281,
    "hit-rate-top-20": 0.8395061492919922,
    "hit-rate": 1.0,
    "map-top-1": 0.3539094626903534,
    "map-top-3": 0.42558300495147705,
    "map-top-5": 0.42483997344970703,
    "map-top-10": 0.4212832748889923,
    "map-top-20": 0.4127856194972992,
    "map": 0.36735597252845764,
    "mrr-top-1": 0.3539094626903534,
    "mrr-top-3": 0.43038409948349,
    "mrr-top-5": 0.4456104636192322,
    "mrr-top-10": 0.4625408351421356,
    "mrr-top-20": 0.47029364109039307,
    "mrr": 0.4744194447994232,
    "retrieval-precision-top-1": 0.3539094626903534,
    "retrieval-precision-top-3": 0.25102880597114563,
    "retrieval-precision-top-5": 0.19465021789073944,
    "retrieval-precision-top-10": 0.135390967130661,
    "retrieval-precision-top-20": 0.08672840148210526,
    "retrieval-precision": 0.008227746933698654,
    "retrieval-recall-top-1": 0.1662060171365738,
    "retrieval-recall-top-3": 0.3191596269607544,
    "retrieval-recall-top-5": 0.4028668701648712,
    "retrieval-recall-top-10": 0.5317366719245911,
    "retrieval-recall-top-20": 0.6571562886238098,
    "retrieval-recall": 1.0,
    "r-precision": 0.2913936674594879
  }
}