{
  "train": null,
  "validation": null,
  "test": {
    "hit-rate-top-1": 0.3997933864593506,
    "hit-rate-top-3": 0.557851254940033,
    "hit-rate-top-5": 0.6394628286361694,
    "hit-rate-top-10": 0.7396694421768188,
    "hit-rate-top-20": 0.8026859760284424,
    "hit-rate": 1.0,
    "map-top-1": 0.3997933864593506,
    "map-top-3": 0.46530646085739136,
    "map-top-5": 0.4744504690170288,
    "map-top-10": 0.46520087122917175,
    "map-top-20": 0.445736825466156,
    "map": 0.37865349650382996,
    "mrr-top-1": 0.3997933864593506,
    "mrr-top-3": 0.47021350264549255,
    "mrr-top-5": 0.48886018991470337,
    "mrr-top-10": 0.5027954578399658,
    "mrr-top-20": 0.5070492625236511,
    "mrr": 0.5106728076934814,
    "retrieval-precision-top-1": 0.3997933864593506,
    "retrieval-precision-top-3": 0.25,
    "retrieval-precision-top-5": 0.19648762047290802,
    "retrieval-precision-top-10": 0.14225205779075623,
    "retrieval-precision-top-20": 0.09891528636217117,
    "retrieval-precision": 0.015301467850804329,
    "retrieval-recall-top-1": 0.2054041028022766,
    "retrieval-recall-top-3": 0.32998842000961304,
    "retrieval-recall-top-5": 0.3965175747871399,
    "retrieval-recall-top-10": 0.4979649484157562,
    "retrieval-recall-top-20": 0.5946147441864014,
    "retrieval-recall": 1.0,
    "r-precision": 0.3108251392841339
  }
}