{
  "train": null,
  "validation": null,
  "test": {
    "hit-rate-top-1": 0.24053724110126495,
    "hit-rate-top-3": 0.40048840641975403,
    "hit-rate-top-5": 0.4615384638309479,
    "hit-rate-top-10": 0.5543345808982849,
    "hit-rate-top-20": 0.6544566750526428,
    "hit-rate": 1.0,
    "map-top-1": 0.24053724110126495,
    "map-top-3": 0.30993083119392395,
    "map-top-5": 0.31864234805107117,
    "map-top-10": 0.32219094038009644,
    "map-top-20": 0.3192833364009857,
    "map": 0.28901782631874084,
    "mrr-top-1": 0.24053724110126495,
    "mrr-top-3": 0.3105413317680359,
    "mrr-top-5": 0.3243386149406433,
    "mrr-top-10": 0.3372894823551178,
    "mrr-top-20": 0.3444688320159912,
    "mrr": 0.351276695728302,
    "retrieval-precision-top-1": 0.24053724110126495,
    "retrieval-precision-top-3": 0.16402113437652588,
    "retrieval-precision-top-5": 0.1260073184967041,
    "retrieval-precision-top-10": 0.08766788989305496,
    "retrieval-precision-top-20": 0.05811966583132744,
    "retrieval-precision": 0.005885621532797813,
    "retrieval-recall-top-1": 0.15536075830459595,
    "retrieval-recall-top-3": 0.28072410821914673,
    "retrieval-recall-top-5": 0.33388417959213257,
    "retrieval-recall-top-10": 0.422317773103714,
    "retrieval-recall-top-20": 0.5122767090797424,
    "retrieval-recall": 1.0,
    "r-precision": 0.22320851683616638
  },
  "details": null
}