{
  "train": null,
  "validation": null,
  "test": {
    "hit-rate-top-1": 0.14705882966518402,
    "hit-rate-top-3": 0.2478991597890854,
    "hit-rate-top-5": 0.32773110270500183,
    "hit-rate-top-10": 0.424369752407074,
    "hit-rate-top-20": 0.518207311630249,
    "hit-rate": 1.0,
    "map-top-1": 0.14705882966518402,
    "map-top-3": 0.18977591395378113,
    "map-top-5": 0.20475414395332336,
    "map-top-10": 0.21054649353027344,
    "map-top-20": 0.20875442028045654,
    "map": 0.16851644217967987,
    "mrr-top-1": 0.14705882966518402,
    "mrr-top-3": 0.19070962071418762,
    "mrr-top-5": 0.20877684652805328,
    "mrr-top-10": 0.2214830368757248,
    "mrr-top-20": 0.22811126708984375,
    "mrr": 0.23420174419879913,
    "retrieval-precision-top-1": 0.14705882966518402,
    "retrieval-precision-top-3": 0.09757237136363983,
    "retrieval-precision-top-5": 0.08431372046470642,
    "retrieval-precision-top-10": 0.06260504573583603,
    "retrieval-precision-top-20": 0.04404762014746666,
    "retrieval-precision": 0.0007367201033048332,
    "retrieval-recall-top-1": 0.08404328674077988,
    "retrieval-recall-top-3": 0.14945530891418457,
    "retrieval-recall-top-5": 0.2063310295343399,
    "retrieval-recall-top-10": 0.28105175495147705,
    "retrieval-recall-top-20": 0.3606821298599243,
    "retrieval-recall": 1.0,
    "r-precision": 0.12438278645277023
  }
}