{
  "train": null,
  "validation": null,
  "test": {
    "hit-rate-top-1": 0.3024691343307495,
    "hit-rate-top-3": 0.49794238805770874,
    "hit-rate-top-5": 0.5823045372962952,
    "hit-rate-top-10": 0.709876537322998,
    "hit-rate-top-20": 0.8168724179267883,
    "hit-rate": 1.0,
    "map-top-1": 0.3024691343307495,
    "map-top-3": 0.3856310248374939,
    "map-top-5": 0.3934271037578583,
    "map-top-10": 0.3892258107662201,
    "map-top-20": 0.3692527115345001,
    "map": 0.3119962513446808,
    "mrr-top-1": 0.3024691343307495,
    "mrr-top-3": 0.38957473635673523,
    "mrr-top-5": 0.4087105393409729,
    "mrr-top-10": 0.42602142691612244,
    "mrr-top-20": 0.4334380030632019,
    "mrr": 0.43972453474998474,
    "retrieval-precision-top-1": 0.3024691343307495,
    "retrieval-precision-top-3": 0.21947874128818512,
    "retrieval-precision-top-5": 0.17325104773044586,
    "retrieval-precision-top-10": 0.11995885521173477,
    "retrieval-precision-top-20": 0.07993827015161514,
    "retrieval-precision": 0.008227746933698654,
    "retrieval-recall-top-1": 0.1379951536655426,
    "retrieval-recall-top-3": 0.2858322262763977,
    "retrieval-recall-top-5": 0.3586404323577881,
    "retrieval-recall-top-10": 0.47330671548843384,
    "retrieval-recall-top-20": 0.6117609739303589,
    "retrieval-recall": 1.0,
    "r-precision": 0.23955684900283813
  },
  "details": null
}