{
  "train": null,
  "validation": null,
  "test": {
    "hit-rate-top-1": 0.1330532282590866,
    "hit-rate-top-3": 0.23249299824237823,
    "hit-rate-top-5": 0.3025210201740265,
    "hit-rate-top-10": 0.40336135029792786,
    "hit-rate-top-20": 0.5028011202812195,
    "hit-rate": 1.0,
    "map-top-1": 0.1330532282590866,
    "map-top-3": 0.1736694723367691,
    "map-top-5": 0.1863795518875122,
    "map-top-10": 0.19529986381530762,
    "map-top-20": 0.19310437142848969,
    "map": 0.1576734334230423,
    "mrr-top-1": 0.1330532282590866,
    "mrr-top-3": 0.17483660578727722,
    "mrr-top-5": 0.19052286446094513,
    "mrr-top-10": 0.20409831404685974,
    "mrr-top-20": 0.21094198524951935,
    "mrr": 0.21691972017288208,
    "retrieval-precision-top-1": 0.1330532282590866,
    "retrieval-precision-top-3": 0.09243697673082352,
    "retrieval-precision-top-5": 0.08123249560594559,
    "retrieval-precision-top-10": 0.06120448186993599,
    "retrieval-precision-top-20": 0.043697480112314224,
    "retrieval-precision": 0.0007367201033048332,
    "retrieval-recall-top-1": 0.07572057843208313,
    "retrieval-recall-top-3": 0.13817693293094635,
    "retrieval-recall-top-5": 0.19326648116111755,
    "retrieval-recall-top-10": 0.26717856526374817,
    "retrieval-recall-top-20": 0.34258198738098145,
    "retrieval-recall": 1.0,
    "r-precision": 0.11070463061332703
  }
}