{
  "train": null,
  "validation": null,
  "test": {
    "hit-rate-top-1": 0.3368821144104004,
    "hit-rate-top-3": 0.4844106435775757,
    "hit-rate-top-5": 0.5589353442192078,
    "hit-rate-top-10": 0.6562737822532654,
    "hit-rate-top-20": 0.7376425862312317,
    "hit-rate": 1.0,
    "map-top-1": 0.3368821144104004,
    "map-top-3": 0.40190112590789795,
    "map-top-5": 0.4159231185913086,
    "map-top-10": 0.42042914032936096,
    "map-top-20": 0.41927680373191833,
    "map": 0.39340972900390625,
    "mrr-top-1": 0.3368821144104004,
    "mrr-top-3": 0.40392908453941345,
    "mrr-top-5": 0.42073509097099304,
    "mrr-top-10": 0.43364837765693665,
    "mrr-top-20": 0.43928349018096924,
    "mrr": 0.4440684914588928,
    "retrieval-precision-top-1": 0.3368821144104004,
    "retrieval-precision-top-3": 0.20126739144325256,
    "retrieval-precision-top-5": 0.15163500607013702,
    "retrieval-precision-top-10": 0.10433460026979446,
    "retrieval-precision-top-20": 0.06851711124181747,
    "retrieval-precision": 0.005649717990309,
    "retrieval-recall-top-1": 0.24691875278949738,
    "retrieval-recall-top-3": 0.3845101296901703,
    "retrieval-recall-top-5": 0.44586673378944397,
    "retrieval-recall-top-10": 0.544172465801239,
    "retrieval-recall-top-20": 0.6373003125190735,
    "retrieval-recall": 1.0,
    "r-precision": 0.31326255202293396
  }
}