{
  "train": null,
  "validation": null,
  "test": {
    "hit-rate-top-1": 0.3020833432674408,
    "hit-rate-top-3": 0.45949074625968933,
    "hit-rate-top-5": 0.5173611044883728,
    "hit-rate-top-10": 0.6365740895271301,
    "hit-rate-top-20": 0.7696759104728699,
    "hit-rate": 1.0,
    "map-top-1": 0.3020833432674408,
    "map-top-3": 0.36641591787338257,
    "map-top-5": 0.3725597858428955,
    "map-top-10": 0.37977203726768494,
    "map-top-20": 0.37276431918144226,
    "map": 0.34119221568107605,
    "mrr-top-1": 0.3020833432674408,
    "mrr-top-3": 0.3697916567325592,
    "mrr-top-5": 0.38321760296821594,
    "mrr-top-10": 0.398951917886734,
    "mrr-top-20": 0.4079781770706177,
    "mrr": 0.4130907654762268,
    "retrieval-precision-top-1": 0.3020833432674408,
    "retrieval-precision-top-3": 0.20061729848384857,
    "retrieval-precision-top-5": 0.1527777761220932,
    "retrieval-precision-top-10": 0.10613426566123962,
    "retrieval-precision-top-20": 0.07262732088565826,
    "retrieval-precision": 0.0062158796936273575,
    "retrieval-recall-top-1": 0.1835097372531891,
    "retrieval-recall-top-3": 0.3233705461025238,
    "retrieval-recall-top-5": 0.3882840573787689,
    "retrieval-recall-top-10": 0.5057414174079895,
    "retrieval-recall-top-20": 0.646369993686676,
    "retrieval-recall": 1.0,
    "r-precision": 0.25543344020843506
  }
}