{
  "train": null,
  "validation": null,
  "test": {
    "hit-rate-top-1": 0.40139442682266235,
    "hit-rate-top-3": 0.5856573581695557,
    "hit-rate-top-5": 0.662350594997406,
    "hit-rate-top-10": 0.7589641213417053,
    "hit-rate-top-20": 0.8336653113365173,
    "hit-rate": 1.0,
    "map-top-1": 0.40139442682266235,
    "map-top-3": 0.47626161575317383,
    "map-top-5": 0.4822791814804077,
    "map-top-10": 0.48058128356933594,
    "map-top-20": 0.47063329815864563,
    "map": 0.4393872022628784,
    "mrr-top-1": 0.40139442682266235,
    "mrr-top-3": 0.4815737009048462,
    "mrr-top-5": 0.49925297498703003,
    "mrr-top-10": 0.512009859085083,
    "mrr-top-20": 0.5173072814941406,
    "mrr": 0.5208285450935364,
    "retrieval-precision-top-1": 0.40139442682266235,
    "retrieval-precision-top-3": 0.2612881660461426,
    "retrieval-precision-top-5": 0.19980081915855408,
    "retrieval-precision-top-10": 0.1331673413515091,
    "retrieval-precision-top-20": 0.08565736562013626,
    "retrieval-precision": 0.01422689575701952,
    "retrieval-recall-top-1": 0.24064171314239502,
    "retrieval-recall-top-3": 0.42118245363235474,
    "retrieval-recall-top-5": 0.5005255937576294,
    "retrieval-recall-top-10": 0.6135678291320801,
    "retrieval-recall-top-20": 0.7127898931503296,
    "retrieval-recall": 1.0,
    "r-precision": 0.34789595007896423
  },
  "details": null
}