{
  "train": null,
  "validation": null,
  "test": {
    "hit-rate-top-1": 0.27716729044914246,
    "hit-rate-top-3": 0.4139194190502167,
    "hit-rate-top-5": 0.4652014672756195,
    "hit-rate-top-10": 0.5616605877876282,
    "hit-rate-top-20": 0.6800976991653442,
    "hit-rate": 1.0,
    "map-top-1": 0.27716729044914246,
    "map-top-3": 0.3343508541584015,
    "map-top-5": 0.3411731719970703,
    "map-top-10": 0.3449472188949585,
    "map-top-20": 0.33956533670425415,
    "map": 0.29763302206993103,
    "mrr-top-1": 0.27716729044914246,
    "mrr-top-3": 0.33740338683128357,
    "mrr-top-5": 0.349124938249588,
    "mrr-top-10": 0.36172544956207275,
    "mrr-top-20": 0.36995941400527954,
    "mrr": 0.3755475580692291,
    "retrieval-precision-top-1": 0.27716729044914246,
    "retrieval-precision-top-3": 0.16605618596076965,
    "retrieval-precision-top-5": 0.12332112342119217,
    "retrieval-precision-top-10": 0.08241759240627289,
    "retrieval-precision-top-20": 0.05714286118745804,
    "retrieval-precision": 0.005885621532797813,
    "retrieval-recall-top-1": 0.17888829112052917,
    "retrieval-recall-top-3": 0.28732725977897644,
    "retrieval-recall-top-5": 0.3349723815917969,
    "retrieval-recall-top-10": 0.4108859598636627,
    "retrieval-recall-top-20": 0.5142545700073242,
    "retrieval-recall": 1.0,
    "r-precision": 0.2332552820444107
  }
}