{
  "train": null,
  "validation": null,
  "test": {
    "hit-rate-top-1": 0.32395437359809875,
    "hit-rate-top-3": 0.5346007347106934,
    "hit-rate-top-5": 0.6243345737457275,
    "hit-rate-top-10": 0.7399239540100098,
    "hit-rate-top-20": 0.8288973569869995,
    "hit-rate": 1.0,
    "map-top-1": 0.32395437359809875,
    "map-top-3": 0.41337138414382935,
    "map-top-5": 0.4309474229812622,
    "map-top-10": 0.4385678470134735,
    "map-top-20": 0.4361283481121063,
    "map": 0.40433359146118164,
    "mrr-top-1": 0.32395437359809875,
    "mrr-top-3": 0.4155893623828888,
    "mrr-top-5": 0.4360836446285248,
    "mrr-top-10": 0.45158547163009644,
    "mrr-top-20": 0.4579602777957916,
    "mrr": 0.46148431301116943,
    "retrieval-precision-top-1": 0.32395437359809875,
    "retrieval-precision-top-3": 0.2119138091802597,
    "retrieval-precision-top-5": 0.16091255843639374,
    "retrieval-precision-top-10": 0.10562737286090851,
    "retrieval-precision-top-20": 0.06771863251924515,
    "retrieval-precision": 0.005649717990309,
    "retrieval-recall-top-1": 0.2403373271226883,
    "retrieval-recall-top-3": 0.4236873984336853,
    "retrieval-recall-top-5": 0.5106857419013977,
    "retrieval-recall-top-10": 0.6219425797462463,
    "retrieval-recall-top-20": 0.7132001519203186,
    "retrieval-recall": 1.0,
    "r-precision": 0.3012540638446808
  },
  "details": null
}