{
  "train": null,
  "validation": null,
  "test": {
    "hit-rate-top-1": 0.28327229619026184,
    "hit-rate-top-3": 0.41514042019844055,
    "hit-rate-top-5": 0.47985348105430603,
    "hit-rate-top-10": 0.5738705992698669,
    "hit-rate-top-20": 0.6862027049064636,
    "hit-rate": 1.0,
    "map-top-1": 0.28327229619026184,
    "map-top-3": 0.33984535932540894,
    "map-top-5": 0.34984058141708374,
    "map-top-10": 0.3525550067424774,
    "map-top-20": 0.3474065065383911,
    "map": 0.304548442363739,
    "mrr-top-1": 0.28327229619026184,
    "mrr-top-3": 0.3424907922744751,
    "mrr-top-5": 0.35750913619995117,
    "mrr-top-10": 0.36942794919013977,
    "mrr-top-20": 0.3772137761116028,
    "mrr": 0.38274845480918884,
    "retrieval-precision-top-1": 0.28327229619026184,
    "retrieval-precision-top-3": 0.16727717220783234,
    "retrieval-precision-top-5": 0.12576313316822052,
    "retrieval-precision-top-10": 0.08315019309520721,
    "retrieval-precision-top-20": 0.05702076107263565,
    "retrieval-precision": 0.005885621532797813,
    "retrieval-recall-top-1": 0.18615323305130005,
    "retrieval-recall-top-3": 0.29295337200164795,
    "retrieval-recall-top-5": 0.3472934067249298,
    "retrieval-recall-top-10": 0.4192613363265991,
    "retrieval-recall-top-20": 0.5180068612098694,
    "retrieval-recall": 1.0,
    "r-precision": 0.23887039721012115
  }
}