{
  "train": null,
  "validation": null,
  "test": {
    "hit-rate-top-1": 0.30658435821533203,
    "hit-rate-top-3": 0.5144032835960388,
    "hit-rate-top-5": 0.6069958806037903,
    "hit-rate-top-10": 0.7263374328613281,
    "hit-rate-top-20": 0.8333333134651184,
    "hit-rate": 1.0,
    "map-top-1": 0.30658435821533203,
    "map-top-3": 0.39746227860450745,
    "map-top-5": 0.40468961000442505,
    "map-top-10": 0.3980540335178375,
    "map-top-20": 0.37765371799468994,
    "map": 0.32083725929260254,
    "mrr-top-1": 0.30658435821533203,
    "mrr-top-3": 0.3995199203491211,
    "mrr-top-5": 0.42071324586868286,
    "mrr-top-10": 0.43684107065200806,
    "mrr-top-20": 0.44437742233276367,
    "mrr": 0.4480774402618408,
    "retrieval-precision-top-1": 0.30658435821533203,
    "retrieval-precision-top-3": 0.2222222238779068,
    "retrieval-precision-top-5": 0.1765432357788086,
    "retrieval-precision-top-10": 0.12304527312517166,
    "retrieval-precision-top-20": 0.08281893283128738,
    "retrieval-precision": 0.008227746933698654,
    "retrieval-recall-top-1": 0.1383691132068634,
    "retrieval-recall-top-3": 0.28970420360565186,
    "retrieval-recall-top-5": 0.3764116168022156,
    "retrieval-recall-top-10": 0.49309059977531433,
    "retrieval-recall-top-20": 0.6258771419525146,
    "retrieval-recall": 1.0,
    "r-precision": 0.24716345965862274
  }
}