{
  "train": null,
  "validation": null,
  "test": {
    "hit-rate-top-1": 0.2759462893009186,
    "hit-rate-top-3": 0.4175824224948883,
    "hit-rate-top-5": 0.47863247990608215,
    "hit-rate-top-10": 0.5677655935287476,
    "hit-rate-top-20": 0.6862027049064636,
    "hit-rate": 1.0,
    "map-top-1": 0.2759462893009186,
    "map-top-3": 0.3343508541584015,
    "map-top-5": 0.34470897912979126,
    "map-top-10": 0.3485237956047058,
    "map-top-20": 0.3442327678203583,
    "map": 0.30091845989227295,
    "mrr-top-1": 0.2759462893009186,
    "mrr-top-3": 0.33781036734580994,
    "mrr-top-5": 0.35179081559181213,
    "mrr-top-10": 0.36331862211227417,
    "mrr-top-20": 0.3717155158519745,
    "mrr": 0.37728989124298096,
    "retrieval-precision-top-1": 0.2759462893009186,
    "retrieval-precision-top-3": 0.17094017565250397,
    "retrieval-precision-top-5": 0.12844933569431305,
    "retrieval-precision-top-10": 0.08327227830886841,
    "retrieval-precision-top-20": 0.05769231170415878,
    "retrieval-precision": 0.005885621532797813,
    "retrieval-recall-top-1": 0.17721959948539734,
    "retrieval-recall-top-3": 0.29518914222717285,
    "retrieval-recall-top-5": 0.348164826631546,
    "retrieval-recall-top-10": 0.41829898953437805,
    "retrieval-recall-top-20": 0.5230332612991333,
    "retrieval-recall": 1.0,
    "r-precision": 0.2324337363243103
  }
}