{
  "tika-no-sub-tokens-bm25": {
    "retrieval-precision-top-1": {
      "p-value": 4.588477717832154e-09,
      "statistic": 0.18363909176079143
    },
    "retrieval-precision-top-5": {
      "p-value": 0.0003757390542350012,
      "statistic": 0.11203016387317748
    },
    "retrieval-precision-top-10": {
      "p-value": 0.03769615901153164,
      "statistic": 0.06559669107010034
    },
    "hit-rate-top-5": {
      "p-value": 3.340757346325083e-10,
      "statistic": 0.1965681630724034
    },
    "hit-rate-top-10": {
      "p-value": 4.03822897955703e-10,
      "statistic": 0.19566194339788182
    },
    "retrieval-recall-top-1": {
      "p-value": 4.0505020472127965e-13,
      "statistic": 0.22623715142638404
    },
    "retrieval-recall-top-5": {
      "p-value": 5.92618713139869e-18,
      "statistic": 0.2678259501348548
    },
    "retrieval-recall-top-10": {
      "p-value": 1.5049517303171562e-17,
      "statistic": 0.2646207014372157
    },
    "r-precision": {
      "p-value": 4.32594539427423e-09,
      "statistic": 0.18394007060500925
    },
    "mrr": {
      "p-value": 5.830673701319366e-14,
      "statistic": 0.2340620853965011
    }
  },
  "tika-no-sub-tokens-lsa-1000": {
    "retrieval-precision-top-1": {
      "p-value": 4.450127030567342e-07,
      "statistic": 0.15852201349213252
    },
    "retrieval-precision-top-5": {
      "p-value": 1.5254232167124434e-06,
      "statistic": 0.15105196401715554
    },
    "retrieval-precision-top-10": {
      "p-value": 0.00821349085150812,
      "statistic": 0.08337614580058757
    },
    "hit-rate-top-5": {
      "p-value": 2.5383753145510736e-11,
      "statistic": 0.20848114797993808
    },
    "hit-rate-top-10": {
      "p-value": 3.038536408983009e-08,
      "statistic": 0.17370148943916175
    },
    "retrieval-recall-top-1": {
      "p-value": 7.00596275763942e-10,
      "statistic": 0.19300376232548866
    },
    "retrieval-recall-top-5": {
      "p-value": 1.6429339108337903e-18,
      "statistic": 0.27216857429752034
    },
    "retrieval-recall-top-10": {
      "p-value": 7.671620900411855e-16,
      "statistic": 0.2505931074917921
    },
    "r-precision": {
      "p-value": 5.317895235143455e-06,
      "statistic": 0.14309317173099398
    },
    "mrr": {
      "p-value": 6.012001019533492e-12,
      "statistic": 0.2148384463664412
    }
  },
  "tika-no-sub-tokens-lsa-500": {
    "retrieval-precision-top-1": {
      "p-value": 1.0214843912791161e-05,
      "statistic": 0.13875830359390517
    },
    "retrieval-precision-top-5": {
      "p-value": 1.4475698377606653e-06,
      "statistic": 0.15137694940336652
    },
    "retrieval-precision-top-10": {
      "p-value": 0.006690537303619715,
      "statistic": 0.08553543571972011
    },
    "hit-rate-top-5": {
      "p-value": 2.4928670819136644e-12,
      "statistic": 0.2186279319666094
    },
    "hit-rate-top-10": {
      "p-value": 1.067795868443484e-09,
      "statistic": 0.19094481384273468
    },
    "retrieval-recall-top-1": {
      "p-value": 5.216509573449562e-08,
      "statistic": 0.17075328242432566
    },
    "retrieval-recall-top-5": {
      "p-value": 1.6129027593865233e-19,
      "statistic": 0.27983140822590097
    },
    "retrieval-recall-top-10": {
      "p-value": 1.708178935277805e-17,
      "statistic": 0.2641816836203549
    },
    "r-precision": {
      "p-value": 1.7480416251303913e-07,
      "statistic": 0.16396499523101565
    },
    "mrr": {
      "p-value": 2.635129097734766e-12,
      "statistic": 0.21839108876637842
    }
  },
  "tika-no-sub-tokens-rvsm": {
    "retrieval-precision-top-1": {
      "p-value": 1.6284584735341831e-09,
      "statistic": 0.1888597393542001
    },
    "retrieval-precision-top-5": {
      "p-value": 2.5173753844823394e-06,
      "statistic": 0.1479092030065828
    },
    "retrieval-precision-top-10": {
      "p-value": 0.0008229579902588996,
      "statistic": 0.10540297699802831
    },
    "hit-rate-top-5": {
      "p-value": 1.481815591041875e-10,
      "statistic": 0.20040542888378252
    },
    "hit-rate-top-10": {
      "p-value": 2.6266131211803033e-09,
      "statistic": 0.1864690241667116
    },
    "retrieval-recall-top-1": {
      "p-value": 9.105959130392097e-13,
      "statistic": 0.22287925573852868
    },
    "retrieval-recall-top-5": {
      "p-value": 2.2867032795132624e-17,
      "statistic": 0.2631676038681914
    },
    "retrieval-recall-top-10": {
      "p-value": 4.181019127923146e-19,
      "statistic": 0.2767159645168505
    },
    "r-precision": {
      "p-value": 2.3579074597050688e-09,
      "statistic": 0.18701145121122664
    },
    "mrr": {
      "p-value": 1.7429150726520632e-14,
      "statistic": 0.23879727585483398
    }
  },
  "tika-no-sub-tokens-tfidf": {
    "retrieval-precision-top-1": {
      "p-value": 9.943498551459608e-07,
      "statistic": 0.15368713748066823
    },
    "retrieval-precision-top-5": {
      "p-value": 4.123741975630001e-07,
      "statistic": 0.15897258963809333
    },
    "retrieval-precision-top-10": {
      "p-value": 0.022617582579666867,
      "statistic": 0.07194726466987779
    },
    "hit-rate-top-5": {
      "p-value": 7.717283977385743e-12,
      "statistic": 0.21375060036950766
    },
    "hit-rate-top-10": {
      "p-value": 3.2841615383087976e-07,
      "statistic": 0.1603117612738756
    },
    "retrieval-recall-top-1": {
      "p-value": 5.847441542394496e-10,
      "statistic": 0.1938800007614753
    },
    "retrieval-recall-top-5": {
      "p-value": 4.421302469777717e-20,
      "statistic": 0.28400170849213574
    },
    "retrieval-recall-top-10": {
      "p-value": 6.784783378396771e-15,
      "statistic": 0.24242690454969248
    },
    "r-precision": {
      "p-value": 2.4090274303923413e-07,
      "statistic": 0.1621171608863445
    },
    "mrr": {
      "p-value": 5.405024664560345e-12,
      "statistic": 0.21530033971093626
    }
  }
}