{
  "train": null,
  "validation": null,
  "test": {
    "hit-rate-top-1": 0.34860557317733765,
    "hit-rate-top-3": 0.5468127727508545,
    "hit-rate-top-5": 0.6603585481643677,
    "hit-rate-top-10": 0.7589641213417053,
    "hit-rate-top-20": 0.8406374454498291,
    "hit-rate": 1.0,
    "map-top-1": 0.34860557317733765,
    "map-top-3": 0.42729082703590393,
    "map-top-5": 0.4444361627101898,
    "map-top-10": 0.44019079208374023,
    "map-top-20": 0.4265156388282776,
    "map": 0.39054620265960693,
    "mrr-top-1": 0.34860557317733765,
    "mrr-top-3": 0.433432936668396,
    "mrr-top-5": 0.4597277343273163,
    "mrr-top-10": 0.4729541838169098,
    "mrr-top-20": 0.4788842499256134,
    "mrr": 0.4823518991470337,
    "retrieval-precision-top-1": 0.34860557317733765,
    "retrieval-precision-top-3": 0.23406371474266052,
    "retrieval-precision-top-5": 0.19063745439052582,
    "retrieval-precision-top-10": 0.12988047301769257,
    "retrieval-precision-top-20": 0.0844123512506485,
    "retrieval-precision": 0.01422689575701952,
    "retrieval-recall-top-1": 0.19681352376937866,
    "retrieval-recall-top-3": 0.36956432461738586,
    "retrieval-recall-top-5": 0.47614505887031555,
    "retrieval-recall-top-10": 0.6006529331207275,
    "retrieval-recall-top-20": 0.716134786605835,
    "retrieval-recall": 1.0,
    "r-precision": 0.291690856218338
  },
  "details": null
}