{
  "train": null,
  "validation": null,
  "test": {
    "hit-rate-top-1": 0.34837964177131653,
    "hit-rate-top-3": 0.5694444179534912,
    "hit-rate-top-5": 0.6736111044883728,
    "hit-rate-top-10": 0.7685185074806213,
    "hit-rate-top-20": 0.8576388955116272,
    "hit-rate": 1.0,
    "map-top-1": 0.34837964177131653,
    "map-top-3": 0.44155097007751465,
    "map-top-5": 0.45582565665245056,
    "map-top-10": 0.45783233642578125,
    "map-top-20": 0.44897758960723877,
    "map": 0.4071359932422638,
    "mrr-top-1": 0.34837964177131653,
    "mrr-top-3": 0.4452160596847534,
    "mrr-top-5": 0.46900081634521484,
    "mrr-top-10": 0.4818943738937378,
    "mrr-top-20": 0.4882514774799347,
    "mrr": 0.4913969337940216,
    "retrieval-precision-top-1": 0.34837964177131653,
    "retrieval-precision-top-3": 0.23495368659496307,
    "retrieval-precision-top-5": 0.18425928056240082,
    "retrieval-precision-top-10": 0.12060185521841049,
    "retrieval-precision-top-20": 0.07690972089767456,
    "retrieval-precision": 0.0062158796936273575,
    "retrieval-recall-top-1": 0.22584955394268036,
    "retrieval-recall-top-3": 0.4183153510093689,
    "retrieval-recall-top-5": 0.5087021589279175,
    "retrieval-recall-top-10": 0.6169608235359192,
    "retrieval-recall-top-20": 0.7234909534454346,
    "retrieval-recall": 1.0,
    "r-precision": 0.3012273609638214
  },
  "details": null
}