{
  "train": null,
  "validation": null,
  "test": {
    "hit-rate-top-1": 0.3174603283405304,
    "hit-rate-top-3": 0.5494505763053894,
    "hit-rate-top-5": 0.6507936716079712,
    "hit-rate-top-10": 0.7509157657623291,
    "hit-rate-top-20": 0.8522588610649109,
    "hit-rate": 1.0,
    "map-top-1": 0.3174603283405304,
    "map-top-3": 0.4166666269302368,
    "map-top-5": 0.43280425667762756,
    "map-top-10": 0.4345554709434509,
    "map-top-20": 0.4167300760746002,
    "map": 0.3628148138523102,
    "mrr-top-1": 0.3174603283405304,
    "mrr-top-3": 0.41900694370269775,
    "mrr-top-5": 0.44226697087287903,
    "mrr-top-10": 0.4557134807109833,
    "mrr-top-20": 0.4626387357711792,
    "mrr": 0.46598395705223083,
    "retrieval-precision-top-1": 0.3174603283405304,
    "retrieval-precision-top-3": 0.2201872318983078,
    "retrieval-precision-top-5": 0.17387057840824127,
    "retrieval-precision-top-10": 0.11489621549844742,
    "retrieval-precision-top-20": 0.07667887955904007,
    "retrieval-precision": 0.005885621532797813,
    "retrieval-recall-top-1": 0.19644567370414734,
    "retrieval-recall-top-3": 0.36457788944244385,
    "retrieval-recall-top-5": 0.44782108068466187,
    "retrieval-recall-top-10": 0.549793004989624,
    "retrieval-recall-top-20": 0.6706061363220215,
    "retrieval-recall": 1.0,
    "r-precision": 0.2786816656589508
  },
  "details": null
}