{
  "train": null,
  "validation": null,
  "test": {
    "hit-rate-top-1": 0.32091253995895386,
    "hit-rate-top-3": 0.5224334597587585,
    "hit-rate-top-5": 0.6144486665725708,
    "hit-rate-top-10": 0.730038046836853,
    "hit-rate-top-20": 0.8197718858718872,
    "hit-rate": 1.0,
    "map-top-1": 0.32091253995895386,
    "map-top-3": 0.40741443634033203,
    "map-top-5": 0.424981027841568,
    "map-top-10": 0.4327067732810974,
    "map-top-20": 0.43012315034866333,
    "map": 0.3983512222766876,
    "mrr-top-1": 0.32091253995895386,
    "mrr-top-3": 0.4100126326084137,
    "mrr-top-5": 0.4309632480144501,
    "mrr-top-10": 0.44637632369995117,
    "mrr-top-20": 0.4526667892932892,
    "mrr": 0.45670685172080994,
    "retrieval-precision-top-1": 0.32091253995895386,
    "retrieval-precision-top-3": 0.2088719755411148,
    "retrieval-precision-top-5": 0.15817491710186005,
    "retrieval-precision-top-10": 0.10585552453994751,
    "retrieval-precision-top-20": 0.06711026281118393,
    "retrieval-precision": 0.005649717990309,
    "retrieval-recall-top-1": 0.23400446772575378,
    "retrieval-recall-top-3": 0.41147154569625854,
    "retrieval-recall-top-5": 0.49861833453178406,
    "retrieval-recall-top-10": 0.6159238815307617,
    "retrieval-recall-top-20": 0.7087321281433105,
    "retrieval-recall": 1.0,
    "r-precision": 0.29799529910087585
  }
}