{
  "train": null,
  "validation": null,
  "test": {
    "hit-rate-top-1": 0.42629483342170715,
    "hit-rate-top-3": 0.5966135263442993,
    "hit-rate-top-5": 0.6653386354446411,
    "hit-rate-top-10": 0.7490040063858032,
    "hit-rate-top-20": 0.8147410154342651,
    "hit-rate": 1.0,
    "map-top-1": 0.42629483342170715,
    "map-top-3": 0.498339980840683,
    "map-top-5": 0.5036050081253052,
    "map-top-10": 0.497770220041275,
    "map-top-20": 0.48581358790397644,
    "map": 0.4342813193798065,
    "mrr-top-1": 0.42629483342170715,
    "mrr-top-3": 0.5021580457687378,
    "mrr-top-5": 0.5178452730178833,
    "mrr-top-10": 0.5293761491775513,
    "mrr-top-20": 0.5340008735656738,
    "mrr": 0.5377530455589294,
    "retrieval-precision-top-1": 0.42629483342170715,
    "retrieval-precision-top-3": 0.2539840638637543,
    "retrieval-precision-top-5": 0.18745023012161255,
    "retrieval-precision-top-10": 0.12639443576335907,
    "retrieval-precision-top-20": 0.0807768926024437,
    "retrieval-precision": 0.01422689575701952,
    "retrieval-recall-top-1": 0.2623256742954254,
    "retrieval-recall-top-3": 0.41511955857276917,
    "retrieval-recall-top-5": 0.4813038110733032,
    "retrieval-recall-top-10": 0.5820149183273315,
    "retrieval-recall-top-20": 0.6772077083587646,
    "retrieval-recall": 1.0,
    "r-precision": 0.3541426360607147
  }
}