{
  "train": null,
  "validation": null,
  "test": {
    "hit-rate-top-1": 0.3600822985172272,
    "hit-rate-top-3": 0.5020576119422913,
    "hit-rate-top-5": 0.5905349850654602,
    "hit-rate-top-10": 0.6995884776115417,
    "hit-rate-top-20": 0.7962962985038757,
    "hit-rate": 1.0,
    "map-top-1": 0.3600822985172272,
    "map-top-3": 0.41872429847717285,
    "map-top-5": 0.43191012740135193,
    "map-top-10": 0.4255295991897583,
    "map-top-20": 0.4027858078479767,
    "map": 0.3251875638961792,
    "mrr-top-1": 0.3600822985172272,
    "mrr-top-3": 0.42455416917800903,
    "mrr-top-5": 0.4445130527019501,
    "mrr-top-10": 0.4596405625343323,
    "mrr-top-20": 0.46645694971084595,
    "mrr": 0.4707922041416168,
    "retrieval-precision-top-1": 0.3600822985172272,
    "retrieval-precision-top-3": 0.21742111444473267,
    "retrieval-precision-top-5": 0.1666666865348816,
    "retrieval-precision-top-10": 0.11419753730297089,
    "retrieval-precision-top-20": 0.07469136267900467,
    "retrieval-precision": 0.008227746933698654,
    "retrieval-recall-top-1": 0.1734573096036911,
    "retrieval-recall-top-3": 0.28742125630378723,
    "retrieval-recall-top-5": 0.3480583131313324,
    "retrieval-recall-top-10": 0.4504545331001282,
    "retrieval-recall-top-20": 0.5574119687080383,
    "retrieval-recall": 1.0,
    "r-precision": 0.2721564769744873
  }
}