{
  "train": null,
  "validation": null,
  "test": {
    "hit-rate-top-1": 0.3625498116016388,
    "hit-rate-top-3": 0.5737051963806152,
    "hit-rate-top-5": 0.6603585481643677,
    "hit-rate-top-10": 0.7778884172439575,
    "hit-rate-top-20": 0.8754979968070984,
    "hit-rate": 1.0,
    "map-top-1": 0.3625498116016388,
    "map-top-3": 0.4513612389564514,
    "map-top-5": 0.46287769079208374,
    "map-top-10": 0.46173256635665894,
    "map-top-20": 0.44743382930755615,
    "map": 0.40677231550216675,
    "mrr-top-1": 0.3625498116016388,
    "mrr-top-3": 0.45551130175590515,
    "mrr-top-5": 0.47493356466293335,
    "mrr-top-10": 0.49044182896614075,
    "mrr-top-20": 0.49734339118003845,
    "mrr": 0.5001289248466492,
    "retrieval-precision-top-1": 0.3625498116016388,
    "retrieval-precision-top-3": 0.24169985949993134,
    "retrieval-precision-top-5": 0.18745023012161255,
    "retrieval-precision-top-10": 0.1292828768491745,
    "retrieval-precision-top-20": 0.0848107561469078,
    "retrieval-precision": 0.01422689575701952,
    "retrieval-recall-top-1": 0.21848151087760925,
    "retrieval-recall-top-3": 0.38634827733039856,
    "retrieval-recall-top-5": 0.47389644384384155,
    "retrieval-recall-top-10": 0.6081657409667969,
    "retrieval-recall-top-20": 0.7302513718605042,
    "retrieval-recall": 1.0,
    "r-precision": 0.3135550320148468
  },
  "details": null
}