{
  "train": null,
  "validation": null,
  "test": {
    "hit-rate-top-1": 0.24420024454593658,
    "hit-rate-top-3": 0.42490842938423157,
    "hit-rate-top-5": 0.5030525326728821,
    "hit-rate-top-10": 0.6471306681632996,
    "hit-rate-top-20": 0.7655677795410156,
    "hit-rate": 1.0,
    "map-top-1": 0.24420024454593658,
    "map-top-3": 0.3212250769138336,
    "map-top-5": 0.3329823315143585,
    "map-top-10": 0.34191256761550903,
    "map-top-20": 0.33695346117019653,
    "map": 0.29193493723869324,
    "mrr-top-1": 0.24420024454593658,
    "mrr-top-3": 0.32275134325027466,
    "mrr-top-5": 0.3400284945964813,
    "mrr-top-10": 0.3598184287548065,
    "mrr-top-20": 0.3684637248516083,
    "mrr": 0.3737082779407501,
    "retrieval-precision-top-1": 0.24420024454593658,
    "retrieval-precision-top-3": 0.1684981733560562,
    "retrieval-precision-top-5": 0.13064713776111603,
    "retrieval-precision-top-10": 0.0942613035440445,
    "retrieval-precision-top-20": 0.0645299181342125,
    "retrieval-precision": 0.005885621532797813,
    "retrieval-recall-top-1": 0.15015017986297607,
    "retrieval-recall-top-3": 0.28756949305534363,
    "retrieval-recall-top-5": 0.3474912941455841,
    "retrieval-recall-top-10": 0.4615599513053894,
    "retrieval-recall-top-20": 0.5791822671890259,
    "retrieval-recall": 1.0,
    "r-precision": 0.2102053463459015
  }
}