{
  "train": null,
  "validation": null,
  "test": {
    "hit-rate-top-1": 0.27662035822868347,
    "hit-rate-top-3": 0.46759259700775146,
    "hit-rate-top-5": 0.5636574029922485,
    "hit-rate-top-10": 0.6979166865348816,
    "hit-rate-top-20": 0.8171296119689941,
    "hit-rate": 1.0,
    "map-top-1": 0.27662035822868347,
    "map-top-3": 0.35734954476356506,
    "map-top-5": 0.37376704812049866,
    "map-top-10": 0.3792584240436554,
    "map-top-20": 0.37515899538993835,
    "map": 0.353481650352478,
    "mrr-top-1": 0.27662035822868347,
    "mrr-top-3": 0.35995373129844666,
    "mrr-top-5": 0.381712943315506,
    "mrr-top-10": 0.39987465739250183,
    "mrr-top-20": 0.4083915948867798,
    "mrr": 0.412636935710907,
    "retrieval-precision-top-1": 0.27662035822868347,
    "retrieval-precision-top-3": 0.2044752985239029,
    "retrieval-precision-top-5": 0.16365741193294525,
    "retrieval-precision-top-10": 0.1171296238899231,
    "retrieval-precision-top-20": 0.0807870402932167,
    "retrieval-precision": 0.0062158796936273575,
    "retrieval-recall-top-1": 0.16743850708007812,
    "retrieval-recall-top-3": 0.3373958170413971,
    "retrieval-recall-top-5": 0.4276686906814575,
    "retrieval-recall-top-10": 0.5703209638595581,
    "retrieval-recall-top-20": 0.7100313901901245,
    "retrieval-recall": 1.0,
    "r-precision": 0.24861478805541992
  }
}