{
  "train": null,
  "validation": null,
  "test": {
    "hit-rate-top-1": 0.2777777910232544,
    "hit-rate-top-3": 0.47685185074806213,
    "hit-rate-top-5": 0.5671296119689941,
    "hit-rate-top-10": 0.7025462985038757,
    "hit-rate-top-20": 0.8194444179534912,
    "hit-rate": 1.0,
    "map-top-1": 0.2777777910232544,
    "map-top-3": 0.36014658212661743,
    "map-top-5": 0.3768743574619293,
    "map-top-10": 0.3850705921649933,
    "map-top-20": 0.3802531659603119,
    "map": 0.35665610432624817,
    "mrr-top-1": 0.2777777910232544,
    "mrr-top-3": 0.36168980598449707,
    "mrr-top-5": 0.3821759521961212,
    "mrr-top-10": 0.40063193440437317,
    "mrr-top-20": 0.40882280468940735,
    "mrr": 0.4132360816001892,
    "retrieval-precision-top-1": 0.2777777910232544,
    "retrieval-precision-top-3": 0.20640431344509125,
    "retrieval-precision-top-5": 0.16388890147209167,
    "retrieval-precision-top-10": 0.11678241193294525,
    "retrieval-precision-top-20": 0.08055555075407028,
    "retrieval-precision": 0.0062158796936273575,
    "retrieval-recall-top-1": 0.17442137002944946,
    "retrieval-recall-top-3": 0.3402257561683655,
    "retrieval-recall-top-5": 0.4321260452270508,
    "retrieval-recall-top-10": 0.5747734308242798,
    "retrieval-recall-top-20": 0.704954981803894,
    "retrieval-recall": 1.0,
    "r-precision": 0.2516223192214966
  }
}