{
  "train": null,
  "validation": null,
  "test": {
    "hit-rate-top-1": 0.4156378507614136,
    "hit-rate-top-3": 0.5637860298156738,
    "hit-rate-top-5": 0.6337448358535767,
    "hit-rate-top-10": 0.7613168954849243,
    "hit-rate-top-20": 0.8353909254074097,
    "hit-rate": 1.0,
    "map-top-1": 0.4156378507614136,
    "map-top-3": 0.47856655716896057,
    "map-top-5": 0.4847564995288849,
    "map-top-10": 0.4735499322414398,
    "map-top-20": 0.4454188048839569,
    "map": 0.35889628529548645,
    "mrr-top-1": 0.4156378507614136,
    "mrr-top-3": 0.4831961691379547,
    "mrr-top-5": 0.4988340139389038,
    "mrr-top-10": 0.5161057710647583,
    "mrr-top-20": 0.5210481286048889,
    "mrr": 0.5248854160308838,
    "retrieval-precision-top-1": 0.4156378507614136,
    "retrieval-precision-top-3": 0.24417008459568024,
    "retrieval-precision-top-5": 0.1810699701309204,
    "retrieval-precision-top-10": 0.1236625611782074,
    "retrieval-precision-top-20": 0.08014404028654099,
    "retrieval-precision": 0.008227746933698654,
    "retrieval-recall-top-1": 0.1983356922864914,
    "retrieval-recall-top-3": 0.31856411695480347,
    "retrieval-recall-top-5": 0.3732024133205414,
    "retrieval-recall-top-10": 0.4848659932613373,
    "retrieval-recall-top-20": 0.5967260003089905,
    "retrieval-recall": 1.0,
    "r-precision": 0.3050435781478882
  }
}