{
  "train": null,
  "validation": null,
  "test": {
    "hit-rate-top-1": 0.4153386354446411,
    "hit-rate-top-3": 0.5986055731773376,
    "hit-rate-top-5": 0.6713147163391113,
    "hit-rate-top-10": 0.7519920468330383,
    "hit-rate-top-20": 0.8227091431617737,
    "hit-rate": 1.0,
    "map-top-1": 0.4153386354446411,
    "map-top-3": 0.4932769536972046,
    "map-top-5": 0.4996984004974365,
    "map-top-10": 0.4920591711997986,
    "map-top-20": 0.48095324635505676,
    "map": 0.43480944633483887,
    "mrr-top-1": 0.4153386354446411,
    "mrr-top-3": 0.4970119595527649,
    "mrr-top-5": 0.5135458707809448,
    "mrr-top-10": 0.5245248675346375,
    "mrr-top-20": 0.529420018196106,
    "mrr": 0.5330103039741516,
    "retrieval-precision-top-1": 0.4153386354446411,
    "retrieval-precision-top-3": 0.25664010643959045,
    "retrieval-precision-top-5": 0.1902390569448471,
    "retrieval-precision-top-10": 0.127091646194458,
    "retrieval-precision-top-20": 0.08187250792980194,
    "retrieval-precision": 0.01422689575701952,
    "retrieval-recall-top-1": 0.2569305896759033,
    "retrieval-recall-top-3": 0.41938984394073486,
    "retrieval-recall-top-5": 0.4881000220775604,
    "retrieval-recall-top-10": 0.5895658731460571,
    "retrieval-recall-top-20": 0.6879898905754089,
    "retrieval-recall": 1.0,
    "r-precision": 0.3555547297000885
  }
}