{
  "train": null,
  "validation": null,
  "test": {
    "hit-rate-top-1": 0.32968127727508545,
    "hit-rate-top-3": 0.5308765172958374,
    "hit-rate-top-5": 0.6354581713676453,
    "hit-rate-top-10": 0.7689242959022522,
    "hit-rate-top-20": 0.8436254858970642,
    "hit-rate": 1.0,
    "map-top-1": 0.32968127727508545,
    "map-top-3": 0.4125165641307831,
    "map-top-5": 0.42763808369636536,
    "map-top-10": 0.428175687789917,
    "map-top-20": 0.41675397753715515,
    "map": 0.37522557377815247,
    "mrr-top-1": 0.32968127727508545,
    "mrr-top-3": 0.4163346588611603,
    "mrr-top-5": 0.44038844108581543,
    "mrr-top-10": 0.4585329294204712,
    "mrr-top-20": 0.4636055827140808,
    "mrr": 0.4667796790599823,
    "retrieval-precision-top-1": 0.32968127727508545,
    "retrieval-precision-top-3": 0.22675961256027222,
    "retrieval-precision-top-5": 0.17988048493862152,
    "retrieval-precision-top-10": 0.12719124555587769,
    "retrieval-precision-top-20": 0.08242031186819077,
    "retrieval-precision": 0.01422689575701952,
    "retrieval-recall-top-1": 0.1871996819972992,
    "retrieval-recall-top-3": 0.35783907771110535,
    "retrieval-recall-top-5": 0.45547083020210266,
    "retrieval-recall-top-10": 0.5959039330482483,
    "retrieval-recall-top-20": 0.7029881477355957,
    "retrieval-recall": 1.0,
    "r-precision": 0.2779891788959503
  }
}