{
  "train": null,
  "validation": null,
  "test": {
    "hit-rate-top-1": 0.4382716119289398,
    "hit-rate-top-3": 0.6193415522575378,
    "hit-rate-top-5": 0.7201645970344543,
    "hit-rate-top-10": 0.8251028656959534,
    "hit-rate-top-20": 0.895061731338501,
    "hit-rate": 1.0,
    "map-top-1": 0.4382716119289398,
    "map-top-3": 0.5133745074272156,
    "map-top-5": 0.5195758938789368,
    "map-top-10": 0.494968980550766,
    "map-top-20": 0.46741166710853577,
    "map": 0.3937726318836212,
    "mrr-top-1": 0.4382716119289398,
    "mrr-top-3": 0.5198902487754822,
    "mrr-top-5": 0.5428326725959778,
    "mrr-top-10": 0.5572922825813293,
    "mrr-top-20": 0.5615524053573608,
    "mrr": 0.5632262229919434,
    "retrieval-precision-top-1": 0.4382716119289398,
    "retrieval-precision-top-3": 0.26817557215690613,
    "retrieval-precision-top-5": 0.21028807759284973,
    "retrieval-precision-top-10": 0.14444445073604584,
    "retrieval-precision-top-20": 0.09248970448970795,
    "retrieval-precision": 0.008227746933698654,
    "retrieval-recall-top-1": 0.20474809408187866,
    "retrieval-recall-top-3": 0.34969350695610046,
    "retrieval-recall-top-5": 0.4410761594772339,
    "retrieval-recall-top-10": 0.5789960026741028,
    "retrieval-recall-top-20": 0.6882216334342957,
    "retrieval-recall": 1.0,
    "r-precision": 0.31634488701820374
  },
  "details": null
}