{
  "train": null,
  "validation": null,
  "test": {
    "hit-rate-top-1": 0.3611111044883728,
    "hit-rate-top-3": 0.6064814925193787,
    "hit-rate-top-5": 0.6851851940155029,
    "hit-rate-top-10": 0.7858796119689941,
    "hit-rate-top-20": 0.8553240895271301,
    "hit-rate": 1.0,
    "map-top-1": 0.3611111044883728,
    "map-top-3": 0.4692322909832001,
    "map-top-5": 0.48068735003471375,
    "map-top-10": 0.47560742497444153,
    "map-top-20": 0.46573376655578613,
    "map": 0.4289024770259857,
    "mrr-top-1": 0.3611111044883728,
    "mrr-top-3": 0.47029322385787964,
    "mrr-top-5": 0.4882909059524536,
    "mrr-top-10": 0.502002477645874,
    "mrr-top-20": 0.5069262385368347,
    "mrr": 0.5102859735488892,
    "retrieval-precision-top-1": 0.3611111044883728,
    "retrieval-precision-top-3": 0.2534721791744232,
    "retrieval-precision-top-5": 0.19143521785736084,
    "retrieval-precision-top-10": 0.12870371341705322,
    "retrieval-precision-top-20": 0.08113425970077515,
    "retrieval-precision": 0.0062158796936273575,
    "retrieval-recall-top-1": 0.2381182312965393,
    "retrieval-recall-top-3": 0.44168657064437866,
    "retrieval-recall-top-5": 0.5192164778709412,
    "retrieval-recall-top-10": 0.6381438970565796,
    "retrieval-recall-top-20": 0.7378294467926025,
    "retrieval-recall": 1.0,
    "r-precision": 0.32347583770751953
  },
  "details": null
}