{
  "train": null,
  "validation": null,
  "test": {
    "hit-rate-top-1": 0.12184873968362808,
    "hit-rate-top-3": 0.21988795697689056,
    "hit-rate-top-5": 0.2787114977836609,
    "hit-rate-top-10": 0.3739495873451233,
    "hit-rate-top-20": 0.46778711676597595,
    "hit-rate": 1.0,
    "map-top-1": 0.12184873968362808,
    "map-top-3": 0.16246497631072998,
    "map-top-5": 0.17350801825523376,
    "map-top-10": 0.1813613921403885,
    "map-top-20": 0.18109990656375885,
    "map": 0.14785432815551758,
    "mrr-top-1": 0.12184873968362808,
    "mrr-top-3": 0.16339868307113647,
    "mrr-top-5": 0.17642390727996826,
    "mrr-top-10": 0.18883052468299866,
    "mrr-top-20": 0.1954350769519806,
    "mrr": 0.20199821889400482,
    "retrieval-precision-top-1": 0.12184873968362808,
    "retrieval-precision-top-3": 0.08403361588716507,
    "retrieval-precision-top-5": 0.06946779787540436,
    "retrieval-precision-top-10": 0.053921572864055634,
    "retrieval-precision-top-20": 0.03921568766236305,
    "retrieval-precision": 0.0007367201033048332,
    "retrieval-recall-top-1": 0.07149142026901245,
    "retrieval-recall-top-3": 0.13644540309906006,
    "retrieval-recall-top-5": 0.1760588437318802,
    "retrieval-recall-top-10": 0.24843823909759521,
    "retrieval-recall-top-20": 0.3235677182674408,
    "retrieval-recall": 1.0,
    "r-precision": 0.10270277410745621
  }
}