{
  "train": null,
  "validation": null,
  "test": {
    "hit-rate-top-1": 0.3719008266925812,
    "hit-rate-top-3": 0.5361570119857788,
    "hit-rate-top-5": 0.6136363744735718,
    "hit-rate-top-10": 0.692148745059967,
    "hit-rate-top-20": 0.7737603187561035,
    "hit-rate": 1.0,
    "map-top-1": 0.3719008266925812,
    "map-top-3": 0.4382748007774353,
    "map-top-5": 0.44705578684806824,
    "map-top-10": 0.43644171953201294,
    "map-top-20": 0.4230407178401947,
    "map": 0.3550732135772705,
    "mrr-top-1": 0.3719008266925812,
    "mrr-top-3": 0.4433540403842926,
    "mrr-top-5": 0.4607609808444977,
    "mrr-top-10": 0.4711543619632721,
    "mrr-top-20": 0.47678861021995544,
    "mrr": 0.4808146059513092,
    "retrieval-precision-top-1": 0.3719008266925812,
    "retrieval-precision-top-3": 0.23725895583629608,
    "retrieval-precision-top-5": 0.1849173605442047,
    "retrieval-precision-top-10": 0.12902893126010895,
    "retrieval-precision-top-20": 0.08796487003564835,
    "retrieval-precision": 0.015301467850804329,
    "retrieval-recall-top-1": 0.19641579687595367,
    "retrieval-recall-top-3": 0.3219763934612274,
    "retrieval-recall-top-5": 0.3824385702610016,
    "retrieval-recall-top-10": 0.47262758016586304,
    "retrieval-recall-top-20": 0.5580052137374878,
    "retrieval-recall": 1.0,
    "r-precision": 0.2974686920642853
  },
  "details": null
}