{
  "train": null,
  "validation": null,
  "test": {
    "hit-rate-top-1": 0.4282868504524231,
    "hit-rate-top-3": 0.5966135263442993,
    "hit-rate-top-5": 0.6743028163909912,
    "hit-rate-top-10": 0.7569721341133118,
    "hit-rate-top-20": 0.8217131495475769,
    "hit-rate": 1.0,
    "map-top-1": 0.4282868504524231,
    "map-top-3": 0.5001659989356995,
    "map-top-5": 0.5076360702514648,
    "map-top-10": 0.50089031457901,
    "map-top-20": 0.48748743534088135,
    "map": 0.43708372116088867,
    "mrr-top-1": 0.4282868504524231,
    "mrr-top-3": 0.5024900436401367,
    "mrr-top-5": 0.5203685164451599,
    "mrr-top-10": 0.5316203832626343,
    "mrr-top-20": 0.5362352728843689,
    "mrr": 0.5398420691490173,
    "retrieval-precision-top-1": 0.4282868504524231,
    "retrieval-precision-top-3": 0.25332003831863403,
    "retrieval-precision-top-5": 0.18864542245864868,
    "retrieval-precision-top-10": 0.12659361958503723,
    "retrieval-precision-top-20": 0.0814243033528328,
    "retrieval-precision": 0.01422689575701952,
    "retrieval-recall-top-1": 0.26538097858428955,
    "retrieval-recall-top-3": 0.41627973318099976,
    "retrieval-recall-top-5": 0.48619967699050903,
    "retrieval-recall-top-10": 0.5867862701416016,
    "retrieval-recall-top-20": 0.6854308247566223,
    "retrieval-recall": 1.0,
    "r-precision": 0.3579358756542206
  }
}