{
  "avro-sub-tokens-bm25": {
    "retrieval-precision-top-1": {
      "p-value": 3.0209377472112865e-08,
      "statistic": 0.18022972508389715
    },
    "retrieval-precision-top-5": {
      "p-value": 1.2279795056716189e-08,
      "statistic": 0.18520420264223048
    },
    "retrieval-precision-top-10": {
      "p-value": 1.4112533008363878e-06,
      "statistic": 0.15722340008302974
    },
    "hit-rate-top-5": {
      "p-value": 1.5133619929127271e-09,
      "statistic": 0.1962778238013536
    },
    "hit-rate-top-10": {
      "p-value": 5.395691623675941e-08,
      "statistic": 0.17694961091390535
    },
    "retrieval-recall-top-1": {
      "p-value": 9.021422495437871e-09,
      "statistic": 0.1868772701012474
    },
    "retrieval-recall-top-5": {
      "p-value": 5.284783867156509e-13,
      "statistic": 0.2334644662297271
    },
    "retrieval-recall-top-10": {
      "p-value": 3.309270241861731e-13,
      "statistic": 0.23545771234499652
    },
    "r-precision": {
      "p-value": 5.530812199650903e-07,
      "statistic": 0.16312625889551333
    },
    "mrr": {
      "p-value": 1.7515778257046838e-12,
      "statistic": 0.22827651276521527
    }
  },
  "avro-sub-tokens-lsa-1000": {
    "retrieval-precision-top-1": {
      "p-value": 0.0003514003815349599,
      "statistic": 0.11683002977328158
    },
    "retrieval-precision-top-5": {
      "p-value": 1.4823141314489782e-06,
      "statistic": 0.1569078188632857
    },
    "retrieval-precision-top-10": {
      "p-value": 2.6674159436602083e-05,
      "statistic": 0.13711412694788036
    },
    "hit-rate-top-5": {
      "p-value": 5.9508429712354644e-09,
      "statistic": 0.18911089147850585
    },
    "hit-rate-top-10": {
      "p-value": 1.2684217352879697e-09,
      "statistic": 0.1971825278628527
    },
    "retrieval-recall-top-1": {
      "p-value": 0.00027734741287330374,
      "statistic": 0.11882496470985716
    },
    "retrieval-recall-top-5": {
      "p-value": 3.3485476375878084e-09,
      "statistic": 0.19215410410005013
    },
    "retrieval-recall-top-10": {
      "p-value": 2.052813324337004e-09,
      "statistic": 0.19470541589465623
    },
    "r-precision": {
      "p-value": 0.00039015337120629255,
      "statistic": 0.11593820739593746
    },
    "mrr": {
      "p-value": 1.6776668091293774e-10,
      "statistic": 0.20725689022539354
    }
  },
  "avro-sub-tokens-lsa-500": {
    "retrieval-precision-top-1": {
      "p-value": 9.005254470929431e-05,
      "statistic": 0.12791527865764432
    },
    "retrieval-precision-top-5": {
      "p-value": 4.2026166144284705e-06,
      "statistic": 0.15006131475554763
    },
    "retrieval-precision-top-10": {
      "p-value": 1.5444864559193493e-05,
      "statistic": 0.14106070350954683
    },
    "hit-rate-top-5": {
      "p-value": 9.429264010497012e-08,
      "statistic": 0.17373408152442532
    },
    "hit-rate-top-10": {
      "p-value": 2.932376049822969e-09,
      "statistic": 0.19284950407064907
    },
    "retrieval-recall-top-1": {
      "p-value": 5.704225319959196e-05,
      "statistic": 0.13143826192734198
    },
    "retrieval-recall-top-5": {
      "p-value": 2.345550346638024e-08,
      "statistic": 0.1816419991605043
    },
    "retrieval-recall-top-10": {
      "p-value": 9.547815214488249e-10,
      "statistic": 0.1986290725048411
    },
    "r-precision": {
      "p-value": 0.00012443662464367138,
      "statistic": 0.12536427847149387
    },
    "mrr": {
      "p-value": 1.2805759449231685e-10,
      "statistic": 0.20856366439783577
    }
  },
  "avro-sub-tokens-rvsm": {
    "retrieval-precision-top-1": {
      "p-value": 6.249244833474374e-10,
      "statistic": 0.20076756481612956
    },
    "retrieval-precision-top-5": {
      "p-value": 4.1429873947909236e-11,
      "statistic": 0.21393306926132052
    },
    "retrieval-precision-top-10": {
      "p-value": 1.856513991331579e-08,
      "statistic": 0.18293716012821934
    },
    "hit-rate-top-5": {
      "p-value": 5.426584243931549e-13,
      "statistic": 0.2333511692720972
    },
    "hit-rate-top-10": {
      "p-value": 3.458175356508816e-10,
      "statistic": 0.20371410681480404
    },
    "retrieval-recall-top-1": {
      "p-value": 2.0533309088201567e-10,
      "statistic": 0.20627362493587464
    },
    "retrieval-recall-top-5": {
      "p-value": 1.3501274352522754e-13,
      "statistic": 0.23922511255064274
    },
    "retrieval-recall-top-10": {
      "p-value": 6.311349639096211e-13,
      "statistic": 0.23270375016620576
    },
    "r-precision": {
      "p-value": 1.1414903072816505e-10,
      "statistic": 0.20911734756229153
    },
    "mrr": {
      "p-value": 5.94741043394588e-16,
      "statistic": 0.2607613862128442
    }
  },
  "avro-sub-tokens-tfidf": {
    "retrieval-precision-top-1": {
      "p-value": 0.0006932697051283764,
      "statistic": 0.11092190220134315
    },
    "retrieval-precision-top-5": {
      "p-value": 1.0936499877014125e-06,
      "statistic": 0.15885135840500686
    },
    "retrieval-precision-top-10": {
      "p-value": 2.5998048007588696e-05,
      "statistic": 0.13730196984324386
    },
    "hit-rate-top-5": {
      "p-value": 6.363373576490012e-09,
      "statistic": 0.18875289299297196
    },
    "hit-rate-top-10": {
      "p-value": 3.45265133612216e-09,
      "statistic": 0.19199331552518437
    },
    "retrieval-recall-top-1": {
      "p-value": 0.0005716447776844136,
      "statistic": 0.11262761013813874
    },
    "retrieval-recall-top-5": {
      "p-value": 3.0807891372471197e-09,
      "statistic": 0.19259109909522024
    },
    "retrieval-recall-top-10": {
      "p-value": 1.7444929296018592e-09,
      "statistic": 0.1955464060062417
    },
    "r-precision": {
      "p-value": 0.00043742431433048314,
      "statistic": 0.11495607886220993
    },
    "mrr": {
      "p-value": 2.5964771734206314e-10,
      "statistic": 0.20512538462233762
    }
  }
}