{
  "maven-no-sub-tokens-bm25": {
    "retrieval-precision-top-1": {
      "p-value": 9.326336156186861e-07,
      "statistic": 0.1731496728099539
    },
    "retrieval-precision-top-5": {
      "p-value": 7.314473354819334e-09,
      "statistic": 0.2035468087780264
    },
    "retrieval-precision-top-10": {
      "p-value": 1.312565521367632e-06,
      "statistic": 0.17080228942607206
    },
    "hit-rate-top-5": {
      "p-value": 4.323274018865395e-09,
      "statistic": 0.20656992415609354
    },
    "hit-rate-top-10": {
      "p-value": 1.373140008708957e-06,
      "statistic": 0.1704899884021717
    },
    "retrieval-recall-top-1": {
      "p-value": 1.1676561280684207e-06,
      "statistic": 0.17160945818697887
    },
    "retrieval-recall-top-5": {
      "p-value": 9.252900057370076e-09,
      "statistic": 0.20218018244782282
    },
    "retrieval-recall-top-10": {
      "p-value": 1.8686319419209078e-07,
      "statistic": 0.1837929293993489
    },
    "r-precision": {
      "p-value": 1.313446842952496e-06,
      "statistic": 0.17079764727130498
    },
    "mrr": {
      "p-value": 2.000524236800645e-09,
      "statistic": 0.21091905061362493
    }
  },
  "maven-no-sub-tokens-lsa-1000": {
    "retrieval-precision-top-1": {
      "p-value": 8.55508219979408e-11,
      "statistic": 0.22780665256822014
    },
    "retrieval-precision-top-5": {
      "p-value": 2.0807789049361895e-10,
      "statistic": 0.22318131110439046
    },
    "retrieval-precision-top-10": {
      "p-value": 1.3580712444731104e-08,
      "statistic": 0.1999288118854016
    },
    "hit-rate-top-5": {
      "p-value": 1.2752224674541767e-10,
      "statistic": 0.22574176916080574
    },
    "hit-rate-top-10": {
      "p-value": 1.0909820109796102e-08,
      "statistic": 0.20121685766197428
    },
    "retrieval-recall-top-1": {
      "p-value": 9.230850879508672e-11,
      "statistic": 0.22741492448690911
    },
    "retrieval-recall-top-5": {
      "p-value": 1.7454829177539685e-11,
      "statistic": 0.2358376414302158
    },
    "retrieval-recall-top-10": {
      "p-value": 2.0652331020672917e-10,
      "statistic": 0.2232207628031207
    },
    "r-precision": {
      "p-value": 1.1417809457112711e-07,
      "statistic": 0.18693272818138726
    },
    "mrr": {
      "p-value": 2.0074751821623227e-09,
      "statistic": 0.21089968399285725
    }
  },
  "maven-no-sub-tokens-lsa-500": {
    "retrieval-precision-top-1": {
      "p-value": 1.555708489506886e-08,
      "statistic": 0.19912536671875955
    },
    "retrieval-precision-top-5": {
      "p-value": 1.045124898969259e-09,
      "statistic": 0.2145121242658533
    },
    "retrieval-precision-top-10": {
      "p-value": 6.433312666200895e-08,
      "statistic": 0.19052334810516264
    },
    "hit-rate-top-5": {
      "p-value": 2.2886852275318462e-10,
      "statistic": 0.222679654440709
    },
    "hit-rate-top-10": {
      "p-value": 1.0738399266980301e-08,
      "statistic": 0.20130968094418014
    },
    "retrieval-recall-top-1": {
      "p-value": 4.4270515577648234e-09,
      "statistic": 0.206434538264813
    },
    "retrieval-recall-top-5": {
      "p-value": 2.2643669395523412e-11,
      "statistic": 0.23454282571163604
    },
    "retrieval-recall-top-10": {
      "p-value": 2.908046208001246e-10,
      "statistic": 0.22141273645998497
    },
    "r-precision": {
      "p-value": 1.513493699460042e-06,
      "statistic": 0.16981439443979005
    },
    "mrr": {
      "p-value": 2.0834472735764187e-07,
      "statistic": 0.18309204730489917
    }
  },
  "maven-no-sub-tokens-rvsm": {
    "retrieval-precision-top-1": {
      "p-value": 1.1016129531988925e-07,
      "statistic": 0.18715892294780068
    },
    "retrieval-precision-top-5": {
      "p-value": 2.691576224180003e-09,
      "statistic": 0.20925556876318732
    },
    "retrieval-precision-top-10": {
      "p-value": 9.005234667428115e-09,
      "statistic": 0.20233839195791042
    },
    "hit-rate-top-5": {
      "p-value": 1.7802226429129768e-09,
      "statistic": 0.2115694060286561
    },
    "hit-rate-top-10": {
      "p-value": 2.3771656734862936e-09,
      "statistic": 0.20995364061632993
    },
    "retrieval-recall-top-1": {
      "p-value": 9.927588304901393e-08,
      "statistic": 0.18781448021494834
    },
    "retrieval-recall-top-5": {
      "p-value": 2.0189653428696966e-10,
      "statistic": 0.22333991658416488
    },
    "retrieval-recall-top-10": {
      "p-value": 1.86942758225713e-10,
      "statistic": 0.2237440953897285
    },
    "r-precision": {
      "p-value": 9.307949600012758e-06,
      "statistic": 0.15668219298040692
    },
    "mrr": {
      "p-value": 8.659287765072144e-10,
      "statistic": 0.21554130350746403
    }
  },
  "maven-no-sub-tokens-tfidf": {
    "retrieval-precision-top-1": {
      "p-value": 9.458844114462447e-11,
      "statistic": 0.22728905460873025
    },
    "retrieval-precision-top-5": {
      "p-value": 1.74066571017419e-10,
      "statistic": 0.22411823256232297
    },
    "retrieval-precision-top-10": {
      "p-value": 3.941625106822545e-09,
      "statistic": 0.20709653271187456
    },
    "hit-rate-top-5": {
      "p-value": 3.003905968951819e-11,
      "statistic": 0.23312803979672855
    },
    "hit-rate-top-10": {
      "p-value": 2.3002904988329098e-10,
      "statistic": 0.22265297819288005
    },
    "retrieval-recall-top-1": {
      "p-value": 4.476879090586306e-11,
      "statistic": 0.2311147578870482
    },
    "retrieval-recall-top-5": {
      "p-value": 2.8856392499671605e-12,
      "statistic": 0.2445898883185103
    },
    "retrieval-recall-top-10": {
      "p-value": 7.425691062076733e-12,
      "statistic": 0.2400367391642823
    },
    "r-precision": {
      "p-value": 1.5820554364623057e-07,
      "statistic": 0.1848600483301482
    },
    "mrr": {
      "p-value": 2.320477699964194e-08,
      "statistic": 0.19674134932160106
    }
  }
}