{
  "train": null,
  "validation": null,
  "test": {
    "hit-rate-top-1": 0.3600822985172272,
    "hit-rate-top-3": 0.5390946269035339,
    "hit-rate-top-5": 0.6193415522575378,
    "hit-rate-top-10": 0.7139917612075806,
    "hit-rate-top-20": 0.8189300298690796,
    "hit-rate": 1.0,
    "map-top-1": 0.3600822985172272,
    "map-top-3": 0.43518519401550293,
    "map-top-5": 0.43430784344673157,
    "map-top-10": 0.42783308029174805,
    "map-top-20": 0.41733649373054504,
    "map": 0.371192067861557,
    "mrr-top-1": 0.3600822985172272,
    "mrr-top-3": 0.43964335322380066,
    "mrr-top-5": 0.4582647383213043,
    "mrr-top-10": 0.4709199070930481,
    "mrr-top-20": 0.4778541028499603,
    "mrr": 0.48291754722595215,
    "retrieval-precision-top-1": 0.3600822985172272,
    "retrieval-precision-top-3": 0.2599451243877411,
    "retrieval-precision-top-5": 0.20781895518302917,
    "retrieval-precision-top-10": 0.13971193134784698,
    "retrieval-precision-top-20": 0.08878601342439651,
    "retrieval-precision": 0.008227746933698654,
    "retrieval-recall-top-1": 0.16210009157657623,
    "retrieval-recall-top-3": 0.3238148093223572,
    "retrieval-recall-top-5": 0.4176371991634369,
    "retrieval-recall-top-10": 0.5281186103820801,
    "retrieval-recall-top-20": 0.6485468745231628,
    "retrieval-recall": 1.0,
    "r-precision": 0.2973829209804535
  }
}