{
  "train": null,
  "validation": null,
  "test": {
    "hit-rate-top-1": 0.30280831456184387,
    "hit-rate-top-3": 0.5128205418586731,
    "hit-rate-top-5": 0.6263736486434937,
    "hit-rate-top-10": 0.7277167439460754,
    "hit-rate-top-20": 0.8290598392486572,
    "hit-rate": 1.0,
    "map-top-1": 0.30280831456184387,
    "map-top-3": 0.3927554190158844,
    "map-top-5": 0.4139957129955292,
    "map-top-10": 0.4124407172203064,
    "map-top-20": 0.4035091698169708,
    "map": 0.3454522490501404,
    "mrr-top-1": 0.30280831456184387,
    "mrr-top-3": 0.39438340067863464,
    "mrr-top-5": 0.42020753026008606,
    "mrr-top-10": 0.4336119294166565,
    "mrr-top-20": 0.4409503638744354,
    "mrr": 0.4448980689048767,
    "retrieval-precision-top-1": 0.30280831456184387,
    "retrieval-precision-top-3": 0.20879121124744415,
    "retrieval-precision-top-5": 0.16410259902477264,
    "retrieval-precision-top-10": 0.10952381789684296,
    "retrieval-precision-top-20": 0.07167277485132217,
    "retrieval-precision": 0.005885621532797813,
    "retrieval-recall-top-1": 0.18809916079044342,
    "retrieval-recall-top-3": 0.3437442183494568,
    "retrieval-recall-top-5": 0.4309510290622711,
    "retrieval-recall-top-10": 0.5278689861297607,
    "retrieval-recall-top-20": 0.63840651512146,
    "retrieval-recall": 1.0,
    "r-precision": 0.2686765789985657
  },
  "details": null
}