{
  "train": null,
  "validation": null,
  "test": {
    "hit-rate-top-1": 0.3090277910232544,
    "hit-rate-top-3": 0.46296295523643494,
    "hit-rate-top-5": 0.5208333134651184,
    "hit-rate-top-10": 0.6423611044883728,
    "hit-rate-top-20": 0.7754629850387573,
    "hit-rate": 1.0,
    "map-top-1": 0.3090277910232544,
    "map-top-3": 0.3715277910232544,
    "map-top-5": 0.3764306902885437,
    "map-top-10": 0.3838816285133362,
    "map-top-20": 0.37719210982322693,
    "map": 0.34597790241241455,
    "mrr-top-1": 0.3090277910232544,
    "mrr-top-3": 0.37480711936950684,
    "mrr-top-5": 0.38811734318733215,
    "mrr-top-10": 0.40434667468070984,
    "mrr-top-20": 0.4134385883808136,
    "mrr": 0.4185164272785187,
    "retrieval-precision-top-1": 0.3090277910232544,
    "retrieval-precision-top-3": 0.2017746865749359,
    "retrieval-precision-top-5": 0.15416668355464935,
    "retrieval-precision-top-10": 0.10717592388391495,
    "retrieval-precision-top-20": 0.07337962836027145,
    "retrieval-precision": 0.0062158796936273575,
    "retrieval-recall-top-1": 0.18831659853458405,
    "retrieval-recall-top-3": 0.3252067565917969,
    "retrieval-recall-top-5": 0.39153581857681274,
    "retrieval-recall-top-10": 0.512501060962677,
    "retrieval-recall-top-20": 0.651761531829834,
    "retrieval-recall": 1.0,
    "r-precision": 0.2597357928752899
  }
}