{
  "train": null,
  "validation": null,
  "test": {
    "hit-rate-top-1": 0.2980988621711731,
    "hit-rate-top-3": 0.5133079886436462,
    "hit-rate-top-5": 0.5977186560630798,
    "hit-rate-top-10": 0.7193916440010071,
    "hit-rate-top-20": 0.8228136897087097,
    "hit-rate": 1.0,
    "map-top-1": 0.2980988621711731,
    "map-top-3": 0.3905577063560486,
    "map-top-5": 0.4051637053489685,
    "map-top-10": 0.41481924057006836,
    "map-top-20": 0.4136351943016052,
    "map": 0.3845821022987366,
    "mrr-top-1": 0.2980988621711731,
    "mrr-top-3": 0.39188849925994873,
    "mrr-top-5": 0.4110519587993622,
    "mrr-top-10": 0.42786043882369995,
    "mrr-top-20": 0.4350266456604004,
    "mrr": 0.43892937898635864,
    "retrieval-precision-top-1": 0.2980988621711731,
    "retrieval-precision-top-3": 0.2045627385377884,
    "retrieval-precision-top-5": 0.15756653249263763,
    "retrieval-precision-top-10": 0.10494296252727509,
    "retrieval-precision-top-20": 0.06760456413030624,
    "retrieval-precision": 0.005649717990309,
    "retrieval-recall-top-1": 0.21518348157405853,
    "retrieval-recall-top-3": 0.4029982089996338,
    "retrieval-recall-top-5": 0.4885079264640808,
    "retrieval-recall-top-10": 0.6062551736831665,
    "retrieval-recall-top-20": 0.7042662501335144,
    "retrieval-recall": 1.0,
    "r-precision": 0.27939921617507935
  },
  "details": null
}