{
  "train": null,
  "validation": null,
  "test": {
    "hit-rate-top-1": 0.38645419478416443,
    "hit-rate-top-3": 0.6055777072906494,
    "hit-rate-top-5": 0.6932271122932434,
    "hit-rate-top-10": 0.7838645577430725,
    "hit-rate-top-20": 0.8685259222984314,
    "hit-rate": 1.0,
    "map-top-1": 0.38645419478416443,
    "map-top-3": 0.4785856604576111,
    "map-top-5": 0.4896593987941742,
    "map-top-10": 0.484165757894516,
    "map-top-20": 0.47164979577064514,
    "map": 0.42391684651374817,
    "mrr-top-1": 0.38645419478416443,
    "mrr-top-3": 0.4835657477378845,
    "mrr-top-5": 0.5036852955818176,
    "mrr-top-10": 0.5158987045288086,
    "mrr-top-20": 0.5220686793327332,
    "mrr": 0.525000810623169,
    "retrieval-precision-top-1": 0.38645419478416443,
    "retrieval-precision-top-3": 0.2526560127735138,
    "retrieval-precision-top-5": 0.19422312080860138,
    "retrieval-precision-top-10": 0.1292828768491745,
    "retrieval-precision-top-20": 0.08281872421503067,
    "retrieval-precision": 0.01422689575701952,
    "retrieval-recall-top-1": 0.23543214797973633,
    "retrieval-recall-top-3": 0.41104090213775635,
    "retrieval-recall-top-5": 0.501659095287323,
    "retrieval-recall-top-10": 0.6157658696174622,
    "retrieval-recall-top-20": 0.721025824546814,
    "retrieval-recall": 1.0,
    "r-precision": 0.3318949341773987
  },
  "details": null
}