{
  "train": null,
  "validation": null,
  "test": {
    "hit-rate-top-1": 0.37396693229675293,
    "hit-rate-top-3": 0.5289255976676941,
    "hit-rate-top-5": 0.6115702390670776,
    "hit-rate-top-10": 0.692148745059967,
    "hit-rate-top-20": 0.7685950398445129,
    "hit-rate": 1.0,
    "map-top-1": 0.37396693229675293,
    "map-top-3": 0.43560606241226196,
    "map-top-5": 0.44672006368637085,
    "map-top-10": 0.4359527826309204,
    "map-top-20": 0.4215235412120819,
    "map": 0.355400413274765,
    "mrr-top-1": 0.37396693229675293,
    "mrr-top-3": 0.44128790497779846,
    "mrr-top-5": 0.46019288897514343,
    "mrr-top-10": 0.470803827047348,
    "mrr-top-20": 0.4761793315410614,
    "mrr": 0.48053184151649475,
    "retrieval-precision-top-1": 0.37396693229675293,
    "retrieval-precision-top-3": 0.236225888133049,
    "retrieval-precision-top-5": 0.18450413644313812,
    "retrieval-precision-top-10": 0.12944215536117554,
    "retrieval-precision-top-20": 0.08780991286039352,
    "retrieval-precision": 0.015301467850804329,
    "retrieval-recall-top-1": 0.19701842963695526,
    "retrieval-recall-top-3": 0.31879115104675293,
    "retrieval-recall-top-5": 0.3804241418838501,
    "retrieval-recall-top-10": 0.47474727034568787,
    "retrieval-recall-top-20": 0.5572168827056885,
    "retrieval-recall": 1.0,
    "r-precision": 0.29675760865211487
  },
  "details": null
}