{
  "train": null,
  "validation": null,
  "test": {
    "hit-rate-top-1": 0.40123456716537476,
    "hit-rate-top-3": 0.5555555820465088,
    "hit-rate-top-5": 0.6378600597381592,
    "hit-rate-top-10": 0.748971164226532,
    "hit-rate-top-20": 0.8209876418113708,
    "hit-rate": 1.0,
    "map-top-1": 0.40123456716537476,
    "map-top-3": 0.46707817912101746,
    "map-top-5": 0.47527721524238586,
    "map-top-10": 0.4649561047554016,
    "map-top-20": 0.43595612049102783,
    "map": 0.3541855216026306,
    "mrr-top-1": 0.40123456716537476,
    "mrr-top-3": 0.4715363383293152,
    "mrr-top-5": 0.4900548458099365,
    "mrr-top-10": 0.5049872398376465,
    "mrr-top-20": 0.5099075436592102,
    "mrr": 0.5143051743507385,
    "retrieval-precision-top-1": 0.40123456716537476,
    "retrieval-precision-top-3": 0.2393689900636673,
    "retrieval-precision-top-5": 0.1814814954996109,
    "retrieval-precision-top-10": 0.12222222238779068,
    "retrieval-precision-top-20": 0.08004115521907806,
    "retrieval-precision": 0.008227746933698654,
    "retrieval-recall-top-1": 0.19302016496658325,
    "retrieval-recall-top-3": 0.3144347071647644,
    "retrieval-recall-top-5": 0.3750550448894501,
    "retrieval-recall-top-10": 0.47887447476387024,
    "retrieval-recall-top-20": 0.5903984308242798,
    "retrieval-recall": 1.0,
    "r-precision": 0.301978200674057
  }
}