{
  "train": null,
  "validation": null,
  "test": {
    "hit-rate-top-1": 0.27106228470802307,
    "hit-rate-top-3": 0.45665445923805237,
    "hit-rate-top-5": 0.562881588935852,
    "hit-rate-top-10": 0.7094017267227173,
    "hit-rate-top-20": 0.8192918300628662,
    "hit-rate": 1.0,
    "map-top-1": 0.27106228470802307,
    "map-top-3": 0.34676438570022583,
    "map-top-5": 0.36666667461395264,
    "map-top-10": 0.37334582209587097,
    "map-top-20": 0.3639288544654846,
    "map": 0.32034459710121155,
    "mrr-top-1": 0.27106228470802307,
    "mrr-top-3": 0.3518518805503845,
    "mrr-top-5": 0.3762718737125397,
    "mrr-top-10": 0.3958825170993805,
    "mrr-top-20": 0.4036743640899658,
    "mrr": 0.4076903760433197,
    "retrieval-precision-top-1": 0.27106228470802307,
    "retrieval-precision-top-3": 0.18518519401550293,
    "retrieval-precision-top-5": 0.14798536896705627,
    "retrieval-precision-top-10": 0.11037851125001907,
    "retrieval-precision-top-20": 0.07417582720518112,
    "retrieval-precision": 0.005885621532797813,
    "retrieval-recall-top-1": 0.1655799150466919,
    "retrieval-recall-top-3": 0.30329659581184387,
    "retrieval-recall-top-5": 0.38400235772132874,
    "retrieval-recall-top-10": 0.5192574262619019,
    "retrieval-recall-top-20": 0.6424589157104492,
    "retrieval-recall": 1.0,
    "r-precision": 0.23866012692451477
  }
}