{
  "train": null,
  "validation": null,
  "test": {
    "hit-rate-top-1": 0.2708333432674408,
    "hit-rate-top-3": 0.40162035822868347,
    "hit-rate-top-5": 0.46643519401550293,
    "hit-rate-top-10": 0.5752314925193787,
    "hit-rate-top-20": 0.7118055820465088,
    "hit-rate": 1.0,
    "map-top-1": 0.2708333432674408,
    "map-top-3": 0.3251350522041321,
    "map-top-5": 0.33499065041542053,
    "map-top-10": 0.34332066774368286,
    "map-top-20": 0.34268683195114136,
    "map": 0.308937668800354,
    "mrr-top-1": 0.2708333432674408,
    "mrr-top-3": 0.3288966417312622,
    "mrr-top-5": 0.3434799313545227,
    "mrr-top-10": 0.35764577984809875,
    "mrr-top-20": 0.36706793308258057,
    "mrr": 0.3734442889690399,
    "retrieval-precision-top-1": 0.2708333432674408,
    "retrieval-precision-top-3": 0.1739969104528427,
    "retrieval-precision-top-5": 0.13402779400348663,
    "retrieval-precision-top-10": 0.09247685968875885,
    "retrieval-precision-top-20": 0.06359953433275223,
    "retrieval-precision": 0.0062158796936273575,
    "retrieval-recall-top-1": 0.1734815239906311,
    "retrieval-recall-top-3": 0.2888934910297394,
    "retrieval-recall-top-5": 0.348464697599411,
    "retrieval-recall-top-10": 0.45322418212890625,
    "retrieval-recall-top-20": 0.588028609752655,
    "retrieval-recall": 1.0,
    "r-precision": 0.23407430946826935
  },
  "details": null
}