{
  "train": null,
  "validation": null,
  "test": {
    "hit-rate-top-1": 0.3600822985172272,
    "hit-rate-top-3": 0.5432098507881165,
    "hit-rate-top-5": 0.6234567761421204,
    "hit-rate-top-10": 0.709876537322998,
    "hit-rate-top-20": 0.8209876418113708,
    "hit-rate": 1.0,
    "map-top-1": 0.3600822985172272,
    "map-top-3": 0.4367283880710602,
    "map-top-5": 0.43504804372787476,
    "map-top-10": 0.42653852701187134,
    "map-top-20": 0.4163525700569153,
    "map": 0.3702344000339508,
    "mrr-top-1": 0.3600822985172272,
    "mrr-top-3": 0.4403292238712311,
    "mrr-top-5": 0.4584362208843231,
    "mrr-top-10": 0.4699432849884033,
    "mrr-top-20": 0.47739261388778687,
    "mrr": 0.48236680030822754,
    "retrieval-precision-top-1": 0.3600822985172272,
    "retrieval-precision-top-3": 0.25857341289520264,
    "retrieval-precision-top-5": 0.20781894028186798,
    "retrieval-precision-top-10": 0.1388888955116272,
    "retrieval-precision-top-20": 0.08909465372562408,
    "retrieval-precision": 0.008227746933698654,
    "retrieval-recall-top-1": 0.16051770746707916,
    "retrieval-recall-top-3": 0.3219286799430847,
    "retrieval-recall-top-5": 0.4186292290687561,
    "retrieval-recall-top-10": 0.5246583819389343,
    "retrieval-recall-top-20": 0.6548341512680054,
    "retrieval-recall": 1.0,
    "r-precision": 0.29467377066612244
  }
}