{
  "train": null,
  "validation": null,
  "test": {
    "hit-rate-top-1": 0.37051793932914734,
    "hit-rate-top-3": 0.5956175327301025,
    "hit-rate-top-5": 0.6852589845657349,
    "hit-rate-top-10": 0.7878485918045044,
    "hit-rate-top-20": 0.8784860372543335,
    "hit-rate": 1.0,
    "map-top-1": 0.37051793932914734,
    "map-top-3": 0.4658864140510559,
    "map-top-5": 0.4768149256706238,
    "map-top-10": 0.4733751714229584,
    "map-top-20": 0.46197211742401123,
    "map": 0.4193948805332184,
    "mrr-top-1": 0.37051793932914734,
    "mrr-top-3": 0.46928954124450684,
    "mrr-top-5": 0.4898572564125061,
    "mrr-top-10": 0.5035046339035034,
    "mrr-top-20": 0.510004460811615,
    "mrr": 0.5126870274543762,
    "retrieval-precision-top-1": 0.37051793932914734,
    "retrieval-precision-top-3": 0.25199201703071594,
    "retrieval-precision-top-5": 0.1954183429479599,
    "retrieval-precision-top-10": 0.13177290558815002,
    "retrieval-precision-top-20": 0.08620517700910568,
    "retrieval-precision": 0.01422689575701952,
    "retrieval-recall-top-1": 0.2242259383201599,
    "retrieval-recall-top-3": 0.4092242419719696,
    "retrieval-recall-top-5": 0.4977753758430481,
    "retrieval-recall-top-10": 0.6187431812286377,
    "retrieval-recall-top-20": 0.7356542348861694,
    "retrieval-recall": 1.0,
    "r-precision": 0.3246335983276367
  },
  "details": null
}