{
  "train": null,
  "validation": null,
  "test": {
    "hit-rate-top-1": 0.27106228470802307,
    "hit-rate-top-3": 0.40537241101264954,
    "hit-rate-top-5": 0.4652014672756195,
    "hit-rate-top-10": 0.5592185854911804,
    "hit-rate-top-20": 0.672771692276001,
    "hit-rate": 1.0,
    "map-top-1": 0.27106228470802307,
    "map-top-3": 0.327431857585907,
    "map-top-5": 0.33663004636764526,
    "map-top-10": 0.34027376770973206,
    "map-top-20": 0.3349120616912842,
    "map": 0.2946224510669708,
    "mrr-top-1": 0.27106228470802307,
    "mrr-top-3": 0.33068785071372986,
    "mrr-top-5": 0.3443019986152649,
    "mrr-top-10": 0.3565182685852051,
    "mrr-top-20": 0.36443963646888733,
    "mrr": 0.3702852427959442,
    "retrieval-precision-top-1": 0.27106228470802307,
    "retrieval-precision-top-3": 0.16483518481254578,
    "retrieval-precision-top-5": 0.12380951642990112,
    "retrieval-precision-top-10": 0.08192919194698334,
    "retrieval-precision-top-20": 0.056898653507232666,
    "retrieval-precision": 0.005885621532797813,
    "retrieval-recall-top-1": 0.17400428652763367,
    "retrieval-recall-top-3": 0.2854056656360626,
    "retrieval-recall-top-5": 0.33629509806632996,
    "retrieval-recall-top-10": 0.4104382395744324,
    "retrieval-recall-top-20": 0.5107585191726685,
    "retrieval-recall": 1.0,
    "r-precision": 0.22747686505317688
  }
}