{
  "train": null,
  "validation": null,
  "test": {
    "hit-rate-top-1": 0.35330578684806824,
    "hit-rate-top-3": 0.5320248007774353,
    "hit-rate-top-5": 0.6074380278587341,
    "hit-rate-top-10": 0.7066115736961365,
    "hit-rate-top-20": 0.7902892827987671,
    "hit-rate": 1.0,
    "map-top-1": 0.35330578684806824,
    "map-top-3": 0.4294077157974243,
    "map-top-5": 0.43709251284599304,
    "map-top-10": 0.4320279061794281,
    "map-top-20": 0.41838982701301575,
    "map": 0.3621729910373688,
    "mrr-top-1": 0.35330578684806824,
    "mrr-top-3": 0.4318181574344635,
    "mrr-top-5": 0.448966920375824,
    "mrr-top-10": 0.4623364210128784,
    "mrr-top-20": 0.46819350123405457,
    "mrr": 0.472253680229187,
    "retrieval-precision-top-1": 0.35330578684806824,
    "retrieval-precision-top-3": 0.24655647575855255,
    "retrieval-precision-top-5": 0.1935950517654419,
    "retrieval-precision-top-10": 0.13533057272434235,
    "retrieval-precision-top-20": 0.09245867282152176,
    "retrieval-precision": 0.015301467850804329,
    "retrieval-recall-top-1": 0.1839532107114792,
    "retrieval-recall-top-3": 0.32543665170669556,
    "retrieval-recall-top-5": 0.3965570032596588,
    "retrieval-recall-top-10": 0.48796746134757996,
    "retrieval-recall-top-20": 0.5818861722946167,
    "retrieval-recall": 1.0,
    "r-precision": 0.293416827917099
  },
  "details": null
}