{
  "train": null,
  "validation": null,
  "test": {
    "hit-rate-top-1": 0.3987603187561035,
    "hit-rate-top-3": 0.5754132270812988,
    "hit-rate-top-5": 0.6570248007774353,
    "hit-rate-top-10": 0.7489669322967529,
    "hit-rate-top-20": 0.8099173307418823,
    "hit-rate": 1.0,
    "map-top-1": 0.3987603187561035,
    "map-top-3": 0.4719352722167969,
    "map-top-5": 0.48106062412261963,
    "map-top-10": 0.470672070980072,
    "map-top-20": 0.44731923937797546,
    "map": 0.38512367010116577,
    "mrr-top-1": 0.3987603187561035,
    "mrr-top-3": 0.4764118790626526,
    "mrr-top-5": 0.4950069189071655,
    "mrr-top-10": 0.5075774192810059,
    "mrr-top-20": 0.5118449330329895,
    "mrr": 0.5154438018798828,
    "retrieval-precision-top-1": 0.3987603187561035,
    "retrieval-precision-top-3": 0.2572314143180847,
    "retrieval-precision-top-5": 0.20330581068992615,
    "retrieval-precision-top-10": 0.14555785059928894,
    "retrieval-precision-top-20": 0.10087808966636658,
    "retrieval-precision": 0.015301467850804329,
    "retrieval-recall-top-1": 0.20442290604114532,
    "retrieval-recall-top-3": 0.34105777740478516,
    "retrieval-recall-top-5": 0.41211140155792236,
    "retrieval-recall-top-10": 0.510219395160675,
    "retrieval-recall-top-20": 0.6093829274177551,
    "retrieval-recall": 1.0,
    "r-precision": 0.31594642996788025
  }
}