{
  "train": null,
  "validation": null,
  "test": {
    "hit-rate-top-1": 0.3052503168582916,
    "hit-rate-top-3": 0.5262515544891357,
    "hit-rate-top-5": 0.6214896440505981,
    "hit-rate-top-10": 0.742368757724762,
    "hit-rate-top-20": 0.8290598392486572,
    "hit-rate": 1.0,
    "map-top-1": 0.3052503168582916,
    "map-top-3": 0.40018314123153687,
    "map-top-5": 0.41649705171585083,
    "map-top-10": 0.4207856357097626,
    "map-top-20": 0.4075358808040619,
    "map": 0.3539321720600128,
    "mrr-top-1": 0.3052503168582916,
    "mrr-top-3": 0.40231990814208984,
    "mrr-top-5": 0.42405369877815247,
    "mrr-top-10": 0.4397217929363251,
    "mrr-top-20": 0.4456442892551422,
    "mrr": 0.4495272934436798,
    "retrieval-precision-top-1": 0.3052503168582916,
    "retrieval-precision-top-3": 0.21204717457294464,
    "retrieval-precision-top-5": 0.16336998343467712,
    "retrieval-precision-top-10": 0.10903540998697281,
    "retrieval-precision-top-20": 0.07063492387533188,
    "retrieval-precision": 0.005885621532797813,
    "retrieval-recall-top-1": 0.19707870483398438,
    "retrieval-recall-top-3": 0.359661728143692,
    "retrieval-recall-top-5": 0.43383803963661194,
    "retrieval-recall-top-10": 0.5410639643669128,
    "retrieval-recall-top-20": 0.6386607885360718,
    "retrieval-recall": 1.0,
    "r-precision": 0.27532872557640076
  },
  "details": null
}