{
  "train": null,
  "validation": null,
  "test": {
    "hit-rate-top-1": 0.3460076153278351,
    "hit-rate-top-3": 0.5224334597587585,
    "hit-rate-top-5": 0.6144486665725708,
    "hit-rate-top-10": 0.7323194146156311,
    "hit-rate-top-20": 0.831939160823822,
    "hit-rate": 1.0,
    "map-top-1": 0.3460076153278351,
    "map-top-3": 0.4211660623550415,
    "map-top-5": 0.4392068386077881,
    "map-top-10": 0.44450145959854126,
    "map-top-20": 0.44482430815696716,
    "map": 0.4135228395462036,
    "mrr-top-1": 0.3460076153278351,
    "mrr-top-3": 0.4225602149963379,
    "mrr-top-5": 0.443776935338974,
    "mrr-top-10": 0.4599674344062805,
    "mrr-top-20": 0.46694836020469666,
    "mrr": 0.47071826457977295,
    "retrieval-precision-top-1": 0.3460076153278351,
    "retrieval-precision-top-3": 0.19923952221870422,
    "retrieval-precision-top-5": 0.1504182666540146,
    "retrieval-precision-top-10": 0.09977187216281891,
    "retrieval-precision-top-20": 0.06380228698253632,
    "retrieval-precision": 0.005649717990309,
    "retrieval-recall-top-1": 0.2663687467575073,
    "retrieval-recall-top-3": 0.42155489325523376,
    "retrieval-recall-top-5": 0.5024791359901428,
    "retrieval-recall-top-10": 0.6123782992362976,
    "retrieval-recall-top-20": 0.7105517983436584,
    "retrieval-recall": 1.0,
    "r-precision": 0.317848801612854
  },
  "details": null
}