{
  "train": null,
  "validation": null,
  "test": {
    "hit-rate-top-1": 0.2902892529964447,
    "hit-rate-top-3": 0.48140496015548706,
    "hit-rate-top-5": 0.577479362487793,
    "hit-rate-top-10": 0.6952479481697083,
    "hit-rate-top-20": 0.8006198406219482,
    "hit-rate": 1.0,
    "map-top-1": 0.2902892529964447,
    "map-top-3": 0.3693181872367859,
    "map-top-5": 0.38486140966415405,
    "map-top-10": 0.3838176131248474,
    "map-top-20": 0.37075382471084595,
    "map": 0.3133547306060791,
    "mrr-top-1": 0.2902892529964447,
    "mrr-top-3": 0.37310609221458435,
    "mrr-top-5": 0.3950068950653076,
    "mrr-top-10": 0.4108065366744995,
    "mrr-top-20": 0.41807273030281067,
    "mrr": 0.4221746623516083,
    "retrieval-precision-top-1": 0.2902892529964447,
    "retrieval-precision-top-3": 0.21280993521213531,
    "retrieval-precision-top-5": 0.17458680272102356,
    "retrieval-precision-top-10": 0.1265496015548706,
    "retrieval-precision-top-20": 0.08930784463882446,
    "retrieval-precision": 0.015301467850804329,
    "retrieval-recall-top-1": 0.1490240842103958,
    "retrieval-recall-top-3": 0.27433228492736816,
    "retrieval-recall-top-5": 0.34696802496910095,
    "retrieval-recall-top-10": 0.4573709964752197,
    "retrieval-recall-top-20": 0.5806787014007568,
    "retrieval-recall": 1.0,
    "r-precision": 0.24632441997528076
  }
}