{
  "train": null,
  "validation": null,
  "test": {
    "hit-rate-top-1": 0.12044817954301834,
    "hit-rate-top-3": 0.21568627655506134,
    "hit-rate-top-5": 0.28151261806488037,
    "hit-rate-top-10": 0.3767507076263428,
    "hit-rate-top-20": 0.4719887971878052,
    "hit-rate": 1.0,
    "map-top-1": 0.12044817954301834,
    "map-top-3": 0.15919700264930725,
    "map-top-5": 0.17176119983196259,
    "map-top-10": 0.1808171272277832,
    "map-top-20": 0.17999979853630066,
    "map": 0.14783090353012085,
    "mrr-top-1": 0.12044817954301834,
    "mrr-top-3": 0.16059757769107819,
    "mrr-top-5": 0.17558357119560242,
    "mrr-top-10": 0.1878979206085205,
    "mrr-top-20": 0.19448299705982208,
    "mrr": 0.2009173482656479,
    "retrieval-precision-top-1": 0.12044817954301834,
    "retrieval-precision-top-3": 0.08309991657733917,
    "retrieval-precision-top-5": 0.07114846259355545,
    "retrieval-precision-top-10": 0.053921572864055634,
    "retrieval-precision-top-20": 0.03984593600034714,
    "retrieval-precision": 0.0007367201033048332,
    "retrieval-recall-top-1": 0.07079113274812698,
    "retrieval-recall-top-3": 0.13257643580436707,
    "retrieval-recall-top-5": 0.17807698249816895,
    "retrieval-recall-top-10": 0.24747899174690247,
    "retrieval-recall-top-20": 0.32684072852134705,
    "retrieval-recall": 1.0,
    "r-precision": 0.1028311625123024
  }
}