{
  "train": null,
  "validation": null,
  "test": {
    "hit-rate-top-1": 0.40082645416259766,
    "hit-rate-top-3": 0.5609503984451294,
    "hit-rate-top-5": 0.6528925895690918,
    "hit-rate-top-10": 0.75,
    "hit-rate-top-20": 0.807851254940033,
    "hit-rate": 1.0,
    "map-top-1": 0.40082645416259766,
    "map-top-3": 0.4672865569591522,
    "map-top-5": 0.4792613685131073,
    "map-top-10": 0.47197943925857544,
    "map-top-20": 0.4511484205722809,
    "map": 0.3848704397678375,
    "mrr-top-1": 0.40082645416259766,
    "mrr-top-3": 0.4722795784473419,
    "mrr-top-5": 0.49325069785118103,
    "mrr-top-10": 0.5066865682601929,
    "mrr-top-20": 0.5106915831565857,
    "mrr": 0.5143218040466309,
    "retrieval-precision-top-1": 0.40082645416259766,
    "retrieval-precision-top-3": 0.252754807472229,
    "retrieval-precision-top-5": 0.20227274298667908,
    "retrieval-precision-top-10": 0.14411157369613647,
    "retrieval-precision-top-20": 0.10010329633951187,
    "retrieval-precision": 0.015301467850804329,
    "retrieval-recall-top-1": 0.2070026695728302,
    "retrieval-recall-top-3": 0.3335450291633606,
    "retrieval-recall-top-5": 0.4085060656070709,
    "retrieval-recall-top-10": 0.5054469108581543,
    "retrieval-recall-top-20": 0.6041017174720764,
    "retrieval-recall": 1.0,
    "r-precision": 0.31625914573669434
  }
}