{
  "train": null,
  "validation": null,
  "test": {
    "hit-rate-top-1": 0.24483470618724823,
    "hit-rate-top-3": 0.44524794816970825,
    "hit-rate-top-5": 0.5278925895690918,
    "hit-rate-top-10": 0.6611570119857788,
    "hit-rate-top-20": 0.7789255976676941,
    "hit-rate": 1.0,
    "map-top-1": 0.24483470618724823,
    "map-top-3": 0.32928723096847534,
    "map-top-5": 0.34049442410469055,
    "map-top-10": 0.3433201014995575,
    "map-top-20": 0.335321307182312,
    "map": 0.28539758920669556,
    "mrr-top-1": 0.24483470618724823,
    "mrr-top-3": 0.33126723766326904,
    "mrr-top-5": 0.3502238690853119,
    "mrr-top-10": 0.3682301938533783,
    "mrr-top-20": 0.3765811622142792,
    "mrr": 0.38189783692359924,
    "retrieval-precision-top-1": 0.24483470618724823,
    "retrieval-precision-top-3": 0.18526168167591095,
    "retrieval-precision-top-5": 0.148553729057312,
    "retrieval-precision-top-10": 0.11404958367347717,
    "retrieval-precision-top-20": 0.08197315037250519,
    "retrieval-precision": 0.015301467850804329,
    "retrieval-recall-top-1": 0.131182461977005,
    "retrieval-recall-top-3": 0.2500918507575989,
    "retrieval-recall-top-5": 0.309911847114563,
    "retrieval-recall-top-10": 0.4222315847873688,
    "retrieval-recall-top-20": 0.5448926091194153,
    "retrieval-recall": 1.0,
    "r-precision": 0.21940317749977112
  },
  "details": null
}