{
  "train": null,
  "validation": null,
  "test": {
    "hit-rate-top-1": 0.37037035822868347,
    "hit-rate-top-3": 0.5370370149612427,
    "hit-rate-top-5": 0.6296296119689941,
    "hit-rate-top-10": 0.7119341492652893,
    "hit-rate-top-20": 0.8086419701576233,
    "hit-rate": 1.0,
    "map-top-1": 0.37037035822868347,
    "map-top-3": 0.4405007064342499,
    "map-top-5": 0.44849395751953125,
    "map-top-10": 0.44320693612098694,
    "map-top-20": 0.430204302072525,
    "map": 0.37797778844833374,
    "mrr-top-1": 0.37037035822868347,
    "mrr-top-3": 0.4441015422344208,
    "mrr-top-5": 0.464883416891098,
    "mrr-top-10": 0.47571447491645813,
    "mrr-top-20": 0.4824637472629547,
    "mrr": 0.48720401525497437,
    "retrieval-precision-top-1": 0.37037035822868347,
    "retrieval-precision-top-3": 0.26543205976486206,
    "retrieval-precision-top-5": 0.20411524176597595,
    "retrieval-precision-top-10": 0.12880659103393555,
    "retrieval-precision-top-20": 0.08323045074939728,
    "retrieval-precision": 0.008227746933698654,
    "retrieval-recall-top-1": 0.17232473194599152,
    "retrieval-recall-top-3": 0.3383826017379761,
    "retrieval-recall-top-5": 0.4264822006225586,
    "retrieval-recall-top-10": 0.5088855624198914,
    "retrieval-recall-top-20": 0.6308259963989258,
    "retrieval-recall": 1.0,
    "r-precision": 0.3114054203033447
  },
  "details": null
}