{
  "train": null,
  "validation": null,
  "test": {
    "hit-rate-top-1": 0.3315589427947998,
    "hit-rate-top-3": 0.48897337913513184,
    "hit-rate-top-5": 0.561977207660675,
    "hit-rate-top-10": 0.65095055103302,
    "hit-rate-top-20": 0.730038046836853,
    "hit-rate": 1.0,
    "map-top-1": 0.3315589427947998,
    "map-top-3": 0.40031686425209045,
    "map-top-5": 0.41525137424468994,
    "map-top-10": 0.41884082555770874,
    "map-top-20": 0.4170202314853668,
    "map": 0.39246121048927307,
    "mrr-top-1": 0.3315589427947998,
    "mrr-top-3": 0.4024081826210022,
    "mrr-top-5": 0.418986052274704,
    "mrr-top-10": 0.4308660924434662,
    "mrr-top-20": 0.43649718165397644,
    "mrr": 0.44142472743988037,
    "retrieval-precision-top-1": 0.3315589427947998,
    "retrieval-precision-top-3": 0.20101392269134521,
    "retrieval-precision-top-5": 0.15148289501667023,
    "retrieval-precision-top-10": 0.10349810123443604,
    "retrieval-precision-top-20": 0.06828896701335907,
    "retrieval-precision": 0.005649717990309,
    "retrieval-recall-top-1": 0.24648599326610565,
    "retrieval-recall-top-3": 0.38864949345588684,
    "retrieval-recall-top-5": 0.4488648772239685,
    "retrieval-recall-top-10": 0.5385743975639343,
    "retrieval-recall-top-20": 0.6309627890586853,
    "retrieval-recall": 1.0,
    "r-precision": 0.31313347816467285
  }
}