{
  "train": null,
  "validation": null,
  "test": {
    "hit-rate-top-1": 0.3873966932296753,
    "hit-rate-top-3": 0.56611567735672,
    "hit-rate-top-5": 0.6508264541625977,
    "hit-rate-top-10": 0.75,
    "hit-rate-top-20": 0.8243801593780518,
    "hit-rate": 1.0,
    "map-top-1": 0.3873966932296753,
    "map-top-3": 0.45962464809417725,
    "map-top-5": 0.46943867206573486,
    "map-top-10": 0.45884355902671814,
    "map-top-20": 0.4433091878890991,
    "map": 0.39086657762527466,
    "mrr-top-1": 0.3873966932296753,
    "mrr-top-3": 0.46453168988227844,
    "mrr-top-5": 0.48333337903022766,
    "mrr-top-10": 0.4968278706073761,
    "mrr-top-20": 0.5020330548286438,
    "mrr": 0.5054848194122314,
    "retrieval-precision-top-1": 0.3873966932296753,
    "retrieval-precision-top-3": 0.2706611454486847,
    "retrieval-precision-top-5": 0.2134297639131546,
    "retrieval-precision-top-10": 0.15423552691936493,
    "retrieval-precision-top-20": 0.1057334616780281,
    "retrieval-precision": 0.015301467850804329,
    "retrieval-recall-top-1": 0.19290955364704132,
    "retrieval-recall-top-3": 0.33985868096351624,
    "retrieval-recall-top-5": 0.41892459988594055,
    "retrieval-recall-top-10": 0.5277690887451172,
    "retrieval-recall-top-20": 0.629601001739502,
    "retrieval-recall": 1.0,
    "r-precision": 0.31577154994010925
  }
}