{
  "train": null,
  "validation": null,
  "test": {
    "hit-rate-top-1": 0.2950570285320282,
    "hit-rate-top-3": 0.4304182529449463,
    "hit-rate-top-5": 0.4912547469139099,
    "hit-rate-top-10": 0.5878326892852783,
    "hit-rate-top-20": 0.6859315633773804,
    "hit-rate": 1.0,
    "map-top-1": 0.2950570285320282,
    "map-top-3": 0.3526616096496582,
    "map-top-5": 0.3624492883682251,
    "map-top-10": 0.3674769997596741,
    "map-top-20": 0.36695653200149536,
    "map": 0.3414528965950012,
    "mrr-top-1": 0.2950570285320282,
    "mrr-top-3": 0.3538656234741211,
    "mrr-top-5": 0.36751583218574524,
    "mrr-top-10": 0.38026225566864014,
    "mrr-top-20": 0.38718312978744507,
    "mrr": 0.3928470015525818,
    "retrieval-precision-top-1": 0.2950570285320282,
    "retrieval-precision-top-3": 0.18073509633541107,
    "retrieval-precision-top-5": 0.13657794892787933,
    "retrieval-precision-top-10": 0.09581749886274338,
    "retrieval-precision-top-20": 0.0634981021285057,
    "retrieval-precision": 0.005649717990309,
    "retrieval-recall-top-1": 0.20789989829063416,
    "retrieval-recall-top-3": 0.3261915445327759,
    "retrieval-recall-top-5": 0.38363662362098694,
    "retrieval-recall-top-10": 0.4806808531284332,
    "retrieval-recall-top-20": 0.5840716361999512,
    "retrieval-recall": 1.0,
    "r-precision": 0.2676647901535034
  },
  "details": null
}