{
  "train": null,
  "validation": null,
  "test": {
    "hit-rate-top-1": 0.2902892529964447,
    "hit-rate-top-3": 0.47314050793647766,
    "hit-rate-top-5": 0.5692148804664612,
    "hit-rate-top-10": 0.6952479481697083,
    "hit-rate-top-20": 0.8109503984451294,
    "hit-rate": 1.0,
    "map-top-1": 0.2902892529964447,
    "map-top-3": 0.3670799136161804,
    "map-top-5": 0.38168761134147644,
    "map-top-10": 0.3844164311885834,
    "map-top-20": 0.37073278427124023,
    "map": 0.3112647235393524,
    "mrr-top-1": 0.2902892529964447,
    "mrr-top-3": 0.3696625530719757,
    "mrr-top-5": 0.3910984992980957,
    "mrr-top-10": 0.4084886610507965,
    "mrr-top-20": 0.41660287976264954,
    "mrr": 0.42075565457344055,
    "retrieval-precision-top-1": 0.2902892529964447,
    "retrieval-precision-top-3": 0.19765838980674744,
    "retrieval-precision-top-5": 0.16033059358596802,
    "retrieval-precision-top-10": 0.11590910702943802,
    "retrieval-precision-top-20": 0.08248967677354813,
    "retrieval-precision": 0.015301467850804329,
    "retrieval-recall-top-1": 0.1568986177444458,
    "retrieval-recall-top-3": 0.2737347185611725,
    "retrieval-recall-top-5": 0.3428633213043213,
    "retrieval-recall-top-10": 0.4487772583961487,
    "retrieval-recall-top-20": 0.5691118836402893,
    "retrieval-recall": 1.0,
    "r-precision": 0.2461683750152588
  },
  "details": null
}