{
  "train": null,
  "validation": null,
  "test": {
    "hit-rate-top-1": 0.09383753687143326,
    "hit-rate-top-3": 0.18487395346164703,
    "hit-rate-top-5": 0.24229691922664642,
    "hit-rate-top-10": 0.33893558382987976,
    "hit-rate-top-20": 0.4481792747974396,
    "hit-rate": 1.0,
    "map-top-1": 0.09383753687143326,
    "map-top-3": 0.13235294818878174,
    "map-top-5": 0.14371110498905182,
    "map-top-10": 0.1549980640411377,
    "map-top-20": 0.15672682225704193,
    "map": 0.1291404813528061,
    "mrr-top-1": 0.09383753687143326,
    "mrr-top-3": 0.13258637487888336,
    "mrr-top-5": 0.14568160474300385,
    "mrr-top-10": 0.15824775397777557,
    "mrr-top-20": 0.1657349020242691,
    "mrr": 0.17359793186187744,
    "retrieval-precision-top-1": 0.09383753687143326,
    "retrieval-precision-top-3": 0.06956116110086441,
    "retrieval-precision-top-5": 0.058263301849365234,
    "retrieval-precision-top-10": 0.045098040252923965,
    "retrieval-precision-top-20": 0.03347339108586311,
    "retrieval-precision": 0.0007367201033048332,
    "retrieval-recall-top-1": 0.060129083693027496,
    "retrieval-recall-top-3": 0.11562834680080414,
    "retrieval-recall-top-5": 0.1592242419719696,
    "retrieval-recall-top-10": 0.22351963818073273,
    "retrieval-recall-top-20": 0.3073047995567322,
    "retrieval-recall": 1.0,
    "r-precision": 0.08541799336671829
  }
}