{
  "train": null,
  "validation": null,
  "test": {
    "hit-rate-top-1": 0.27838829159736633,
    "hit-rate-top-3": 0.4175824224948883,
    "hit-rate-top-5": 0.4713064730167389,
    "hit-rate-top-10": 0.5689865946769714,
    "hit-rate-top-20": 0.6752136945724487,
    "hit-rate": 1.0,
    "map-top-1": 0.27838829159736633,
    "map-top-3": 0.3361823558807373,
    "map-top-5": 0.3434964716434479,
    "map-top-10": 0.3460330367088318,
    "map-top-20": 0.34325194358825684,
    "map": 0.304379940032959,
    "mrr-top-1": 0.27838829159736633,
    "mrr-top-3": 0.3390313684940338,
    "mrr-top-5": 0.3511192798614502,
    "mrr-top-10": 0.3642236292362213,
    "mrr-top-20": 0.3717304468154907,
    "mrr": 0.37787649035453796,
    "retrieval-precision-top-1": 0.27838829159736633,
    "retrieval-precision-top-3": 0.17012616991996765,
    "retrieval-precision-top-5": 0.12771673500537872,
    "retrieval-precision-top-10": 0.08632480353116989,
    "retrieval-precision-top-20": 0.05775335803627968,
    "retrieval-precision": 0.005885621532797813,
    "retrieval-recall-top-1": 0.18236380815505981,
    "retrieval-recall-top-3": 0.2936679422855377,
    "retrieval-recall-top-5": 0.3423415720462799,
    "retrieval-recall-top-10": 0.4252534806728363,
    "retrieval-recall-top-20": 0.5225760340690613,
    "retrieval-recall": 1.0,
    "r-precision": 0.24347752332687378
  }
}