{
  "train": null,
  "validation": null,
  "test": {
    "hit-rate-top-1": 0.10924369841814041,
    "hit-rate-top-3": 0.21148459613323212,
    "hit-rate-top-5": 0.2591036558151245,
    "hit-rate-top-10": 0.343137264251709,
    "hit-rate-top-20": 0.42997199296951294,
    "hit-rate": 1.0,
    "map-top-1": 0.10924369841814041,
    "map-top-3": 0.15347805619239807,
    "map-top-5": 0.16192810237407684,
    "map-top-10": 0.1680096536874771,
    "map-top-20": 0.16710229218006134,
    "map": 0.1356307864189148,
    "mrr-top-1": 0.10924369841814041,
    "mrr-top-3": 0.15429504215717316,
    "mrr-top-5": 0.16507937014102936,
    "mrr-top-10": 0.1758725643157959,
    "mrr-top-20": 0.181864932179451,
    "mrr": 0.18821357190608978,
    "retrieval-precision-top-1": 0.10924369841814041,
    "retrieval-precision-top-3": 0.08216620981693268,
    "retrieval-precision-top-5": 0.06666667759418488,
    "retrieval-precision-top-10": 0.04971989244222641,
    "retrieval-precision-top-20": 0.03662464767694473,
    "retrieval-precision": 0.0007367201033048332,
    "retrieval-recall-top-1": 0.0614168681204319,
    "retrieval-recall-top-3": 0.12395130842924118,
    "retrieval-recall-top-5": 0.15595674514770508,
    "retrieval-recall-top-10": 0.22739684581756592,
    "retrieval-recall-top-20": 0.30254846811294556,
    "retrieval-recall": 1.0,
    "r-precision": 0.09727135300636292
  },
  "details": null
}