{
  "train": null,
  "validation": null,
  "test": {
    "hit-rate-top-1": 0.2429792433977127,
    "hit-rate-top-3": 0.4236874282360077,
    "hit-rate-top-5": 0.5018315315246582,
    "hit-rate-top-10": 0.6459096670150757,
    "hit-rate-top-20": 0.7680097818374634,
    "hit-rate": 1.0,
    "map-top-1": 0.2429792433977127,
    "map-top-3": 0.32000407576560974,
    "map-top-5": 0.3316595256328583,
    "map-top-10": 0.3405314087867737,
    "map-top-20": 0.33588510751724243,
    "map": 0.29082274436950684,
    "mrr-top-1": 0.2429792433977127,
    "mrr-top-3": 0.3215303421020508,
    "mrr-top-5": 0.33880749344825745,
    "mrr-top-10": 0.35856446623802185,
    "mrr-top-20": 0.3674919307231903,
    "mrr": 0.3726269006729126,
    "retrieval-precision-top-1": 0.2429792433977127,
    "retrieval-precision-top-3": 0.1676841676235199,
    "retrieval-precision-top-5": 0.13040293753147125,
    "retrieval-precision-top-10": 0.09401710331439972,
    "retrieval-precision-top-20": 0.0645299181342125,
    "retrieval-precision": 0.005885621532797813,
    "retrieval-recall-top-1": 0.148929163813591,
    "retrieval-recall-top-3": 0.2859415113925934,
    "retrieval-recall-top-5": 0.34688079357147217,
    "retrieval-recall-top-10": 0.4611208438873291,
    "retrieval-recall-top-20": 0.5804204344749451,
    "retrieval-recall": 1.0,
    "r-precision": 0.20856019854545593
  }
}