{
  "train": null,
  "validation": null,
  "test": {
    "hit-rate-top-1": 0.39772728085517883,
    "hit-rate-top-3": 0.56611567735672,
    "hit-rate-top-5": 0.6425619721412659,
    "hit-rate-top-10": 0.7469007968902588,
    "hit-rate-top-20": 0.8181818127632141,
    "hit-rate": 1.0,
    "map-top-1": 0.39772728085517883,
    "map-top-3": 0.4696970283985138,
    "map-top-5": 0.4771350026130676,
    "map-top-10": 0.469700425863266,
    "map-top-20": 0.44926437735557556,
    "map": 0.3863356411457062,
    "mrr-top-1": 0.39772728085517883,
    "mrr-top-3": 0.474001407623291,
    "mrr-top-5": 0.4914083778858185,
    "mrr-top-10": 0.505935549736023,
    "mrr-top-20": 0.5108494162559509,
    "mrr": 0.5144004225730896,
    "retrieval-precision-top-1": 0.39772728085517883,
    "retrieval-precision-top-3": 0.2586088180541992,
    "retrieval-precision-top-5": 0.2016528993844986,
    "retrieval-precision-top-10": 0.1472107470035553,
    "retrieval-precision-top-20": 0.10165288299322128,
    "retrieval-precision": 0.015301467850804329,
    "retrieval-recall-top-1": 0.20386019349098206,
    "retrieval-recall-top-3": 0.3355296850204468,
    "retrieval-recall-top-5": 0.40625831484794617,
    "retrieval-recall-top-10": 0.5146001577377319,
    "retrieval-recall-top-20": 0.6130430698394775,
    "retrieval-recall": 1.0,
    "r-precision": 0.3159564137458801
  }
}