{
  "train": null,
  "validation": null,
  "test": {
    "hit-rate-top-1": 0.14705882966518402,
    "hit-rate-top-3": 0.2549019753932953,
    "hit-rate-top-5": 0.32773110270500183,
    "hit-rate-top-10": 0.4145658314228058,
    "hit-rate-top-20": 0.5098039507865906,
    "hit-rate": 1.0,
    "map-top-1": 0.14705882966518402,
    "map-top-3": 0.1895425021648407,
    "map-top-5": 0.2044176161289215,
    "map-top-10": 0.21217405796051025,
    "map-top-20": 0.2098258137702942,
    "map": 0.17062272131443024,
    "mrr-top-1": 0.14705882966518402,
    "mrr-top-3": 0.19164331257343292,
    "mrr-top-5": 0.20823995769023895,
    "mrr-top-10": 0.21990960836410522,
    "mrr-top-20": 0.22639183700084686,
    "mrr": 0.2326086163520813,
    "retrieval-precision-top-1": 0.14705882966518402,
    "retrieval-precision-top-3": 0.10130719095468521,
    "retrieval-precision-top-5": 0.08403361588716507,
    "retrieval-precision-top-10": 0.061764709651470184,
    "retrieval-precision-top-20": 0.04404762014746666,
    "retrieval-precision": 0.0007367201033048332,
    "retrieval-recall-top-1": 0.08830332010984421,
    "retrieval-recall-top-3": 0.15940013527870178,
    "retrieval-recall-top-5": 0.20956645905971527,
    "retrieval-recall-top-10": 0.2753329575061798,
    "retrieval-recall-top-20": 0.35160520672798157,
    "retrieval-recall": 1.0,
    "r-precision": 0.12573394179344177
  }
}