{
  "train": null,
  "validation": null,
  "test": {
    "hit-rate-top-1": 0.3539094626903534,
    "hit-rate-top-3": 0.5102880597114563,
    "hit-rate-top-5": 0.588477373123169,
    "hit-rate-top-10": 0.701646089553833,
    "hit-rate-top-20": 0.798353910446167,
    "hit-rate": 1.0,
    "map-top-1": 0.3539094626903534,
    "map-top-3": 0.41838133335113525,
    "map-top-5": 0.4301097095012665,
    "map-top-10": 0.4231919050216675,
    "map-top-20": 0.4009183645248413,
    "map": 0.3240967392921448,
    "mrr-top-1": 0.3539094626903534,
    "mrr-top-3": 0.4238682985305786,
    "mrr-top-5": 0.44197529554367065,
    "mrr-top-10": 0.4577389061450958,
    "mrr-top-20": 0.46441593766212463,
    "mrr": 0.4687080979347229,
    "retrieval-precision-top-1": 0.3539094626903534,
    "retrieval-precision-top-3": 0.22016462683677673,
    "retrieval-precision-top-5": 0.16707821190357208,
    "retrieval-precision-top-10": 0.11440329998731613,
    "retrieval-precision-top-20": 0.07500000298023224,
    "retrieval-precision": 0.008227746933698654,
    "retrieval-recall-top-1": 0.1703708916902542,
    "retrieval-recall-top-3": 0.2906947433948517,
    "retrieval-recall-top-5": 0.34878620505332947,
    "retrieval-recall-top-10": 0.44992294907569885,
    "retrieval-recall-top-20": 0.5598707795143127,
    "retrieval-recall": 1.0,
    "r-precision": 0.27307021617889404
  }
}