{
  "train": null,
  "validation": null,
  "test": {
    "hit-rate-top-1": 0.395061731338501,
    "hit-rate-top-3": 0.5411522388458252,
    "hit-rate-top-5": 0.6275720000267029,
    "hit-rate-top-10": 0.7222222089767456,
    "hit-rate-top-20": 0.8271604776382446,
    "hit-rate": 1.0,
    "map-top-1": 0.395061731338501,
    "map-top-3": 0.45421814918518066,
    "map-top-5": 0.4648805558681488,
    "map-top-10": 0.45492780208587646,
    "map-top-20": 0.4285421073436737,
    "map": 0.34507378935813904,
    "mrr-top-1": 0.395061731338501,
    "mrr-top-3": 0.4581618905067444,
    "mrr-top-5": 0.4779149293899536,
    "mrr-top-10": 0.4907015562057495,
    "mrr-top-20": 0.4979371726512909,
    "mrr": 0.5016245245933533,
    "retrieval-precision-top-1": 0.395061731338501,
    "retrieval-precision-top-3": 0.23045265674591064,
    "retrieval-precision-top-5": 0.17407408356666565,
    "retrieval-precision-top-10": 0.11625514179468155,
    "retrieval-precision-top-20": 0.07746913284063339,
    "retrieval-precision": 0.008227746933698654,
    "retrieval-recall-top-1": 0.19126509130001068,
    "retrieval-recall-top-3": 0.3102870285511017,
    "retrieval-recall-top-5": 0.36856308579444885,
    "retrieval-recall-top-10": 0.4596502184867859,
    "retrieval-recall-top-20": 0.5841054320335388,
    "retrieval-recall": 1.0,
    "r-precision": 0.28567439317703247
  }
}