{
  "train": null,
  "validation": null,
  "test": {
    "hit-rate-top-1": 0.08123249560594559,
    "hit-rate-top-3": 0.16246499121189117,
    "hit-rate-top-5": 0.2212885171175003,
    "hit-rate-top-10": 0.3137255012989044,
    "hit-rate-top-20": 0.4047619104385376,
    "hit-rate": 1.0,
    "map-top-1": 0.08123249560594559,
    "map-top-3": 0.11566293239593506,
    "map-top-5": 0.1276026964187622,
    "map-top-10": 0.13655070960521698,
    "map-top-20": 0.1379905343055725,
    "map": 0.11596091091632843,
    "mrr-top-1": 0.08123249560594559,
    "mrr-top-3": 0.11577965319156647,
    "mrr-top-5": 0.12887488305568695,
    "mrr-top-10": 0.14137044548988342,
    "mrr-top-20": 0.14772455394268036,
    "mrr": 0.15537112951278687,
    "retrieval-precision-top-1": 0.08123249560594559,
    "retrieval-precision-top-3": 0.06442577391862869,
    "retrieval-precision-top-5": 0.05826331302523613,
    "retrieval-precision-top-10": 0.047198884189128876,
    "retrieval-precision-top-20": 0.035784315317869186,
    "retrieval-precision": 0.0007367201033048332,
    "retrieval-recall-top-1": 0.046395428478717804,
    "retrieval-recall-top-3": 0.0933816060423851,
    "retrieval-recall-top-5": 0.13537931442260742,
    "retrieval-recall-top-10": 0.20190438628196716,
    "retrieval-recall-top-20": 0.274716854095459,
    "retrieval-recall": 1.0,
    "r-precision": 0.07761149853467941
  }
}