{
  "train": null,
  "validation": null,
  "test": {
    "hit-rate-top-1": 0.36213991045951843,
    "hit-rate-top-3": 0.5802469253540039,
    "hit-rate-top-5": 0.6831275820732117,
    "hit-rate-top-10": 0.8086419701576233,
    "hit-rate-top-20": 0.8827160596847534,
    "hit-rate": 1.0,
    "map-top-1": 0.36213991045951843,
    "map-top-3": 0.4550755023956299,
    "map-top-5": 0.46680957078933716,
    "map-top-10": 0.4498754143714905,
    "map-top-20": 0.42517566680908203,
    "map": 0.3819830119609833,
    "mrr-top-1": 0.36213991045951843,
    "mrr-top-3": 0.46056243777275085,
    "mrr-top-5": 0.4836077094078064,
    "mrr-top-10": 0.4998530149459839,
    "mrr-top-20": 0.5049635767936707,
    "mrr": 0.5077608227729797,
    "retrieval-precision-top-1": 0.36213991045951843,
    "retrieval-precision-top-3": 0.25857338309288025,
    "retrieval-precision-top-5": 0.2061728686094284,
    "retrieval-precision-top-10": 0.15061728656291962,
    "retrieval-precision-top-20": 0.09619341790676117,
    "retrieval-precision": 0.008227746933698654,
    "retrieval-recall-top-1": 0.1708419919013977,
    "retrieval-recall-top-3": 0.334301620721817,
    "retrieval-recall-top-5": 0.4323016405105591,
    "retrieval-recall-top-10": 0.5802195072174072,
    "retrieval-recall-top-20": 0.6993293762207031,
    "retrieval-recall": 1.0,
    "r-precision": 0.30226242542266846
  }
}