{
  "train": null,
  "validation": null,
  "test": {
    "hit-rate-top-1": 0.2708333432674408,
    "hit-rate-top-3": 0.46875,
    "hit-rate-top-5": 0.5648148059844971,
    "hit-rate-top-10": 0.7002314925193787,
    "hit-rate-top-20": 0.8171296119689941,
    "hit-rate": 1.0,
    "map-top-1": 0.2708333432674408,
    "map-top-3": 0.35445600748062134,
    "map-top-5": 0.37249067425727844,
    "map-top-10": 0.38080325722694397,
    "map-top-20": 0.37624070048332214,
    "map": 0.35336023569107056,
    "mrr-top-1": 0.2708333432674408,
    "mrr-top-3": 0.3555169999599457,
    "mrr-top-5": 0.3773919641971588,
    "mrr-top-10": 0.3958902657032013,
    "mrr-top-20": 0.4041915237903595,
    "mrr": 0.408720999956131,
    "retrieval-precision-top-1": 0.2708333432674408,
    "retrieval-precision-top-3": 0.2048611044883728,
    "retrieval-precision-top-5": 0.16388890147209167,
    "retrieval-precision-top-10": 0.11643519252538681,
    "retrieval-precision-top-20": 0.08038193732500076,
    "retrieval-precision": 0.0062158796936273575,
    "retrieval-recall-top-1": 0.16805562376976013,
    "retrieval-recall-top-3": 0.3365456759929657,
    "retrieval-recall-top-5": 0.4306792914867401,
    "retrieval-recall-top-10": 0.5715107917785645,
    "retrieval-recall-top-20": 0.7030173540115356,
    "retrieval-recall": 1.0,
    "r-precision": 0.24501903355121613
  }
}