{
  "train": null,
  "validation": null,
  "test": {
    "hit-rate-top-1": 0.37649402022361755,
    "hit-rate-top-3": 0.5906374454498291,
    "hit-rate-top-5": 0.6822709441184998,
    "hit-rate-top-10": 0.7739043831825256,
    "hit-rate-top-20": 0.8605577945709229,
    "hit-rate": 1.0,
    "map-top-1": 0.37649402022361755,
    "map-top-3": 0.4664674401283264,
    "map-top-5": 0.47842660546302795,
    "map-top-10": 0.4747709333896637,
    "map-top-20": 0.46133917570114136,
    "map": 0.41322118043899536,
    "mrr-top-1": 0.37649402022361755,
    "mrr-top-3": 0.47144758701324463,
    "mrr-top-5": 0.49246346950531006,
    "mrr-top-10": 0.5049626231193542,
    "mrr-top-20": 0.5114192962646484,
    "mrr": 0.5146459937095642,
    "retrieval-precision-top-1": 0.37649402022361755,
    "retrieval-precision-top-3": 0.24634793400764465,
    "retrieval-precision-top-5": 0.19103588163852692,
    "retrieval-precision-top-10": 0.12719124555587769,
    "retrieval-precision-top-20": 0.08167331665754318,
    "retrieval-precision": 0.01422689575701952,
    "retrieval-recall-top-1": 0.2278200387954712,
    "retrieval-recall-top-3": 0.39807525277137756,
    "retrieval-recall-top-5": 0.49122461676597595,
    "retrieval-recall-top-10": 0.6042916178703308,
    "retrieval-recall-top-20": 0.7104836106300354,
    "retrieval-recall": 1.0,
    "r-precision": 0.3221510350704193
  },
  "details": null
}