{
  "train": null,
  "validation": null,
  "test": {
    "hit-rate-top-1": 0.30658435821533203,
    "hit-rate-top-3": 0.5123456716537476,
    "hit-rate-top-5": 0.604938268661499,
    "hit-rate-top-10": 0.7263374328613281,
    "hit-rate-top-20": 0.8333333134651184,
    "hit-rate": 1.0,
    "map-top-1": 0.30658435821533203,
    "map-top-3": 0.3966049253940582,
    "map-top-5": 0.40383225679397583,
    "map-top-10": 0.3984687924385071,
    "map-top-20": 0.3772636651992798,
    "map": 0.32038414478302,
    "mrr-top-1": 0.30658435821533203,
    "mrr-top-3": 0.39849111437797546,
    "mrr-top-5": 0.41968443989753723,
    "mrr-top-10": 0.43604087829589844,
    "mrr-top-20": 0.44357722997665405,
    "mrr": 0.44745486974716187,
    "retrieval-precision-top-1": 0.30658435821533203,
    "retrieval-precision-top-3": 0.2222222238779068,
    "retrieval-precision-top-5": 0.1761316955089569,
    "retrieval-precision-top-10": 0.12263375520706177,
    "retrieval-precision-top-20": 0.08281893283128738,
    "retrieval-precision": 0.008227746933698654,
    "retrieval-recall-top-1": 0.1383691132068634,
    "retrieval-recall-top-3": 0.28970420360565186,
    "retrieval-recall-top-5": 0.37538281083106995,
    "retrieval-recall-top-10": 0.49103298783302307,
    "retrieval-recall-top-20": 0.6258771419525146,
    "retrieval-recall": 1.0,
    "r-precision": 0.2461346536874771
  }
}