{
  "train": null,
  "validation": null,
  "test": {
    "hit-rate-top-1": 0.3708677589893341,
    "hit-rate-top-3": 0.5268595218658447,
    "hit-rate-top-5": 0.6074380278587341,
    "hit-rate-top-10": 0.692148745059967,
    "hit-rate-top-20": 0.7685950398445129,
    "hit-rate": 1.0,
    "map-top-1": 0.3708677589893341,
    "map-top-3": 0.4351755976676941,
    "map-top-5": 0.4455406367778778,
    "map-top-10": 0.4381164610385895,
    "map-top-20": 0.42509621381759644,
    "map": 0.3543339669704437,
    "mrr-top-1": 0.3708677589893341,
    "mrr-top-3": 0.4405991733074188,
    "mrr-top-5": 0.4590908885002136,
    "mrr-top-10": 0.4705270826816559,
    "mrr-top-20": 0.4758761525154114,
    "mrr": 0.4801661968231201,
    "retrieval-precision-top-1": 0.3708677589893341,
    "retrieval-precision-top-3": 0.23415976762771606,
    "retrieval-precision-top-5": 0.18429753184318542,
    "retrieval-precision-top-10": 0.128925621509552,
    "retrieval-precision-top-20": 0.087448351085186,
    "retrieval-precision": 0.015301467850804329,
    "retrieval-recall-top-1": 0.1951560527086258,
    "retrieval-recall-top-3": 0.31573498249053955,
    "retrieval-recall-top-5": 0.3804619610309601,
    "retrieval-recall-top-10": 0.47159141302108765,
    "retrieval-recall-top-20": 0.5537431240081787,
    "retrieval-recall": 1.0,
    "r-precision": 0.29755836725234985
  },
  "details": null
}