{
  "maven-sub-tokens-bm25": {
    "retrieval-precision-top-1": {
      "p-value": 0.010539196205047858,
      "statistic": 0.09077926902451273
    },
    "retrieval-precision-top-5": {
      "p-value": 0.00026277803217006904,
      "statistic": 0.12925648935905046
    },
    "retrieval-precision-top-10": {
      "p-value": 0.0005555626627174727,
      "statistic": 0.12233159391506408
    },
    "hit-rate-top-5": {
      "p-value": 0.00024432166342749673,
      "statistic": 0.12991199915066376
    },
    "hit-rate-top-10": {
      "p-value": 0.00022041778949050556,
      "statistic": 0.13083361082321968
    },
    "retrieval-recall-top-1": {
      "p-value": 0.00912661058867714,
      "statistic": 0.09253429226541232
    },
    "retrieval-recall-top-5": {
      "p-value": 0.0002600338315016296,
      "statistic": 0.1293511730335776
    },
    "retrieval-recall-top-10": {
      "p-value": 0.00011102823259859046,
      "statistic": 0.1368247654940216
    },
    "r-precision": {
      "p-value": 0.005384974520005828,
      "statistic": 0.09874331129262277
    },
    "mrr": {
      "p-value": 5.5029176761531025e-08,
      "statistic": 0.19148922944650093
    }
  },
  "maven-sub-tokens-lsa-1000": {
    "retrieval-precision-top-1": {
      "p-value": 1.1334554800049462e-05,
      "statistic": 0.15519317414118206
    },
    "retrieval-precision-top-5": {
      "p-value": 5.1401287055635585e-06,
      "statistic": 0.16108997413169082
    },
    "retrieval-precision-top-10": {
      "p-value": 9.255443117914725e-05,
      "statistic": 0.1383741218768463
    },
    "hit-rate-top-5": {
      "p-value": 4.927456470593237e-06,
      "statistic": 0.16139918197184164
    },
    "hit-rate-top-10": {
      "p-value": 0.00011164256588379708,
      "statistic": 0.13677753265674847
    },
    "retrieval-recall-top-1": {
      "p-value": 5.202621116229676e-06,
      "statistic": 0.1610014383719532
    },
    "retrieval-recall-top-5": {
      "p-value": 6.308000216121136e-07,
      "statistic": 0.17579757278420163
    },
    "retrieval-recall-top-10": {
      "p-value": 1.4974505262518421e-06,
      "statistic": 0.1698885016876267
    },
    "r-precision": {
      "p-value": 0.0009173792926154818,
      "statistic": 0.11748628962234961
    },
    "mrr": {
      "p-value": 3.087638377332569e-06,
      "statistic": 0.16478179769409632
    }
  },
  "maven-sub-tokens-lsa-500": {
    "retrieval-precision-top-1": {
      "p-value": 4.154805557197713e-06,
      "statistic": 0.16264143452356183
    },
    "retrieval-precision-top-5": {
      "p-value": 5.3732336525260396e-05,
      "statistic": 0.1429095760810597
    },
    "retrieval-precision-top-10": {
      "p-value": 4.636313933427753e-05,
      "statistic": 0.14411667501624867
    },
    "hit-rate-top-5": {
      "p-value": 3.5337664920839645e-05,
      "statistic": 0.14631417295828272
    },
    "hit-rate-top-10": {
      "p-value": 4.2494682225008965e-05,
      "statistic": 0.14482516456928202
    },
    "retrieval-recall-top-1": {
      "p-value": 2.408840588601438e-06,
      "statistic": 0.16655109249497396
    },
    "retrieval-recall-top-5": {
      "p-value": 5.218201158765379e-06,
      "statistic": 0.16097952374287805
    },
    "retrieval-recall-top-10": {
      "p-value": 8.539703556683694e-07,
      "statistic": 0.17374986487371355
    },
    "r-precision": {
      "p-value": 0.0008001906350407748,
      "statistic": 0.1188242867540716
    },
    "mrr": {
      "p-value": 3.7697315798576196e-06,
      "statistic": 0.16334571366053957
    }
  },
  "maven-sub-tokens-rvsm": {
    "retrieval-precision-top-1": {
      "p-value": 1.8203528063903326e-06,
      "statistic": 0.1685255087157184
    },
    "retrieval-precision-top-5": {
      "p-value": 1.4471666260475524e-08,
      "statistic": 0.19955346747647856
    },
    "retrieval-precision-top-10": {
      "p-value": 6.538018404279093e-10,
      "statistic": 0.21706932551923977
    },
    "hit-rate-top-5": {
      "p-value": 1.9745873380789703e-09,
      "statistic": 0.2109918978487775
    },
    "hit-rate-top-10": {
      "p-value": 4.6574976272441924e-12,
      "statistic": 0.24229538291994582
    },
    "retrieval-recall-top-1": {
      "p-value": 1.6672464288539928e-06,
      "statistic": 0.1691401045244138
    },
    "retrieval-recall-top-5": {
      "p-value": 3.4461870916370195e-09,
      "statistic": 0.2078594464382967
    },
    "retrieval-recall-top-10": {
      "p-value": 2.8302576434985813e-12,
      "statistic": 0.24468227544338336
    },
    "r-precision": {
      "p-value": 8.485633532886205e-05,
      "statistic": 0.13910771605150257
    },
    "mrr": {
      "p-value": 6.311402100065562e-16,
      "statistic": 0.2816545011421791
    }
  },
  "maven-sub-tokens-tfidf": {
    "retrieval-precision-top-1": {
      "p-value": 8.361330959981114e-06,
      "statistic": 0.15748717968405745
    },
    "retrieval-precision-top-5": {
      "p-value": 2.0075184347877133e-05,
      "statistic": 0.15079219134229943
    },
    "retrieval-precision-top-10": {
      "p-value": 9.985691905002678e-05,
      "statistic": 0.1377295750360913
    },
    "hit-rate-top-5": {
      "p-value": 8.458169709451783e-06,
      "statistic": 0.15740094197938553
    },
    "hit-rate-top-10": {
      "p-value": 6.960013643654732e-05,
      "statistic": 0.1407685864008936
    },
    "retrieval-recall-top-1": {
      "p-value": 1.9132428773667498e-06,
      "statistic": 0.16817637052055523
    },
    "retrieval-recall-top-5": {
      "p-value": 1.1618526702888817e-06,
      "statistic": 0.17164375336906923
    },
    "retrieval-recall-top-10": {
      "p-value": 1.1437213080621537e-06,
      "statistic": 0.17175196944747137
    },
    "r-precision": {
      "p-value": 0.000725785121151689,
      "statistic": 0.11977150918345592
    },
    "mrr": {
      "p-value": 1.1502073880078375e-06,
      "statistic": 0.17171306956243845
    }
  }
}