{
  "train": null,
  "validation": null,
  "test": {
    "hit-rate-top-1": 0.29398149251937866,
    "hit-rate-top-3": 0.47453704476356506,
    "hit-rate-top-5": 0.5451388955116272,
    "hit-rate-top-10": 0.6539351940155029,
    "hit-rate-top-20": 0.7800925970077515,
    "hit-rate": 1.0,
    "map-top-1": 0.29398149251937866,
    "map-top-3": 0.37008100748062134,
    "map-top-5": 0.37889978289604187,
    "map-top-10": 0.38283228874206543,
    "map-top-20": 0.37490978837013245,
    "map": 0.3457624614238739,
    "mrr-top-1": 0.29398149251937866,
    "mrr-top-3": 0.3732638657093048,
    "mrr-top-5": 0.38929399847984314,
    "mrr-top-10": 0.40347084403038025,
    "mrr-top-20": 0.41211187839508057,
    "mrr": 0.4173266887664795,
    "retrieval-precision-top-1": 0.29398149251937866,
    "retrieval-precision-top-3": 0.2044752985239029,
    "retrieval-precision-top-5": 0.15763890743255615,
    "retrieval-precision-top-10": 0.10821758955717087,
    "retrieval-precision-top-20": 0.07447916269302368,
    "retrieval-precision": 0.0062158796936273575,
    "retrieval-recall-top-1": 0.17656414210796356,
    "retrieval-recall-top-3": 0.33732494711875916,
    "retrieval-recall-top-5": 0.41421693563461304,
    "retrieval-recall-top-10": 0.5213747620582581,
    "retrieval-recall-top-20": 0.6633038520812988,
    "retrieval-recall": 1.0,
    "r-precision": 0.24878501892089844
  }
}