{
  "train": null,
  "validation": null,
  "test": {
    "hit-rate-top-1": 0.3125475347042084,
    "hit-rate-top-3": 0.5269961953163147,
    "hit-rate-top-5": 0.6098859310150146,
    "hit-rate-top-10": 0.7110266089439392,
    "hit-rate-top-20": 0.812927782535553,
    "hit-rate": 1.0,
    "map-top-1": 0.3125475347042084,
    "map-top-3": 0.4043726623058319,
    "map-top-5": 0.41780102252960205,
    "map-top-10": 0.4246787130832672,
    "map-top-20": 0.42335447669029236,
    "map": 0.39639827609062195,
    "mrr-top-1": 0.3125475347042084,
    "mrr-top-3": 0.4068441092967987,
    "mrr-top-5": 0.42536118626594543,
    "mrr-top-10": 0.4390548765659332,
    "mrr-top-20": 0.4461073577404022,
    "mrr": 0.4501586854457855,
    "retrieval-precision-top-1": 0.3125475347042084,
    "retrieval-precision-top-3": 0.20937897264957428,
    "retrieval-precision-top-5": 0.16106463968753815,
    "retrieval-precision-top-10": 0.10699620842933655,
    "retrieval-precision-top-20": 0.06813688576221466,
    "retrieval-precision": 0.005649717990309,
    "retrieval-recall-top-1": 0.23077651858329773,
    "retrieval-recall-top-3": 0.4118642508983612,
    "retrieval-recall-top-5": 0.49213406443595886,
    "retrieval-recall-top-10": 0.601820170879364,
    "retrieval-recall-top-20": 0.7064396739006042,
    "retrieval-recall": 1.0,
    "r-precision": 0.2931098937988281
  }
}