{
  "train": null,
  "validation": null,
  "test": {
    "hit-rate-top-1": 0.2747252881526947,
    "hit-rate-top-3": 0.41025641560554504,
    "hit-rate-top-5": 0.4652014672756195,
    "hit-rate-top-10": 0.5604395866394043,
    "hit-rate-top-20": 0.6813187003135681,
    "hit-rate": 1.0,
    "map-top-1": 0.2747252881526947,
    "map-top-3": 0.3323158323764801,
    "map-top-5": 0.3393823802471161,
    "map-top-10": 0.34370699524879456,
    "map-top-20": 0.3381989598274231,
    "map": 0.29642918705940247,
    "mrr-top-1": 0.2747252881526947,
    "mrr-top-3": 0.3351648449897766,
    "mrr-top-5": 0.34780219197273254,
    "mrr-top-10": 0.3602128028869629,
    "mrr-top-20": 0.36867406964302063,
    "mrr": 0.3741852045059204,
    "retrieval-precision-top-1": 0.2747252881526947,
    "retrieval-precision-top-3": 0.16442817449569702,
    "retrieval-precision-top-5": 0.12356531620025635,
    "retrieval-precision-top-10": 0.08180708438158035,
    "retrieval-precision-top-20": 0.05726495757699013,
    "retrieval-precision": 0.005885621532797813,
    "retrieval-recall-top-1": 0.17644628882408142,
    "retrieval-recall-top-3": 0.28539401292800903,
    "retrieval-recall-top-5": 0.33537936210632324,
    "retrieval-recall-top-10": 0.40959030389785767,
    "retrieval-recall-top-20": 0.516060471534729,
    "retrieval-recall": 1.0,
    "r-precision": 0.22968460619449615
  }
}