{
  "train": null,
  "validation": null,
  "test": {
    "hit-rate-top-1": 0.3399239480495453,
    "hit-rate-top-3": 0.49277567863464355,
    "hit-rate-top-5": 0.5627376437187195,
    "hit-rate-top-10": 0.6524714827537537,
    "hit-rate-top-20": 0.7406843900680542,
    "hit-rate": 1.0,
    "map-top-1": 0.3399239480495453,
    "map-top-3": 0.4059569239616394,
    "map-top-5": 0.4196989834308624,
    "map-top-10": 0.4232863187789917,
    "map-top-20": 0.42221787571907043,
    "map": 0.3972121477127075,
    "mrr-top-1": 0.3399239480495453,
    "mrr-top-3": 0.4082382619380951,
    "mrr-top-5": 0.4241318702697754,
    "mrr-top-10": 0.4362393915653229,
    "mrr-top-20": 0.4423850476741791,
    "mrr": 0.4471179246902466,
    "retrieval-precision-top-1": 0.3399239480495453,
    "retrieval-precision-top-3": 0.20506972074508667,
    "retrieval-precision-top-5": 0.1537642627954483,
    "retrieval-precision-top-10": 0.10448669642210007,
    "retrieval-precision-top-20": 0.069087453186512,
    "retrieval-precision": 0.005649717990309,
    "retrieval-recall-top-1": 0.25019416213035583,
    "retrieval-recall-top-3": 0.3909544050693512,
    "retrieval-recall-top-5": 0.451455295085907,
    "retrieval-recall-top-10": 0.5417595505714417,
    "retrieval-recall-top-20": 0.6417015194892883,
    "retrieval-recall": 1.0,
    "r-precision": 0.31756824254989624
  }
}