{
  "train": null,
  "validation": null,
  "test": {
    "hit-rate-top-1": 0.3406844139099121,
    "hit-rate-top-3": 0.5482890009880066,
    "hit-rate-top-5": 0.6441064476966858,
    "hit-rate-top-10": 0.7513307929039001,
    "hit-rate-top-20": 0.8342205286026001,
    "hit-rate": 1.0,
    "map-top-1": 0.3406844139099121,
    "map-top-3": 0.42946773767471313,
    "map-top-5": 0.4478326737880707,
    "map-top-10": 0.4537062644958496,
    "map-top-20": 0.450357586145401,
    "map": 0.41827309131622314,
    "mrr-top-1": 0.3406844139099121,
    "mrr-top-3": 0.43193915486335754,
    "mrr-top-5": 0.45391637086868286,
    "mrr-top-10": 0.4682442545890808,
    "mrr-top-20": 0.4740947186946869,
    "mrr": 0.47775140404701233,
    "retrieval-precision-top-1": 0.3406844139099121,
    "retrieval-precision-top-3": 0.21875791251659393,
    "retrieval-precision-top-5": 0.16562741994857788,
    "retrieval-precision-top-10": 0.10904943943023682,
    "retrieval-precision-top-20": 0.06863118708133698,
    "retrieval-precision": 0.005649717990309,
    "retrieval-recall-top-1": 0.25171950459480286,
    "retrieval-recall-top-3": 0.4324885308742523,
    "retrieval-recall-top-5": 0.5251485109329224,
    "retrieval-recall-top-10": 0.6363092064857483,
    "retrieval-recall-top-20": 0.72474604845047,
    "retrieval-recall": 1.0,
    "r-precision": 0.31888818740844727
  }
}