{
  "train": null,
  "validation": null,
  "test": {
    "hit-rate-top-1": 0.39840638637542725,
    "hit-rate-top-3": 0.5886453986167908,
    "hit-rate-top-5": 0.6683266758918762,
    "hit-rate-top-10": 0.7649402618408203,
    "hit-rate-top-20": 0.8416334390640259,
    "hit-rate": 1.0,
    "map-top-1": 0.39840638637542725,
    "map-top-3": 0.47468459606170654,
    "map-top-5": 0.4823801815509796,
    "map-top-10": 0.4808383584022522,
    "map-top-20": 0.46978479623794556,
    "map": 0.43839922547340393,
    "mrr-top-1": 0.39840638637542725,
    "mrr-top-3": 0.4799136519432068,
    "mrr-top-5": 0.4983897805213928,
    "mrr-top-10": 0.5113210082054138,
    "mrr-top-20": 0.5168235301971436,
    "mrr": 0.5201046466827393,
    "retrieval-precision-top-1": 0.39840638637542725,
    "retrieval-precision-top-3": 0.26394417881965637,
    "retrieval-precision-top-5": 0.2013944387435913,
    "retrieval-precision-top-10": 0.13366535305976868,
    "retrieval-precision-top-20": 0.08605578541755676,
    "retrieval-precision": 0.01422689575701952,
    "retrieval-recall-top-1": 0.23823465406894684,
    "retrieval-recall-top-3": 0.42165809869766235,
    "retrieval-recall-top-5": 0.5054956078529358,
    "retrieval-recall-top-10": 0.6177642941474915,
    "retrieval-recall-top-20": 0.7211892604827881,
    "retrieval-recall": 1.0,
    "r-precision": 0.3449713885784149
  }
}