{
  "train": null,
  "validation": null,
  "test": {
    "hit-rate-top-1": 0.28693529963493347,
    "hit-rate-top-3": 0.41636142134666443,
    "hit-rate-top-5": 0.4713064730167389,
    "hit-rate-top-10": 0.5689865946769714,
    "hit-rate-top-20": 0.6800976991653442,
    "hit-rate": 1.0,
    "map-top-1": 0.28693529963493347,
    "map-top-3": 0.34147337079048157,
    "map-top-5": 0.34860435128211975,
    "map-top-10": 0.3517136573791504,
    "map-top-20": 0.34884700179100037,
    "map": 0.30817604064941406,
    "mrr-top-1": 0.28693529963493347,
    "mrr-top-3": 0.3441188335418701,
    "mrr-top-5": 0.3567562401294708,
    "mrr-top-10": 0.3698349595069885,
    "mrr-top-20": 0.3777369558811188,
    "mrr": 0.38374796509742737,
    "retrieval-precision-top-1": 0.28693529963493347,
    "retrieval-precision-top-3": 0.1697191745042801,
    "retrieval-precision-top-5": 0.1279609352350235,
    "retrieval-precision-top-10": 0.0862026959657669,
    "retrieval-precision-top-20": 0.05787545442581177,
    "retrieval-precision": 0.005885621532797813,
    "retrieval-recall-top-1": 0.18704432249069214,
    "retrieval-recall-top-3": 0.29326096177101135,
    "retrieval-recall-top-5": 0.3440326750278473,
    "retrieval-recall-top-10": 0.4246022403240204,
    "retrieval-recall-top-20": 0.52591872215271,
    "retrieval-recall": 1.0,
    "r-precision": 0.2470523864030838
  }
}