{
  "train": null,
  "validation": null,
  "test": {
    "hit-rate-top-1": 0.13725490868091583,
    "hit-rate-top-3": 0.2450980395078659,
    "hit-rate-top-5": 0.32492998242378235,
    "hit-rate-top-10": 0.42296919226646423,
    "hit-rate-top-20": 0.5070028305053711,
    "hit-rate": 1.0,
    "map-top-1": 0.13725490868091583,
    "map-top-3": 0.18312324583530426,
    "map-top-5": 0.19931723177433014,
    "map-top-10": 0.2084493786096573,
    "map-top-20": 0.2058335691690445,
    "map": 0.16585034132003784,
    "mrr-top-1": 0.13725490868091583,
    "mrr-top-3": 0.1844070851802826,
    "mrr-top-5": 0.20296452939510345,
    "mrr-top-10": 0.2162281572818756,
    "mrr-top-20": 0.22214286029338837,
    "mrr": 0.22862741351127625,
    "retrieval-precision-top-1": 0.13725490868091583,
    "retrieval-precision-top-3": 0.0961717963218689,
    "retrieval-precision-top-5": 0.08319327980279922,
    "retrieval-precision-top-10": 0.06232493370771408,
    "retrieval-precision-top-20": 0.04355742782354355,
    "retrieval-precision": 0.0007367201033048332,
    "retrieval-recall-top-1": 0.07779911905527115,
    "retrieval-recall-top-3": 0.15093734860420227,
    "retrieval-recall-top-5": 0.20738644897937775,
    "retrieval-recall-top-10": 0.2822367250919342,
    "retrieval-recall-top-20": 0.34860503673553467,
    "retrieval-recall": 1.0,
    "r-precision": 0.11790191382169724
  }
}