{
  "train": null,
  "validation": null,
  "test": {
    "hit-rate-top-1": 0.34567901492118835,
    "hit-rate-top-3": 0.5658436417579651,
    "hit-rate-top-5": 0.6707819104194641,
    "hit-rate-top-10": 0.8086419701576233,
    "hit-rate-top-20": 0.8827160596847534,
    "hit-rate": 1.0,
    "map-top-1": 0.34567901492118835,
    "map-top-3": 0.44015777111053467,
    "map-top-5": 0.44803673028945923,
    "map-top-10": 0.43819716572761536,
    "map-top-20": 0.4172675311565399,
    "map": 0.37448081374168396,
    "mrr-top-1": 0.34567901492118835,
    "mrr-top-3": 0.4437585771083832,
    "mrr-top-5": 0.4671124815940857,
    "mrr-top-10": 0.4854440689086914,
    "mrr-top-20": 0.4906797707080841,
    "mrr": 0.49327296018600464,
    "retrieval-precision-top-1": 0.34567901492118835,
    "retrieval-precision-top-3": 0.24897119402885437,
    "retrieval-precision-top-5": 0.20411525666713715,
    "retrieval-precision-top-10": 0.14629629254341125,
    "retrieval-precision-top-20": 0.09351851791143417,
    "retrieval-precision": 0.008227746933698654,
    "retrieval-recall-top-1": 0.15960098803043365,
    "retrieval-recall-top-3": 0.3318805694580078,
    "retrieval-recall-top-5": 0.43932053446769714,
    "retrieval-recall-top-10": 0.5844073295593262,
    "retrieval-recall-top-20": 0.7012782692909241,
    "retrieval-recall": 1.0,
    "r-precision": 0.2783814072608948
  }
}