{
  "train": null,
  "validation": null,
  "test": {
    "hit-rate-top-1": 0.2857142984867096,
    "hit-rate-top-3": 0.4224664270877838,
    "hit-rate-top-5": 0.4908424913883209,
    "hit-rate-top-10": 0.5873016119003296,
    "hit-rate-top-20": 0.6947497129440308,
    "hit-rate": 1.0,
    "map-top-1": 0.2857142984867096,
    "map-top-3": 0.3443223536014557,
    "map-top-5": 0.3550875186920166,
    "map-top-10": 0.35993504524230957,
    "map-top-20": 0.35287773609161377,
    "map": 0.30947813391685486,
    "mrr-top-1": 0.2857142984867096,
    "mrr-top-3": 0.34656083583831787,
    "mrr-top-5": 0.36237284541130066,
    "mrr-top-10": 0.374883234500885,
    "mrr-top-20": 0.3824797570705414,
    "mrr": 0.38786935806274414,
    "retrieval-precision-top-1": 0.2857142984867096,
    "retrieval-precision-top-3": 0.16931217908859253,
    "retrieval-precision-top-5": 0.12967035174369812,
    "retrieval-precision-top-10": 0.0862026959657669,
    "retrieval-precision-top-20": 0.05811966210603714,
    "retrieval-precision": 0.005885621532797813,
    "retrieval-recall-top-1": 0.18784230947494507,
    "retrieval-recall-top-3": 0.2957398593425751,
    "retrieval-recall-top-5": 0.35577690601348877,
    "retrieval-recall-top-10": 0.43587708473205566,
    "retrieval-recall-top-20": 0.5294618606567383,
    "retrieval-recall": 1.0,
    "r-precision": 0.24251289665699005
  }
}