{
  "train": null,
  "validation": null,
  "test": {
    "hit-rate-top-1": 0.3277566432952881,
    "hit-rate-top-3": 0.48288974165916443,
    "hit-rate-top-5": 0.5536121726036072,
    "hit-rate-top-10": 0.6471483111381531,
    "hit-rate-top-20": 0.7262357473373413,
    "hit-rate": 1.0,
    "map-top-1": 0.3277566432952881,
    "map-top-3": 0.39550065994262695,
    "map-top-5": 0.4089322090148926,
    "map-top-10": 0.41313016414642334,
    "map-top-20": 0.4112287163734436,
    "map": 0.38524478673934937,
    "mrr-top-1": 0.3277566432952881,
    "mrr-top-3": 0.3975919187068939,
    "mrr-top-5": 0.41378962993621826,
    "mrr-top-10": 0.4262079894542694,
    "mrr-top-20": 0.4318365752696991,
    "mrr": 0.4367944896221161,
    "retrieval-precision-top-1": 0.3277566432952881,
    "retrieval-precision-top-3": 0.19746513664722443,
    "retrieval-precision-top-5": 0.14859315752983093,
    "retrieval-precision-top-10": 0.10220532864332199,
    "retrieval-precision-top-20": 0.06768060475587845,
    "retrieval-precision": 0.005649717990309,
    "retrieval-recall-top-1": 0.23933230340480804,
    "retrieval-recall-top-3": 0.3817139267921448,
    "retrieval-recall-top-5": 0.43979308009147644,
    "retrieval-recall-top-10": 0.5317294001579285,
    "retrieval-recall-top-20": 0.6255345344543457,
    "retrieval-recall": 1.0,
    "r-precision": 0.30212318897247314
  }
}