{
  "train": null,
  "validation": null,
  "test": {
    "hit-rate-top-1": 0.2661064565181732,
    "hit-rate-top-3": 0.4313725531101227,
    "hit-rate-top-5": 0.5140056014060974,
    "hit-rate-top-10": 0.6260504126548767,
    "hit-rate-top-20": 0.7058823704719543,
    "hit-rate": 1.0,
    "map-top-1": 0.2661064565181732,
    "map-top-3": 0.3363679051399231,
    "map-top-5": 0.35269802808761597,
    "map-top-10": 0.3617900311946869,
    "map-top-20": 0.35147133469581604,
    "map": 0.2778925597667694,
    "mrr-top-1": 0.2661064565181732,
    "mrr-top-3": 0.3384687304496765,
    "mrr-top-5": 0.3575863838195801,
    "mrr-top-10": 0.3722427785396576,
    "mrr-top-20": 0.3780723512172699,
    "mrr": 0.38286852836608887,
    "retrieval-precision-top-1": 0.2661064565181732,
    "retrieval-precision-top-3": 0.16433238983154297,
    "retrieval-precision-top-5": 0.1266106516122818,
    "retrieval-precision-top-10": 0.08739496022462845,
    "retrieval-precision-top-20": 0.05917367339134216,
    "retrieval-precision": 0.0007367201033048332,
    "retrieval-recall-top-1": 0.1704137921333313,
    "retrieval-recall-top-3": 0.2734372913837433,
    "retrieval-recall-top-5": 0.3261217474937439,
    "retrieval-recall-top-10": 0.4158635437488556,
    "retrieval-recall-top-20": 0.49955642223358154,
    "retrieval-recall": 1.0,
    "r-precision": 0.22338996827602386
  },
  "details": null
}