{
  "train": null,
  "validation": null,
  "test": {
    "hit-rate-top-1": 0.08403361588716507,
    "hit-rate-top-3": 0.18907563388347626,
    "hit-rate-top-5": 0.24649859964847565,
    "hit-rate-top-10": 0.35154062509536743,
    "hit-rate-top-20": 0.49159663915634155,
    "hit-rate": 1.0,
    "map-top-1": 0.08403361588716507,
    "map-top-3": 0.12850140035152435,
    "map-top-5": 0.1387040913105011,
    "map-top-10": 0.15056444704532623,
    "map-top-20": 0.15301434695720673,
    "map": 0.12311660498380661,
    "mrr-top-1": 0.08403361588716507,
    "mrr-top-3": 0.12815126776695251,
    "mrr-top-5": 0.14103642106056213,
    "mrr-top-10": 0.15530769526958466,
    "mrr-top-20": 0.16486182808876038,
    "mrr": 0.17352356016635895,
    "retrieval-precision-top-1": 0.08403361588716507,
    "retrieval-precision-top-3": 0.07236228138208389,
    "retrieval-precision-top-5": 0.0633053258061409,
    "retrieval-precision-top-10": 0.04929972067475319,
    "retrieval-precision-top-20": 0.039145659655332565,
    "retrieval-precision": 0.0007367201033048332,
    "retrieval-recall-top-1": 0.046076156198978424,
    "retrieval-recall-top-3": 0.10132040083408356,
    "retrieval-recall-top-5": 0.14619062840938568,
    "retrieval-recall-top-10": 0.2163505256175995,
    "retrieval-recall-top-20": 0.3292367160320282,
    "retrieval-recall": 1.0,
    "r-precision": 0.07836578786373138
  }
}