{
  "train": null,
  "validation": null,
  "test": {
    "hit-rate-top-1": 0.3247148394584656,
    "hit-rate-top-3": 0.5034220814704895,
    "hit-rate-top-5": 0.5939163565635681,
    "hit-rate-top-10": 0.7155893445014954,
    "hit-rate-top-20": 0.819011390209198,
    "hit-rate": 1.0,
    "map-top-1": 0.3247148394584656,
    "map-top-3": 0.4011406898498535,
    "map-top-5": 0.4185625910758972,
    "map-top-10": 0.42530056834220886,
    "map-top-20": 0.42555752396583557,
    "map": 0.3954216539859772,
    "mrr-top-1": 0.3247148394584656,
    "mrr-top-3": 0.4024081230163574,
    "mrr-top-5": 0.4232445955276489,
    "mrr-top-10": 0.4398846924304962,
    "mrr-top-20": 0.44706910848617554,
    "mrr": 0.451117604970932,
    "retrieval-precision-top-1": 0.3247148394584656,
    "retrieval-precision-top-3": 0.1906210333108902,
    "retrieval-precision-top-5": 0.1450950652360916,
    "retrieval-precision-top-10": 0.09680609405040741,
    "retrieval-precision-top-20": 0.06239543855190277,
    "retrieval-precision": 0.005649717990309,
    "retrieval-recall-top-1": 0.2481391727924347,
    "retrieval-recall-top-3": 0.4042981266975403,
    "retrieval-recall-top-5": 0.4852057695388794,
    "retrieval-recall-top-10": 0.5952692627906799,
    "retrieval-recall-top-20": 0.6962675452232361,
    "retrieval-recall": 1.0,
    "r-precision": 0.2980937957763672
  },
  "details": null
}