{
  "train": null,
  "validation": null,
  "test": {
    "hit-rate-top-1": 0.37051793932914734,
    "hit-rate-top-3": 0.5348605513572693,
    "hit-rate-top-5": 0.600597620010376,
    "hit-rate-top-10": 0.68824702501297,
    "hit-rate-top-20": 0.7669322490692139,
    "hit-rate": 1.0,
    "map-top-1": 0.37051793932914734,
    "map-top-3": 0.438662052154541,
    "map-top-5": 0.44437527656555176,
    "map-top-10": 0.43928301334381104,
    "map-top-20": 0.42535701394081116,
    "map": 0.3754086494445801,
    "mrr-top-1": 0.37051793932914734,
    "mrr-top-3": 0.44223111867904663,
    "mrr-top-5": 0.4573207199573517,
    "mrr-top-10": 0.46912193298339844,
    "mrr-top-20": 0.47462987899780273,
    "mrr": 0.47892865538597107,
    "retrieval-precision-top-1": 0.37051793932914734,
    "retrieval-precision-top-3": 0.21812748908996582,
    "retrieval-precision-top-5": 0.16354584693908691,
    "retrieval-precision-top-10": 0.1103585734963417,
    "retrieval-precision-top-20": 0.07246016710996628,
    "retrieval-precision": 0.01422689575701952,
    "retrieval-recall-top-1": 0.22751301527023315,
    "retrieval-recall-top-3": 0.3592871427536011,
    "retrieval-recall-top-5": 0.4186227023601532,
    "retrieval-recall-top-10": 0.5189012289047241,
    "retrieval-recall-top-20": 0.6160115599632263,
    "retrieval-recall": 1.0,
    "r-precision": 0.3042432367801666
  },
  "details": null
}