{
  "train": null,
  "validation": null,
  "test": {
    "hit-rate-top-1": 0.324701189994812,
    "hit-rate-top-3": 0.5069721341133118,
    "hit-rate-top-5": 0.6125497817993164,
    "hit-rate-top-10": 0.737051784992218,
    "hit-rate-top-20": 0.8107569813728333,
    "hit-rate": 1.0,
    "map-top-1": 0.324701189994812,
    "map-top-3": 0.3988214135169983,
    "map-top-5": 0.41755202412605286,
    "map-top-10": 0.4157008230686188,
    "map-top-20": 0.40319299697875977,
    "map": 0.3567233681678772,
    "mrr-top-1": 0.324701189994812,
    "mrr-top-3": 0.4023904502391815,
    "mrr-top-5": 0.42669323086738586,
    "mrr-top-10": 0.4430840313434601,
    "mrr-top-20": 0.4483966529369354,
    "mrr": 0.45202934741973877,
    "retrieval-precision-top-1": 0.324701189994812,
    "retrieval-precision-top-3": 0.2134793996810913,
    "retrieval-precision-top-5": 0.1657370626926422,
    "retrieval-precision-top-10": 0.11752989143133163,
    "retrieval-precision-top-20": 0.07694222778081894,
    "retrieval-precision": 0.01422689575701952,
    "retrieval-recall-top-1": 0.18879622220993042,
    "retrieval-recall-top-3": 0.3372736871242523,
    "retrieval-recall-top-5": 0.4244145154953003,
    "retrieval-recall-top-10": 0.5553035736083984,
    "retrieval-recall-top-20": 0.6611567139625549,
    "retrieval-recall": 1.0,
    "r-precision": 0.27075859904289246
  },
  "details": null
}