{
  "train": null,
  "validation": null,
  "test": {
    "hit-rate-top-1": 0.395061731338501,
    "hit-rate-top-3": 0.5411522388458252,
    "hit-rate-top-5": 0.6296296119689941,
    "hit-rate-top-10": 0.7222222089767456,
    "hit-rate-top-20": 0.8271604776382446,
    "hit-rate": 1.0,
    "map-top-1": 0.395061731338501,
    "map-top-3": 0.4545610547065735,
    "map-top-5": 0.4656350016593933,
    "map-top-10": 0.4554707705974579,
    "map-top-20": 0.4289136230945587,
    "map": 0.3454888164997101,
    "mrr-top-1": 0.395061731338501,
    "mrr-top-3": 0.4585047960281372,
    "mrr-top-5": 0.4786694049835205,
    "mrr-top-10": 0.49122169613838196,
    "mrr-top-20": 0.4984572231769562,
    "mrr": 0.5021243095397949,
    "retrieval-precision-top-1": 0.395061731338501,
    "retrieval-precision-top-3": 0.23045265674591064,
    "retrieval-precision-top-5": 0.17448562383651733,
    "retrieval-precision-top-10": 0.1164609044790268,
    "retrieval-precision-top-20": 0.07757201790809631,
    "retrieval-precision": 0.008227746933698654,
    "retrieval-recall-top-1": 0.19126509130001068,
    "retrieval-recall-top-3": 0.3102870285511017,
    "retrieval-recall-top-5": 0.3695918917655945,
    "retrieval-recall-top-10": 0.4606790244579315,
    "retrieval-recall-top-20": 0.5851342678070068,
    "retrieval-recall": 1.0,
    "r-precision": 0.2867031991481781
  }
}