{
  "train": null,
  "validation": null,
  "test": {
    "hit-rate-top-1": 0.13865546882152557,
    "hit-rate-top-3": 0.23949579894542694,
    "hit-rate-top-5": 0.29831933975219727,
    "hit-rate-top-10": 0.4117647111415863,
    "hit-rate-top-20": 0.5014005899429321,
    "hit-rate": 1.0,
    "map-top-1": 0.13865546882152557,
    "map-top-3": 0.18183942139148712,
    "map-top-5": 0.19176198542118073,
    "map-top-10": 0.1989743560552597,
    "map-top-20": 0.19779318571090698,
    "map": 0.1592658907175064,
    "mrr-top-1": 0.13865546882152557,
    "mrr-top-3": 0.18323998153209686,
    "mrr-top-5": 0.19640523195266724,
    "mrr-top-10": 0.21161577105522156,
    "mrr-top-20": 0.21791352331638336,
    "mrr": 0.22422093152999878,
    "retrieval-precision-top-1": 0.13865546882152557,
    "retrieval-precision-top-3": 0.09663865715265274,
    "retrieval-precision-top-5": 0.0795518234372139,
    "retrieval-precision-top-10": 0.06246498227119446,
    "retrieval-precision-top-20": 0.04355742782354355,
    "retrieval-precision": 0.0007367201033048332,
    "retrieval-recall-top-1": 0.07735032588243484,
    "retrieval-recall-top-3": 0.1417943686246872,
    "retrieval-recall-top-5": 0.18038931488990784,
    "retrieval-recall-top-10": 0.27427804470062256,
    "retrieval-recall-top-20": 0.35269561409950256,
    "retrieval-recall": 1.0,
    "r-precision": 0.11579618602991104
  }
}