{
  "train": null,
  "validation": null,
  "test": {
    "hit-rate-top-1": 0.36625513434410095,
    "hit-rate-top-3": 0.5432098507881165,
    "hit-rate-top-5": 0.6213991641998291,
    "hit-rate-top-10": 0.7139917612075806,
    "hit-rate-top-20": 0.8168724179267883,
    "hit-rate": 1.0,
    "map-top-1": 0.36625513434410095,
    "map-top-3": 0.43981480598449707,
    "map-top-5": 0.4368884265422821,
    "map-top-10": 0.4291028082370758,
    "map-top-20": 0.4186355173587799,
    "map": 0.3717890679836273,
    "mrr-top-1": 0.36625513434410095,
    "mrr-top-3": 0.444444477558136,
    "mrr-top-5": 0.46213993430137634,
    "mrr-top-10": 0.4744260013103485,
    "mrr-top-20": 0.48127883672714233,
    "mrr": 0.4864144027233124,
    "retrieval-precision-top-1": 0.36625513434410095,
    "retrieval-precision-top-3": 0.25857335329055786,
    "retrieval-precision-top-5": 0.20823048055171967,
    "retrieval-precision-top-10": 0.13909466564655304,
    "retrieval-precision-top-20": 0.08847737312316895,
    "retrieval-precision": 0.008227746933698654,
    "retrieval-recall-top-1": 0.1631631851196289,
    "retrieval-recall-top-3": 0.32284319400787354,
    "retrieval-recall-top-5": 0.4200034439563751,
    "retrieval-recall-top-10": 0.5272167921066284,
    "retrieval-recall-top-20": 0.647598147392273,
    "retrieval-recall": 1.0,
    "r-precision": 0.2991849184036255
  }
}