{
  "train": null,
  "validation": null,
  "test": {
    "hit-rate-top-1": 0.14845938980579376,
    "hit-rate-top-3": 0.25350141525268555,
    "hit-rate-top-5": 0.29831933975219727,
    "hit-rate-top-10": 0.38655462861061096,
    "hit-rate-top-20": 0.47478991746902466,
    "hit-rate": 1.0,
    "map-top-1": 0.14845938980579376,
    "map-top-3": 0.19082632660865784,
    "map-top-5": 0.1989709734916687,
    "map-top-10": 0.20533953607082367,
    "map-top-20": 0.20764726400375366,
    "map": 0.1707724630832672,
    "mrr-top-1": 0.14845938980579376,
    "mrr-top-3": 0.19187675416469574,
    "mrr-top-5": 0.20210084319114685,
    "mrr-top-10": 0.21365877985954285,
    "mrr-top-20": 0.2198788970708847,
    "mrr": 0.22634576261043549,
    "retrieval-precision-top-1": 0.14845938980579376,
    "retrieval-precision-top-3": 0.09663865715265274,
    "retrieval-precision-top-5": 0.07226890325546265,
    "retrieval-precision-top-10": 0.055042020976543427,
    "retrieval-precision-top-20": 0.039145659655332565,
    "retrieval-precision": 0.0007367201033048332,
    "retrieval-recall-top-1": 0.0961185097694397,
    "retrieval-recall-top-3": 0.16569922864437103,
    "retrieval-recall-top-5": 0.19479277729988098,
    "retrieval-recall-top-10": 0.2615477442741394,
    "retrieval-recall-top-20": 0.33890584111213684,
    "retrieval-recall": 1.0,
    "r-precision": 0.12763892114162445
  }
}