{
  "train": null,
  "validation": null,
  "test": {
    "hit-rate-top-1": 0.11764705926179886,
    "hit-rate-top-3": 0.2380952388048172,
    "hit-rate-top-5": 0.2899159789085388,
    "hit-rate-top-10": 0.36274510622024536,
    "hit-rate-top-20": 0.44677871465682983,
    "hit-rate": 1.0,
    "map-top-1": 0.11764705926179886,
    "map-top-3": 0.16795051097869873,
    "map-top-5": 0.17878930270671844,
    "map-top-10": 0.18236671388149261,
    "map-top-20": 0.18245361745357513,
    "map": 0.14847113192081451,
    "mrr-top-1": 0.11764705926179886,
    "mrr-top-3": 0.16900093853473663,
    "mrr-top-5": 0.18090569972991943,
    "mrr-top-10": 0.1908213049173355,
    "mrr-top-20": 0.19649969041347504,
    "mrr": 0.20291857421398163,
    "retrieval-precision-top-1": 0.11764705926179886,
    "retrieval-precision-top-3": 0.09290382266044617,
    "retrieval-precision-top-5": 0.07366947829723358,
    "retrieval-precision-top-10": 0.05252101272344589,
    "retrieval-precision-top-20": 0.03662465140223503,
    "retrieval-precision": 0.0007367201033048332,
    "retrieval-recall-top-1": 0.0700274184346199,
    "retrieval-recall-top-3": 0.1513195037841797,
    "retrieval-recall-top-5": 0.18508686125278473,
    "retrieval-recall-top-10": 0.24696418642997742,
    "retrieval-recall-top-20": 0.31271809339523315,
    "retrieval-recall": 1.0,
    "r-precision": 0.10492821782827377
  },
  "details": null
}