{
  "train": null,
  "validation": null,
  "test": {
    "hit-rate-top-1": 0.403292179107666,
    "hit-rate-top-3": 0.5329217910766602,
    "hit-rate-top-5": 0.5946502089500427,
    "hit-rate-top-10": 0.693415641784668,
    "hit-rate-top-20": 0.790123462677002,
    "hit-rate": 1.0,
    "map-top-1": 0.403292179107666,
    "map-top-3": 0.4547325074672699,
    "map-top-5": 0.46118828654289246,
    "map-top-10": 0.4520070552825928,
    "map-top-20": 0.4306315779685974,
    "map": 0.34297657012939453,
    "mrr-top-1": 0.403292179107666,
    "mrr-top-3": 0.4595336318016052,
    "mrr-top-5": 0.474039763212204,
    "mrr-top-10": 0.48770493268966675,
    "mrr-top-20": 0.49515336751937866,
    "mrr": 0.4991646111011505,
    "retrieval-precision-top-1": 0.403292179107666,
    "retrieval-precision-top-3": 0.22633744776248932,
    "retrieval-precision-top-5": 0.16502058506011963,
    "retrieval-precision-top-10": 0.111111119389534,
    "retrieval-precision-top-20": 0.07294239103794098,
    "retrieval-precision": 0.008227746933698654,
    "retrieval-recall-top-1": 0.19945582747459412,
    "retrieval-recall-top-3": 0.3042539954185486,
    "retrieval-recall-top-5": 0.3543647229671478,
    "retrieval-recall-top-10": 0.4457492232322693,
    "retrieval-recall-top-20": 0.5559422373771667,
    "retrieval-recall": 1.0,
    "r-precision": 0.2919290363788605
  },
  "details": null
}