{
  "train": null,
  "validation": null,
  "test": {
    "hit-rate-top-1": 0.30280831456184387,
    "hit-rate-top-3": 0.5128205418586731,
    "hit-rate-top-5": 0.6214896440505981,
    "hit-rate-top-10": 0.7387057542800903,
    "hit-rate-top-20": 0.841269850730896,
    "hit-rate": 1.0,
    "map-top-1": 0.30280831456184387,
    "map-top-3": 0.39214491844177246,
    "map-top-5": 0.4118844270706177,
    "map-top-10": 0.410066157579422,
    "map-top-20": 0.39481979608535767,
    "map": 0.34258750081062317,
    "mrr-top-1": 0.30280831456184387,
    "mrr-top-3": 0.39438343048095703,
    "mrr-top-5": 0.41941389441490173,
    "mrr-top-10": 0.43528205156326294,
    "mrr-top-20": 0.44265997409820557,
    "mrr": 0.44628044962882996,
    "retrieval-precision-top-1": 0.30280831456184387,
    "retrieval-precision-top-3": 0.20675620436668396,
    "retrieval-precision-top-5": 0.16312576830387115,
    "retrieval-precision-top-10": 0.11343102157115936,
    "retrieval-precision-top-20": 0.07600732892751694,
    "retrieval-precision": 0.005885621532797813,
    "retrieval-recall-top-1": 0.18247166275978088,
    "retrieval-recall-top-3": 0.3324665427207947,
    "retrieval-recall-top-5": 0.4232398569583893,
    "retrieval-recall-top-10": 0.5391628742218018,
    "retrieval-recall-top-20": 0.6578792929649353,
    "retrieval-recall": 1.0,
    "r-precision": 0.2571754455566406
  },
  "details": null
}