{
  "train": null,
  "validation": null,
  "test": {
    "hit-rate-top-1": 0.30324074625968933,
    "hit-rate-top-3": 0.4618055522441864,
    "hit-rate-top-5": 0.5196759104728699,
    "hit-rate-top-10": 0.6342592835426331,
    "hit-rate-top-20": 0.7754629850387573,
    "hit-rate": 1.0,
    "map-top-1": 0.30324074625968933,
    "map-top-3": 0.36815202236175537,
    "map-top-5": 0.37421876192092896,
    "map-top-10": 0.38048166036605835,
    "map-top-20": 0.37450864911079407,
    "map": 0.3427066206932068,
    "mrr-top-1": 0.30324074625968933,
    "mrr-top-3": 0.37172070145606995,
    "mrr-top-5": 0.3851465880870819,
    "mrr-top-10": 0.4003417491912842,
    "mrr-top-20": 0.4099061191082001,
    "mrr": 0.4147823452949524,
    "retrieval-precision-top-1": 0.30324074625968933,
    "retrieval-precision-top-3": 0.2013888955116272,
    "retrieval-precision-top-5": 0.15324075520038605,
    "retrieval-precision-top-10": 0.1059027835726738,
    "retrieval-precision-top-20": 0.07285880297422409,
    "retrieval-precision": 0.0062158796936273575,
    "retrieval-recall-top-1": 0.18440617620944977,
    "retrieval-recall-top-3": 0.32475942373275757,
    "retrieval-recall-top-5": 0.3904632329940796,
    "retrieval-recall-top-10": 0.5044950246810913,
    "retrieval-recall-top-20": 0.6495941877365112,
    "retrieval-recall": 1.0,
    "r-precision": 0.2559313178062439
  }
}