{
  "train": null,
  "validation": null,
  "test": {
    "hit-rate-top-1": 0.12885154783725739,
    "hit-rate-top-3": 0.21848739683628082,
    "hit-rate-top-5": 0.26750701665878296,
    "hit-rate-top-10": 0.34873950481414795,
    "hit-rate-top-20": 0.44117647409439087,
    "hit-rate": 1.0,
    "map-top-1": 0.12885154783725739,
    "map-top-3": 0.16713352501392365,
    "map-top-5": 0.17793923616409302,
    "map-top-10": 0.18414418399333954,
    "map-top-20": 0.1860363483428955,
    "map": 0.14899805188179016,
    "mrr-top-1": 0.12885154783725739,
    "mrr-top-3": 0.16783380508422852,
    "mrr-top-5": 0.17910832166671753,
    "mrr-top-10": 0.1899048388004303,
    "mrr-top-20": 0.19658882915973663,
    "mrr": 0.20273475348949432,
    "retrieval-precision-top-1": 0.12885154783725739,
    "retrieval-precision-top-3": 0.08450046926736832,
    "retrieval-precision-top-5": 0.06582632660865784,
    "retrieval-precision-top-10": 0.04859944060444832,
    "retrieval-precision-top-20": 0.03466386720538139,
    "retrieval-precision": 0.0007367201033048332,
    "retrieval-recall-top-1": 0.08119939267635345,
    "retrieval-recall-top-3": 0.13630865514278412,
    "retrieval-recall-top-5": 0.16779747605323792,
    "retrieval-recall-top-10": 0.23493115603923798,
    "retrieval-recall-top-20": 0.30802151560783386,
    "retrieval-recall": 1.0,
    "r-precision": 0.11033846437931061
  },
  "details": null
}