{
  "train": null,
  "validation": null,
  "test": {
    "hit-rate-top-1": 0.10084033757448196,
    "hit-rate-top-3": 0.18207283318042755,
    "hit-rate-top-5": 0.22969187796115875,
    "hit-rate-top-10": 0.3165266215801239,
    "hit-rate-top-20": 0.43417367339134216,
    "hit-rate": 1.0,
    "map-top-1": 0.10084033757448196,
    "map-top-3": 0.13527078926563263,
    "map-top-5": 0.14401067793369293,
    "map-top-10": 0.15135246515274048,
    "map-top-20": 0.1543603241443634,
    "map": 0.12629252672195435,
    "mrr-top-1": 0.10084033757448196,
    "mrr-top-3": 0.13562092185020447,
    "mrr-top-5": 0.14654529094696045,
    "mrr-top-10": 0.15804320573806763,
    "mrr-top-20": 0.16635169088840485,
    "mrr": 0.17342747747898102,
    "retrieval-precision-top-1": 0.10084033757448196,
    "retrieval-precision-top-3": 0.0714285746216774,
    "retrieval-precision-top-5": 0.05994398146867752,
    "retrieval-precision-top-10": 0.04719888046383858,
    "retrieval-precision-top-20": 0.036764707416296005,
    "retrieval-precision": 0.0007367201033048332,
    "retrieval-recall-top-1": 0.05776097625494003,
    "retrieval-recall-top-3": 0.10462993383407593,
    "retrieval-recall-top-5": 0.13826888799667358,
    "retrieval-recall-top-10": 0.20383109152317047,
    "retrieval-recall-top-20": 0.29457229375839233,
    "retrieval-recall": 1.0,
    "r-precision": 0.08839552104473114
  }
}