{
  "train": null,
  "validation": null,
  "test": {
    "hit-rate-top-1": 0.2798479199409485,
    "hit-rate-top-3": 0.42585551738739014,
    "hit-rate-top-5": 0.49505704641342163,
    "hit-rate-top-10": 0.578707218170166,
    "hit-rate-top-20": 0.6768060922622681,
    "hit-rate": 1.0,
    "map-top-1": 0.2798479199409485,
    "map-top-3": 0.3423320949077606,
    "map-top-5": 0.3567817807197571,
    "map-top-10": 0.3599179983139038,
    "map-top-20": 0.3614177405834198,
    "map": 0.33808180689811707,
    "mrr-top-1": 0.2798479199409485,
    "mrr-top-3": 0.34448671340942383,
    "mrr-top-5": 0.36026617884635925,
    "mrr-top-10": 0.3715076148509979,
    "mrr-top-20": 0.37840867042541504,
    "mrr": 0.3841516077518463,
    "retrieval-precision-top-1": 0.2798479199409485,
    "retrieval-precision-top-3": 0.1827629804611206,
    "retrieval-precision-top-5": 0.14053232967853546,
    "retrieval-precision-top-10": 0.09612167626619339,
    "retrieval-precision-top-20": 0.06285170465707779,
    "retrieval-precision": 0.005649717990309,
    "retrieval-recall-top-1": 0.19538578391075134,
    "retrieval-recall-top-3": 0.3300965428352356,
    "retrieval-recall-top-5": 0.3920871615409851,
    "retrieval-recall-top-10": 0.47691529989242554,
    "retrieval-recall-top-20": 0.5741187930107117,
    "retrieval-recall": 1.0,
    "r-precision": 0.2603164315223694
  },
  "details": null
}