{
  "train": null,
  "validation": null,
  "test": {
    "hit-rate-top-1": 0.2737603187561035,
    "hit-rate-top-3": 0.46177685260772705,
    "hit-rate-top-5": 0.547520637512207,
    "hit-rate-top-10": 0.6745867729187012,
    "hit-rate-top-20": 0.7758264541625977,
    "hit-rate": 1.0,
    "map-top-1": 0.2737603187561035,
    "map-top-3": 0.35640498995780945,
    "map-top-5": 0.37019777297973633,
    "map-top-10": 0.3715023994445801,
    "map-top-20": 0.3565881550312042,
    "map": 0.29944083094596863,
    "mrr-top-1": 0.2737603187561035,
    "mrr-top-3": 0.3574380576610565,
    "mrr-top-5": 0.37701448798179626,
    "mrr-top-10": 0.394110769033432,
    "mrr-top-20": 0.4012017548084259,
    "mrr": 0.4056456983089447,
    "retrieval-precision-top-1": 0.2737603187561035,
    "retrieval-precision-top-3": 0.1997244954109192,
    "retrieval-precision-top-5": 0.1613636463880539,
    "retrieval-precision-top-10": 0.11766529083251953,
    "retrieval-precision-top-20": 0.08378098905086517,
    "retrieval-precision": 0.015301467850804329,
    "retrieval-recall-top-1": 0.14487811923027039,
    "retrieval-recall-top-3": 0.26268988847732544,
    "retrieval-recall-top-5": 0.33019131422042847,
    "retrieval-recall-top-10": 0.4374532401561737,
    "retrieval-recall-top-20": 0.5435943007469177,
    "retrieval-recall": 1.0,
    "r-precision": 0.23853807151317596
  },
  "details": null
}