{
  "train": null,
  "validation": null,
  "test": {
    "hit-rate-top-1": 0.4382716119289398,
    "hit-rate-top-3": 0.6625514626502991,
    "hit-rate-top-5": 0.7304526567459106,
    "hit-rate-top-10": 0.8497942090034485,
    "hit-rate-top-20": 0.8971193432807922,
    "hit-rate": 1.0,
    "map-top-1": 0.4382716119289398,
    "map-top-3": 0.5258916616439819,
    "map-top-5": 0.5224165320396423,
    "map-top-10": 0.5136561393737793,
    "map-top-20": 0.4834573268890381,
    "map": 0.42726171016693115,
    "mrr-top-1": 0.4382716119289398,
    "mrr-top-3": 0.5336076617240906,
    "mrr-top-5": 0.5491426587104797,
    "mrr-top-10": 0.5663547515869141,
    "mrr-top-20": 0.5695456266403198,
    "mrr": 0.5720218420028687,
    "retrieval-precision-top-1": 0.4382716119289398,
    "retrieval-precision-top-3": 0.3024691343307495,
    "retrieval-precision-top-5": 0.2316872626543045,
    "retrieval-precision-top-10": 0.15514405071735382,
    "retrieval-precision-top-20": 0.09763374924659729,
    "retrieval-precision": 0.008227746933698654,
    "retrieval-recall-top-1": 0.2035379409790039,
    "retrieval-recall-top-3": 0.4010527431964874,
    "retrieval-recall-top-5": 0.49440374970436096,
    "retrieval-recall-top-10": 0.6139199733734131,
    "retrieval-recall-top-20": 0.7157257199287415,
    "retrieval-recall": 1.0,
    "r-precision": 0.3385145664215088
  },
  "details": null
}