{
  "train": null,
  "validation": null,
  "test": {
    "hit-rate-top-1": 0.3133079707622528,
    "hit-rate-top-3": 0.4844106435775757,
    "hit-rate-top-5": 0.5551331043243408,
    "hit-rate-top-10": 0.6684410572052002,
    "hit-rate-top-20": 0.7612167596817017,
    "hit-rate": 1.0,
    "map-top-1": 0.3133079707622528,
    "map-top-3": 0.38529786467552185,
    "map-top-5": 0.39895015954971313,
    "map-top-10": 0.4082975685596466,
    "map-top-20": 0.40612685680389404,
    "map": 0.38485243916511536,
    "mrr-top-1": 0.3133079707622528,
    "mrr-top-3": 0.38745248317718506,
    "mrr-top-5": 0.4033459722995758,
    "mrr-top-10": 0.41872748732566833,
    "mrr-top-20": 0.4252225160598755,
    "mrr": 0.43001043796539307,
    "retrieval-precision-top-1": 0.3133079707622528,
    "retrieval-precision-top-3": 0.20354881882667542,
    "retrieval-precision-top-5": 0.1537642627954483,
    "retrieval-precision-top-10": 0.10486693680286407,
    "retrieval-precision-top-20": 0.06965780258178711,
    "retrieval-precision": 0.005649717990309,
    "retrieval-recall-top-1": 0.22820550203323364,
    "retrieval-recall-top-3": 0.3841889500617981,
    "retrieval-recall-top-5": 0.45274272561073303,
    "retrieval-recall-top-10": 0.5602444410324097,
    "retrieval-recall-top-20": 0.6666311621665955,
    "retrieval-recall": 1.0,
    "r-precision": 0.29450294375419617
  }
}