{
  "train": null,
  "validation": null,
  "test": {
    "hit-rate-top-1": 0.4282868504524231,
    "hit-rate-top-3": 0.600597620010376,
    "hit-rate-top-5": 0.675298810005188,
    "hit-rate-top-10": 0.7539840340614319,
    "hit-rate-top-20": 0.8227091431617737,
    "hit-rate": 1.0,
    "map-top-1": 0.4282868504524231,
    "map-top-3": 0.5008299946784973,
    "map-top-5": 0.5066705346107483,
    "map-top-10": 0.500001072883606,
    "map-top-20": 0.48679080605506897,
    "map": 0.43621113896369934,
    "mrr-top-1": 0.4282868504524231,
    "mrr-top-3": 0.5038180947303772,
    "mrr-top-5": 0.5208499431610107,
    "mrr-top-10": 0.5315950512886047,
    "mrr-top-20": 0.53647780418396,
    "mrr": 0.5400135517120361,
    "retrieval-precision-top-1": 0.4282868504524231,
    "retrieval-precision-top-3": 0.25332003831863403,
    "retrieval-precision-top-5": 0.1890438348054886,
    "retrieval-precision-top-10": 0.12569721043109894,
    "retrieval-precision-top-20": 0.08137449622154236,
    "retrieval-precision": 0.01422689575701952,
    "retrieval-recall-top-1": 0.2645878493785858,
    "retrieval-recall-top-3": 0.4173302948474884,
    "retrieval-recall-top-5": 0.48906466364860535,
    "retrieval-recall-top-10": 0.5860736966133118,
    "retrieval-recall-top-20": 0.6855016946792603,
    "retrieval-recall": 1.0,
    "r-precision": 0.3570812940597534
  }
}