{
  "train": null,
  "validation": null,
  "test": {
    "hit-rate-top-1": 0.2857142984867096,
    "hit-rate-top-3": 0.4236874282360077,
    "hit-rate-top-5": 0.47863247990608215,
    "hit-rate-top-10": 0.5714285969734192,
    "hit-rate-top-20": 0.6935287117958069,
    "hit-rate": 1.0,
    "map-top-1": 0.2857142984867096,
    "map-top-3": 0.34269437193870544,
    "map-top-5": 0.35045281052589417,
    "map-top-10": 0.35434630513191223,
    "map-top-20": 0.35006266832351685,
    "map": 0.3054761588573456,
    "mrr-top-1": 0.2857142984867096,
    "mrr-top-3": 0.34574687480926514,
    "mrr-top-5": 0.35844528675079346,
    "mrr-top-10": 0.37035101652145386,
    "mrr-top-20": 0.37906041741371155,
    "mrr": 0.3844437599182129,
    "retrieval-precision-top-1": 0.2857142984867096,
    "retrieval-precision-top-3": 0.17094017565250397,
    "retrieval-precision-top-5": 0.12820515036582947,
    "retrieval-precision-top-10": 0.08376069366931915,
    "retrieval-precision-top-20": 0.05799756571650505,
    "retrieval-precision": 0.005885621532797813,
    "retrieval-recall-top-1": 0.18495260179042816,
    "retrieval-recall-top-3": 0.2963985204696655,
    "retrieval-recall-top-5": 0.3473508059978485,
    "retrieval-recall-top-10": 0.4193911552429199,
    "retrieval-recall-top-20": 0.5273210406303406,
    "retrieval-recall": 1.0,
    "r-precision": 0.239906445145607
  }
}