{
  "train": null,
  "validation": null,
  "test": {
    "hit-rate-top-1": 0.30324074625968933,
    "hit-rate-top-3": 0.4618055522441864,
    "hit-rate-top-5": 0.5196759104728699,
    "hit-rate-top-10": 0.6342592835426331,
    "hit-rate-top-20": 0.7766203880310059,
    "hit-rate": 1.0,
    "map-top-1": 0.30324074625968933,
    "map-top-3": 0.36815202236175537,
    "map-top-5": 0.37421873211860657,
    "map-top-10": 0.38081783056259155,
    "map-top-20": 0.3744233548641205,
    "map": 0.34254539012908936,
    "mrr-top-1": 0.30324074625968933,
    "mrr-top-3": 0.37172070145606995,
    "mrr-top-5": 0.3850887417793274,
    "mrr-top-10": 0.4003114402294159,
    "mrr-top-20": 0.4099430739879608,
    "mrr": 0.4147491157054901,
    "retrieval-precision-top-1": 0.30324074625968933,
    "retrieval-precision-top-3": 0.2013888955116272,
    "retrieval-precision-top-5": 0.15324075520038605,
    "retrieval-precision-top-10": 0.10578704625368118,
    "retrieval-precision-top-20": 0.072916679084301,
    "retrieval-precision": 0.0062158796936273575,
    "retrieval-recall-top-1": 0.18440617620944977,
    "retrieval-recall-top-3": 0.32475942373275757,
    "retrieval-recall-top-5": 0.3904632329940796,
    "retrieval-recall-top-10": 0.5041092038154602,
    "retrieval-recall-top-20": 0.6507515907287598,
    "retrieval-recall": 1.0,
    "r-precision": 0.25573840737342834
  }
}