{
  "train": null,
  "validation": null,
  "test": {
    "hit-rate-top-1": 0.29398149251937866,
    "hit-rate-top-3": 0.46412035822868347,
    "hit-rate-top-5": 0.5381944179534912,
    "hit-rate-top-10": 0.6550925970077515,
    "hit-rate-top-20": 0.7766203880310059,
    "hit-rate": 1.0,
    "map-top-1": 0.29398149251937866,
    "map-top-3": 0.3650656044483185,
    "map-top-5": 0.3754468858242035,
    "map-top-10": 0.37724602222442627,
    "map-top-20": 0.37090033292770386,
    "map": 0.34264636039733887,
    "mrr-top-1": 0.29398149251937866,
    "mrr-top-3": 0.36824843287467957,
    "mrr-top-5": 0.3848572373390198,
    "mrr-top-10": 0.3998557925224304,
    "mrr-top-20": 0.408132404088974,
    "mrr": 0.4134010672569275,
    "retrieval-precision-top-1": 0.29398149251937866,
    "retrieval-precision-top-3": 0.2013888657093048,
    "retrieval-precision-top-5": 0.1546296328306198,
    "retrieval-precision-top-10": 0.10925927013158798,
    "retrieval-precision-top-20": 0.07418981939554214,
    "retrieval-precision": 0.0062158796936273575,
    "retrieval-recall-top-1": 0.17608188092708588,
    "retrieval-recall-top-3": 0.3296557664871216,
    "retrieval-recall-top-5": 0.40542736649513245,
    "retrieval-recall-top-10": 0.525601327419281,
    "retrieval-recall-top-20": 0.6614207029342651,
    "retrieval-recall": 1.0,
    "r-precision": 0.2465910166501999
  }
}