{
  "train": null,
  "validation": null,
  "test": {
    "hit-rate-top-1": 0.2380952388048172,
    "hit-rate-top-3": 0.4075630307197571,
    "hit-rate-top-5": 0.47759103775024414,
    "hit-rate-top-10": 0.5770308375358582,
    "hit-rate-top-20": 0.6820728182792664,
    "hit-rate": 1.0,
    "map-top-1": 0.2380952388048172,
    "map-top-3": 0.31115779280662537,
    "map-top-5": 0.3249008059501648,
    "map-top-10": 0.32940322160720825,
    "map-top-20": 0.3285596966743469,
    "map": 0.25581613183021545,
    "mrr-top-1": 0.2380952388048172,
    "mrr-top-3": 0.3113912343978882,
    "mrr-top-5": 0.3270775079727173,
    "mrr-top-10": 0.33995819091796875,
    "mrr-top-20": 0.3473378121852875,
    "mrr": 0.3518373370170593,
    "retrieval-precision-top-1": 0.2380952388048172,
    "retrieval-precision-top-3": 0.1517273485660553,
    "retrieval-precision-top-5": 0.11652661859989166,
    "retrieval-precision-top-10": 0.0801120474934578,
    "retrieval-precision-top-20": 0.05406162887811661,
    "retrieval-precision": 0.0007367201033048332,
    "retrieval-recall-top-1": 0.15466350317001343,
    "retrieval-recall-top-3": 0.2608775496482849,
    "retrieval-recall-top-5": 0.3082239031791687,
    "retrieval-recall-top-10": 0.3774421215057373,
    "retrieval-recall-top-20": 0.4705072045326233,
    "retrieval-recall": 1.0,
    "r-precision": 0.20394735038280487
  },
  "details": null
}