{
  "train": null,
  "validation": null,
  "test": {
    "hit-rate-top-1": 0.30266159772872925,
    "hit-rate-top-3": 0.5117870569229126,
    "hit-rate-top-5": 0.5984790921211243,
    "hit-rate-top-10": 0.7079848051071167,
    "hit-rate-top-20": 0.802281379699707,
    "hit-rate": 1.0,
    "map-top-1": 0.30266159772872925,
    "map-top-3": 0.3923320770263672,
    "map-top-5": 0.40724438428878784,
    "map-top-10": 0.4140932261943817,
    "map-top-20": 0.4108501374721527,
    "map": 0.38438060879707336,
    "mrr-top-1": 0.30266159772872925,
    "mrr-top-3": 0.3946768045425415,
    "mrr-top-5": 0.41456276178359985,
    "mrr-top-10": 0.42906755208969116,
    "mrr-top-20": 0.4357127547264099,
    "mrr": 0.44003257155418396,
    "retrieval-precision-top-1": 0.30266159772872925,
    "retrieval-precision-top-3": 0.20126742124557495,
    "retrieval-precision-top-5": 0.1571102887392044,
    "retrieval-precision-top-10": 0.10608366131782532,
    "retrieval-precision-top-20": 0.06756655126810074,
    "retrieval-precision": 0.005649717990309,
    "retrieval-recall-top-1": 0.21817079186439514,
    "retrieval-recall-top-3": 0.3982555568218231,
    "retrieval-recall-top-5": 0.484981507062912,
    "retrieval-recall-top-10": 0.5998735427856445,
    "retrieval-recall-top-20": 0.694692075252533,
    "retrieval-recall": 1.0,
    "r-precision": 0.28150123357772827
  }
}