{
  "train": null,
  "validation": null,
  "test": {
    "hit-rate-top-1": 0.08403361588716507,
    "hit-rate-top-3": 0.1666666716337204,
    "hit-rate-top-5": 0.24089635908603668,
    "hit-rate-top-10": 0.33893558382987976,
    "hit-rate-top-20": 0.48459383845329285,
    "hit-rate": 1.0,
    "map-top-1": 0.08403361588716507,
    "map-top-3": 0.12021475285291672,
    "map-top-5": 0.13607804477214813,
    "map-top-10": 0.145661860704422,
    "map-top-20": 0.15214645862579346,
    "map": 0.12340432405471802,
    "mrr-top-1": 0.08403361588716507,
    "mrr-top-3": 0.11974789947271347,
    "mrr-top-5": 0.13683472573757172,
    "mrr-top-10": 0.1498527228832245,
    "mrr-top-20": 0.1597035676240921,
    "mrr": 0.1674296110868454,
    "retrieval-precision-top-1": 0.08403361588716507,
    "retrieval-precision-top-3": 0.0625583603978157,
    "retrieval-precision-top-5": 0.05854341760277748,
    "retrieval-precision-top-10": 0.04649860039353371,
    "retrieval-precision-top-20": 0.03711484745144844,
    "retrieval-precision": 0.0007367201033048332,
    "retrieval-recall-top-1": 0.05097811669111252,
    "retrieval-recall-top-3": 0.10082351416349411,
    "retrieval-recall-top-5": 0.1460639387369156,
    "retrieval-recall-top-10": 0.2188197523355484,
    "retrieval-recall-top-20": 0.3310944736003876,
    "retrieval-recall": 1.0,
    "r-precision": 0.07539406418800354
  },
  "details": null
}