{
  "train": null,
  "validation": null,
  "test": {
    "hit-rate-top-1": 0.4302788972854614,
    "hit-rate-top-3": 0.6065737009048462,
    "hit-rate-top-5": 0.6663346886634827,
    "hit-rate-top-10": 0.7430278658866882,
    "hit-rate-top-20": 0.8157370686531067,
    "hit-rate": 1.0,
    "map-top-1": 0.4302788972854614,
    "map-top-3": 0.5051460862159729,
    "map-top-5": 0.5046937465667725,
    "map-top-10": 0.4968295991420746,
    "map-top-20": 0.4834494888782501,
    "map": 0.43273088335990906,
    "mrr-top-1": 0.4302788972854614,
    "mrr-top-3": 0.5076361298561096,
    "mrr-top-5": 0.5212317109107971,
    "mrr-top-10": 0.5314780473709106,
    "mrr-top-20": 0.5365967750549316,
    "mrr": 0.540302038192749,
    "retrieval-precision-top-1": 0.4302788972854614,
    "retrieval-precision-top-3": 0.2503320276737213,
    "retrieval-precision-top-5": 0.18605579435825348,
    "retrieval-precision-top-10": 0.1241035908460617,
    "retrieval-precision-top-20": 0.08122509717941284,
    "retrieval-precision": 0.01422689575701952,
    "retrieval-recall-top-1": 0.2652631402015686,
    "retrieval-recall-top-3": 0.41173312067985535,
    "retrieval-recall-top-5": 0.4797372817993164,
    "retrieval-recall-top-10": 0.5747461915016174,
    "retrieval-recall-top-20": 0.6761510968208313,
    "retrieval-recall": 1.0,
    "r-precision": 0.3581717312335968
  }
}