{
  "train": null,
  "validation": null,
  "test": {
    "hit-rate-top-1": 0.3565737009048462,
    "hit-rate-top-3": 0.5498008131980896,
    "hit-rate-top-5": 0.6523904204368591,
    "hit-rate-top-10": 0.7480079531669617,
    "hit-rate-top-20": 0.8356573581695557,
    "hit-rate": 1.0,
    "map-top-1": 0.3565737009048462,
    "map-top-3": 0.43517598509788513,
    "map-top-5": 0.4480937123298645,
    "map-top-10": 0.4432343542575836,
    "map-top-20": 0.43082332611083984,
    "map": 0.38568323850631714,
    "mrr-top-1": 0.3565737009048462,
    "mrr-top-3": 0.439907044172287,
    "mrr-top-5": 0.4632635712623596,
    "mrr-top-10": 0.47636517882347107,
    "mrr-top-20": 0.4824599325656891,
    "mrr": 0.48598912358283997,
    "retrieval-precision-top-1": 0.3565737009048462,
    "retrieval-precision-top-3": 0.23107565939426422,
    "retrieval-precision-top-5": 0.1846613734960556,
    "retrieval-precision-top-10": 0.12460160255432129,
    "retrieval-precision-top-20": 0.08112549781799316,
    "retrieval-precision": 0.01422689575701952,
    "retrieval-recall-top-1": 0.20146280527114868,
    "retrieval-recall-top-3": 0.36961302161216736,
    "retrieval-recall-top-5": 0.46645909547805786,
    "retrieval-recall-top-10": 0.5795741081237793,
    "retrieval-recall-top-20": 0.6947346329689026,
    "retrieval-recall": 1.0,
    "r-precision": 0.2856375575065613
  }
}