{
  "train": null,
  "validation": null,
  "test": {
    "hit-rate-top-1": 0.4213147461414337,
    "hit-rate-top-3": 0.6085657477378845,
    "hit-rate-top-5": 0.6762948036193848,
    "hit-rate-top-10": 0.7689242959022522,
    "hit-rate-top-20": 0.8515936136245728,
    "hit-rate": 1.0,
    "map-top-1": 0.4213147461414337,
    "map-top-3": 0.4951029419898987,
    "map-top-5": 0.5003029704093933,
    "map-top-10": 0.4975025951862335,
    "map-top-20": 0.48805171251296997,
    "map": 0.4537723958492279,
    "mrr-top-1": 0.4213147461414337,
    "mrr-top-3": 0.49983400106430054,
    "mrr-top-5": 0.5151228308677673,
    "mrr-top-10": 0.5276552438735962,
    "mrr-top-20": 0.5334305763244629,
    "mrr": 0.5364071726799011,
    "retrieval-precision-top-1": 0.4213147461414337,
    "retrieval-precision-top-3": 0.27423641085624695,
    "retrieval-precision-top-5": 0.20856574177742004,
    "retrieval-precision-top-10": 0.13635459542274475,
    "retrieval-precision-top-20": 0.08650398254394531,
    "retrieval-precision": 0.01422689575701952,
    "retrieval-recall-top-1": 0.25256121158599854,
    "retrieval-recall-top-3": 0.43814754486083984,
    "retrieval-recall-top-5": 0.5222895741462708,
    "retrieval-recall-top-10": 0.6289697289466858,
    "retrieval-recall-top-20": 0.7334019541740417,
    "retrieval-recall": 1.0,
    "r-precision": 0.35968518257141113
  }
}