{
  "train": null,
  "validation": null,
  "test": {
    "hit-rate-top-1": 0.26251527667045593,
    "hit-rate-top-3": 0.4126984179019928,
    "hit-rate-top-5": 0.48840048909187317,
    "hit-rate-top-10": 0.6092796325683594,
    "hit-rate-top-20": 0.6984127163887024,
    "hit-rate": 1.0,
    "map-top-1": 0.26251527667045593,
    "map-top-3": 0.3263126015663147,
    "map-top-5": 0.33885496854782104,
    "map-top-10": 0.34536194801330566,
    "map-top-20": 0.3387499749660492,
    "map": 0.30502158403396606,
    "mrr-top-1": 0.26251527667045593,
    "mrr-top-3": 0.32987383008003235,
    "mrr-top-5": 0.3469678461551666,
    "mrr-top-10": 0.3631213903427124,
    "mrr-top-20": 0.369210422039032,
    "mrr": 0.3747667670249939,
    "retrieval-precision-top-1": 0.26251527667045593,
    "retrieval-precision-top-3": 0.1766381710767746,
    "retrieval-precision-top-5": 0.13797315955162048,
    "retrieval-precision-top-10": 0.09804639965295792,
    "retrieval-precision-top-20": 0.06489621847867966,
    "retrieval-precision": 0.005885621532797813,
    "retrieval-recall-top-1": 0.16265839338302612,
    "retrieval-recall-top-3": 0.28735315799713135,
    "retrieval-recall-top-5": 0.3565734326839447,
    "retrieval-recall-top-10": 0.4592972993850708,
    "retrieval-recall-top-20": 0.5519934296607971,
    "retrieval-recall": 1.0,
    "r-precision": 0.2325579971075058
  }
}