{
  "train": null,
  "validation": null,
  "test": {
    "hit-rate-top-1": 0.12044817954301834,
    "hit-rate-top-3": 0.21288515627384186,
    "hit-rate-top-5": 0.2759103775024414,
    "hit-rate-top-10": 0.3767507076263428,
    "hit-rate-top-20": 0.46078431606292725,
    "hit-rate": 1.0,
    "map-top-1": 0.12044817954301834,
    "map-top-3": 0.1586134284734726,
    "map-top-5": 0.17029061913490295,
    "map-top-10": 0.17979343235492706,
    "map-top-20": 0.17946791648864746,
    "map": 0.14774639904499054,
    "mrr-top-1": 0.12044817954301834,
    "mrr-top-3": 0.1596638709306717,
    "mrr-top-5": 0.17387954890727997,
    "mrr-top-10": 0.18692143261432648,
    "mrr-top-20": 0.19292400777339935,
    "mrr": 0.19979862868785858,
    "retrieval-precision-top-1": 0.12044817954301834,
    "retrieval-precision-top-3": 0.08216620981693268,
    "retrieval-precision-top-5": 0.06946779042482376,
    "retrieval-precision-top-10": 0.05420168861746788,
    "retrieval-precision-top-20": 0.03900560364127159,
    "retrieval-precision": 0.0007367201033048332,
    "retrieval-recall-top-1": 0.0722694993019104,
    "retrieval-recall-top-3": 0.1317635476589203,
    "retrieval-recall-top-5": 0.17440950870513916,
    "retrieval-recall-top-10": 0.24998676776885986,
    "retrieval-recall-top-20": 0.32044151425361633,
    "retrieval-recall": 1.0,
    "r-precision": 0.10316593199968338
  }
}