{
  "train": null,
  "validation": null,
  "test": {
    "hit-rate-top-1": 0.39772728085517883,
    "hit-rate-top-3": 0.5712810158729553,
    "hit-rate-top-5": 0.6456611752510071,
    "hit-rate-top-10": 0.7479338645935059,
    "hit-rate-top-20": 0.81611567735672,
    "hit-rate": 1.0,
    "map-top-1": 0.39772728085517883,
    "map-top-3": 0.47124654054641724,
    "map-top-5": 0.47826990485191345,
    "map-top-10": 0.47048822045326233,
    "map-top-20": 0.4505649507045746,
    "map": 0.3867323696613312,
    "mrr-top-1": 0.39772728085517883,
    "mrr-top-3": 0.47555097937583923,
    "mrr-top-5": 0.49244141578674316,
    "mrr-top-10": 0.5065718293190002,
    "mrr-top-20": 0.5112947225570679,
    "mrr": 0.5149604678153992,
    "retrieval-precision-top-1": 0.39772728085517883,
    "retrieval-precision-top-3": 0.2613636255264282,
    "retrieval-precision-top-5": 0.2010330706834793,
    "retrieval-precision-top-10": 0.1472107470035553,
    "retrieval-precision-top-20": 0.10129132866859436,
    "retrieval-precision": 0.015301467850804329,
    "retrieval-recall-top-1": 0.2045661211013794,
    "retrieval-recall-top-3": 0.3389732241630554,
    "retrieval-recall-top-5": 0.40623369812965393,
    "retrieval-recall-top-10": 0.5135671496391296,
    "retrieval-recall-top-20": 0.6100782752037048,
    "retrieval-recall": 1.0,
    "r-precision": 0.3169761002063751
  }
}