{
  "train": null,
  "validation": null,
  "test": {
    "hit-rate-top-1": 0.09103641659021378,
    "hit-rate-top-3": 0.17787115275859833,
    "hit-rate-top-5": 0.23669467866420746,
    "hit-rate-top-10": 0.3305322229862213,
    "hit-rate-top-20": 0.4453781545162201,
    "hit-rate": 1.0,
    "map-top-1": 0.09103641659021378,
    "map-top-3": 0.12780113518238068,
    "map-top-5": 0.1395094245672226,
    "map-top-10": 0.15070398151874542,
    "map-top-20": 0.15344911813735962,
    "map": 0.12482523173093796,
    "mrr-top-1": 0.09103641659021378,
    "mrr-top-3": 0.1279178410768509,
    "mrr-top-5": 0.1413632184267044,
    "mrr-top-10": 0.15354031324386597,
    "mrr-top-20": 0.16143320500850677,
    "mrr": 0.16937853395938873,
    "retrieval-precision-top-1": 0.09103641659021378,
    "retrieval-precision-top-3": 0.06629318743944168,
    "retrieval-precision-top-5": 0.05658263340592384,
    "retrieval-precision-top-10": 0.043697480112314224,
    "retrieval-precision-top-20": 0.032983195036649704,
    "retrieval-precision": 0.0007367201033048332,
    "retrieval-recall-top-1": 0.057327963411808014,
    "retrieval-recall-top-3": 0.10939252376556396,
    "retrieval-recall-top-5": 0.15318849682807922,
    "retrieval-recall-top-10": 0.2167002558708191,
    "retrieval-recall-top-20": 0.3033832311630249,
    "retrieval-recall": 1.0,
    "r-precision": 0.08186656981706619
  }
}