{
  "train": null,
  "validation": null,
  "test": {
    "hit-rate-top-1": 0.2534722089767456,
    "hit-rate-top-3": 0.47337964177131653,
    "hit-rate-top-5": 0.5590277910232544,
    "hit-rate-top-10": 0.6817129850387573,
    "hit-rate-top-20": 0.7928240895271301,
    "hit-rate": 1.0,
    "map-top-1": 0.2534722089767456,
    "map-top-3": 0.3450038731098175,
    "map-top-5": 0.35908243060112,
    "map-top-10": 0.3680671453475952,
    "map-top-20": 0.36191460490226746,
    "map": 0.33194300532341003,
    "mrr-top-1": 0.2534722089767456,
    "mrr-top-3": 0.34741514921188354,
    "mrr-top-5": 0.367496132850647,
    "mrr-top-10": 0.3843221962451935,
    "mrr-top-20": 0.39201241731643677,
    "mrr": 0.39647433161735535,
    "retrieval-precision-top-1": 0.2534722089767456,
    "retrieval-precision-top-3": 0.19560185074806213,
    "retrieval-precision-top-5": 0.15416668355464935,
    "retrieval-precision-top-10": 0.10740741342306137,
    "retrieval-precision-top-20": 0.07175926119089127,
    "retrieval-precision": 0.0062158796936273575,
    "retrieval-recall-top-1": 0.15930651128292084,
    "retrieval-recall-top-3": 0.34083592891693115,
    "retrieval-recall-top-5": 0.42091232538223267,
    "retrieval-recall-top-10": 0.5347413420677185,
    "retrieval-recall-top-20": 0.6626172065734863,
    "retrieval-recall": 1.0,
    "r-precision": 0.2284712791442871
  }
}