{
  "train": null,
  "validation": null,
  "test": {
    "hit-rate-top-1": 0.29976850748062134,
    "hit-rate-top-3": 0.46643519401550293,
    "hit-rate-top-5": 0.5335648059844971,
    "hit-rate-top-10": 0.6481481194496155,
    "hit-rate-top-20": 0.7777777910232544,
    "hit-rate": 1.0,
    "map-top-1": 0.29976850748062134,
    "map-top-3": 0.3701774775981903,
    "map-top-5": 0.3787117302417755,
    "map-top-10": 0.3852815628051758,
    "map-top-20": 0.37913912534713745,
    "map": 0.3470548987388611,
    "mrr-top-1": 0.29976850748062134,
    "mrr-top-3": 0.3724922835826874,
    "mrr-top-5": 0.38777005672454834,
    "mrr-top-10": 0.40283334255218506,
    "mrr-top-20": 0.41166195273399353,
    "mrr": 0.41670113801956177,
    "retrieval-precision-top-1": 0.29976850748062134,
    "retrieval-precision-top-3": 0.2048611044883728,
    "retrieval-precision-top-5": 0.15694445371627808,
    "retrieval-precision-top-10": 0.10798611491918564,
    "retrieval-precision-top-20": 0.07326389104127884,
    "retrieval-precision": 0.0062158796936273575,
    "retrieval-recall-top-1": 0.18404579162597656,
    "retrieval-recall-top-3": 0.33109039068222046,
    "retrieval-recall-top-5": 0.40337932109832764,
    "retrieval-recall-top-10": 0.5203195810317993,
    "retrieval-recall-top-20": 0.6543582081794739,
    "retrieval-recall": 1.0,
    "r-precision": 0.2589544653892517
  }
}