{
  "train": null,
  "validation": null,
  "test": {
    "hit-rate-top-1": 0.27169421315193176,
    "hit-rate-top-3": 0.4793388545513153,
    "hit-rate-top-5": 0.5723140239715576,
    "hit-rate-top-10": 0.6931818127632141,
    "hit-rate-top-20": 0.7944214940071106,
    "hit-rate": 1.0,
    "map-top-1": 0.27169421315193176,
    "map-top-3": 0.3601067364215851,
    "map-top-5": 0.37314480543136597,
    "map-top-10": 0.3756839632987976,
    "map-top-20": 0.362032949924469,
    "map": 0.3091624975204468,
    "mrr-top-1": 0.27169421315193176,
    "mrr-top-3": 0.3615702688694,
    "mrr-top-5": 0.3824896812438965,
    "mrr-top-10": 0.39861029386520386,
    "mrr-top-20": 0.40577009320259094,
    "mrr": 0.41055211424827576,
    "retrieval-precision-top-1": 0.27169421315193176,
    "retrieval-precision-top-3": 0.211088165640831,
    "retrieval-precision-top-5": 0.17933884263038635,
    "retrieval-precision-top-10": 0.13336777687072754,
    "retrieval-precision-top-20": 0.0937499925494194,
    "retrieval-precision": 0.015301467850804329,
    "retrieval-recall-top-1": 0.13556261360645294,
    "retrieval-recall-top-3": 0.261555939912796,
    "retrieval-recall-top-5": 0.3413624167442322,
    "retrieval-recall-top-10": 0.46272405982017517,
    "retrieval-recall-top-20": 0.5825651288032532,
    "retrieval-recall": 1.0,
    "r-precision": 0.23753972351551056
  }
}