{
  "train": null,
  "validation": null,
  "test": {
    "hit-rate-top-1": 0.24420024454593658,
    "hit-rate-top-3": 0.4297924339771271,
    "hit-rate-top-5": 0.5128205418586731,
    "hit-rate-top-10": 0.6495726704597473,
    "hit-rate-top-20": 0.7631257772445679,
    "hit-rate": 1.0,
    "map-top-1": 0.24420024454593658,
    "map-top-3": 0.323158323764801,
    "map-top-5": 0.3382563591003418,
    "map-top-10": 0.3451077938079834,
    "map-top-20": 0.34026920795440674,
    "map": 0.29282185435295105,
    "mrr-top-1": 0.24420024454593658,
    "mrr-top-3": 0.32397234439849854,
    "mrr-top-5": 0.343019962310791,
    "mrr-top-10": 0.36069294810295105,
    "mrr-top-20": 0.36856022477149963,
    "mrr": 0.37387093901634216,
    "retrieval-precision-top-1": 0.24420024454593658,
    "retrieval-precision-top-3": 0.1725681871175766,
    "retrieval-precision-top-5": 0.13431014120578766,
    "retrieval-precision-top-10": 0.09670330584049225,
    "retrieval-precision-top-20": 0.06501831859350204,
    "retrieval-precision": 0.005885621532797813,
    "retrieval-recall-top-1": 0.1494334191083908,
    "retrieval-recall-top-3": 0.2861650586128235,
    "retrieval-recall-top-5": 0.3509625494480133,
    "retrieval-recall-top-10": 0.468434602022171,
    "retrieval-recall-top-20": 0.5829023122787476,
    "retrieval-recall": 1.0,
    "r-precision": 0.21271724998950958
  }
}