{
  "train": null,
  "validation": null,
  "test": {
    "hit-rate-top-1": 0.4193226993083954,
    "hit-rate-top-3": 0.5986055731773376,
    "hit-rate-top-5": 0.6643426418304443,
    "hit-rate-top-10": 0.7450199127197266,
    "hit-rate-top-20": 0.8147410154342651,
    "hit-rate": 1.0,
    "map-top-1": 0.4193226993083954,
    "map-top-3": 0.49501991271972656,
    "map-top-5": 0.499240517616272,
    "map-top-10": 0.4926643669605255,
    "map-top-20": 0.4809147119522095,
    "map": 0.4340934157371521,
    "mrr-top-1": 0.4193226993083954,
    "mrr-top-3": 0.4995020031929016,
    "mrr-top-5": 0.5144422054290771,
    "mrr-top-10": 0.5255936980247498,
    "mrr-top-20": 0.5304076075553894,
    "mrr": 0.5342339873313904,
    "retrieval-precision-top-1": 0.4193226993083954,
    "retrieval-precision-top-3": 0.25830012559890747,
    "retrieval-precision-top-5": 0.19003985822200775,
    "retrieval-precision-top-10": 0.12659363448619843,
    "retrieval-precision-top-20": 0.08162350207567215,
    "retrieval-precision": 0.01422689575701952,
    "retrieval-recall-top-1": 0.2573613226413727,
    "retrieval-recall-top-3": 0.4189746081829071,
    "retrieval-recall-top-5": 0.48420974612236023,
    "retrieval-recall-top-10": 0.5844180583953857,
    "retrieval-recall-top-20": 0.6818419098854065,
    "retrieval-recall": 1.0,
    "r-precision": 0.35419708490371704
  }
}