{
  "train": null,
  "validation": null,
  "test": {
    "hit-rate-top-1": 0.1260504275560379,
    "hit-rate-top-3": 0.25350141525268555,
    "hit-rate-top-5": 0.299719899892807,
    "hit-rate-top-10": 0.38235294818878174,
    "hit-rate-top-20": 0.4663865566253662,
    "hit-rate": 1.0,
    "map-top-1": 0.1260504275560379,
    "map-top-3": 0.18172268569469452,
    "map-top-5": 0.1909080594778061,
    "map-top-10": 0.19799089431762695,
    "map-top-20": 0.19515514373779297,
    "map": 0.15853871405124664,
    "mrr-top-1": 0.1260504275560379,
    "mrr-top-3": 0.18207283318042755,
    "mrr-top-5": 0.19278711080551147,
    "mrr-top-10": 0.2042161375284195,
    "mrr-top-20": 0.21022677421569824,
    "mrr": 0.216505229473114,
    "retrieval-precision-top-1": 0.1260504275560379,
    "retrieval-precision-top-3": 0.09710551053285599,
    "retrieval-precision-top-5": 0.07394959032535553,
    "retrieval-precision-top-10": 0.05406162142753601,
    "retrieval-precision-top-20": 0.0378851555287838,
    "retrieval-precision": 0.0007367201033048332,
    "retrieval-recall-top-1": 0.07636864483356476,
    "retrieval-recall-top-3": 0.1589740514755249,
    "retrieval-recall-top-5": 0.18950343132019043,
    "retrieval-recall-top-10": 0.2579902708530426,
    "retrieval-recall-top-20": 0.324448823928833,
    "retrieval-recall": 1.0,
    "r-precision": 0.11561500281095505
  },
  "details": null
}