{
  "train": null,
  "validation": null,
  "test": {
    "hit-rate-top-1": 0.27716729044914246,
    "hit-rate-top-3": 0.4175824224948883,
    "hit-rate-top-5": 0.47863247990608215,
    "hit-rate-top-10": 0.5689865946769714,
    "hit-rate-top-20": 0.6886447072029114,
    "hit-rate": 1.0,
    "map-top-1": 0.27716729044914246,
    "map-top-3": 0.3349613547325134,
    "map-top-5": 0.345217764377594,
    "map-top-10": 0.34892740845680237,
    "map-top-20": 0.3453082740306854,
    "map": 0.30192723870277405,
    "mrr-top-1": 0.27716729044914246,
    "mrr-top-3": 0.3384208679199219,
    "mrr-top-5": 0.35240134596824646,
    "mrr-top-10": 0.3640952706336975,
    "mrr-top-20": 0.3726348578929901,
    "mrr": 0.3781292736530304,
    "retrieval-precision-top-1": 0.27716729044914246,
    "retrieval-precision-top-3": 0.17094017565250397,
    "retrieval-precision-top-5": 0.12869353592395782,
    "retrieval-precision-top-10": 0.08351648598909378,
    "retrieval-precision-top-20": 0.05781441554427147,
    "retrieval-precision": 0.005885621532797813,
    "retrieval-recall-top-1": 0.17844060063362122,
    "retrieval-recall-top-3": 0.29518914222717285,
    "retrieval-recall-top-5": 0.3485718071460724,
    "retrieval-recall-top-10": 0.41919440031051636,
    "retrieval-recall-top-20": 0.5254454612731934,
    "retrieval-recall": 1.0,
    "r-precision": 0.23370634019374847
  }
}