{
  "train": null,
  "validation": null,
  "test": {
    "hit-rate-top-1": 0.3436214029788971,
    "hit-rate-top-3": 0.49794238805770874,
    "hit-rate-top-5": 0.5761317014694214,
    "hit-rate-top-10": 0.6851851940155029,
    "hit-rate-top-20": 0.7962962985038757,
    "hit-rate": 1.0,
    "map-top-1": 0.3436214029788971,
    "map-top-3": 0.40826475620269775,
    "map-top-5": 0.4185756742954254,
    "map-top-10": 0.4157780706882477,
    "map-top-20": 0.39275750517845154,
    "map": 0.3214974105358124,
    "mrr-top-1": 0.3436214029788971,
    "mrr-top-3": 0.4132373034954071,
    "mrr-top-5": 0.4310356378555298,
    "mrr-top-10": 0.4463501572608948,
    "mrr-top-20": 0.454125314950943,
    "mrr": 0.4584936797618866,
    "retrieval-precision-top-1": 0.3436214029788971,
    "retrieval-precision-top-3": 0.2153635025024414,
    "retrieval-precision-top-5": 0.16543211042881012,
    "retrieval-precision-top-10": 0.11316873878240585,
    "retrieval-precision-top-20": 0.07561728358268738,
    "retrieval-precision": 0.008227746933698654,
    "retrieval-recall-top-1": 0.1665986031293869,
    "retrieval-recall-top-3": 0.2876041531562805,
    "retrieval-recall-top-5": 0.3454098403453827,
    "retrieval-recall-top-10": 0.4433182179927826,
    "retrieval-recall-top-20": 0.5609198212623596,
    "retrieval-recall": 1.0,
    "r-precision": 0.2675839960575104
  }
}