{
  "train": null,
  "validation": null,
  "test": {
    "hit-rate-top-1": 0.2857142984867096,
    "hit-rate-top-3": 0.4273504316806793,
    "hit-rate-top-5": 0.4908424913883209,
    "hit-rate-top-10": 0.5897436141967773,
    "hit-rate-top-20": 0.6971917152404785,
    "hit-rate": 1.0,
    "map-top-1": 0.2857142984867096,
    "map-top-3": 0.3461538553237915,
    "map-top-5": 0.35643061995506287,
    "map-top-10": 0.3610725700855255,
    "map-top-20": 0.35491910576820374,
    "map": 0.31017449498176575,
    "mrr-top-1": 0.2857142984867096,
    "mrr-top-3": 0.3490028977394104,
    "mrr-top-5": 0.36371591687202454,
    "mrr-top-10": 0.37665271759033203,
    "mrr-top-20": 0.3841112554073334,
    "mrr": 0.3895496428012848,
    "retrieval-precision-top-1": 0.2857142984867096,
    "retrieval-precision-top-3": 0.17175418138504028,
    "retrieval-precision-top-5": 0.12942615151405334,
    "retrieval-precision-top-10": 0.0863247886300087,
    "retrieval-precision-top-20": 0.05818071588873863,
    "retrieval-precision": 0.005885621532797813,
    "retrieval-recall-top-1": 0.1875370591878891,
    "retrieval-recall-top-3": 0.30010169744491577,
    "retrieval-recall-top-5": 0.3540617823600769,
    "retrieval-recall-top-10": 0.4349808394908905,
    "retrieval-recall-top-20": 0.5299950838088989,
    "retrieval-recall": 1.0,
    "r-precision": 0.24299271404743195
  }
}