{
  "train": null,
  "validation": null,
  "test": {
    "hit-rate-top-1": 0.395061731338501,
    "hit-rate-top-3": 0.5390946269035339,
    "hit-rate-top-5": 0.6296296119689941,
    "hit-rate-top-10": 0.7222222089767456,
    "hit-rate-top-20": 0.8271604776382446,
    "hit-rate": 1.0,
    "map-top-1": 0.395061731338501,
    "map-top-3": 0.4538751542568207,
    "map-top-5": 0.4661494195461273,
    "map-top-10": 0.4552992880344391,
    "map-top-20": 0.42875537276268005,
    "map": 0.3455449938774109,
    "mrr-top-1": 0.395061731338501,
    "mrr-top-3": 0.4578188955783844,
    "mrr-top-5": 0.4791838228702545,
    "mrr-top-10": 0.49105021357536316,
    "mrr-top-20": 0.4982857406139374,
    "mrr": 0.5019879341125488,
    "retrieval-precision-top-1": 0.395061731338501,
    "retrieval-precision-top-3": 0.22976678609848022,
    "retrieval-precision-top-5": 0.17489713430404663,
    "retrieval-precision-top-10": 0.1164609044790268,
    "retrieval-precision-top-20": 0.07757201790809631,
    "retrieval-precision": 0.008227746933698654,
    "retrieval-recall-top-1": 0.19126509130001068,
    "retrieval-recall-top-3": 0.3101727068424225,
    "retrieval-recall-top-5": 0.3695918917655945,
    "retrieval-recall-top-10": 0.4606790244579315,
    "retrieval-recall-top-20": 0.5851342678070068,
    "retrieval-recall": 1.0,
    "r-precision": 0.2867031991481781
  }
}