{
  "train": null,
  "validation": null,
  "test": {
    "hit-rate-top-1": 0.30402931571006775,
    "hit-rate-top-3": 0.523809552192688,
    "hit-rate-top-5": 0.6214896440505981,
    "hit-rate-top-10": 0.742368757724762,
    "hit-rate-top-20": 0.8266178369522095,
    "hit-rate": 1.0,
    "map-top-1": 0.30402931571006775,
    "map-top-3": 0.3985551595687866,
    "map-top-5": 0.41531679034233093,
    "map-top-10": 0.4196911156177521,
    "map-top-20": 0.4068019688129425,
    "map": 0.3531874120235443,
    "mrr-top-1": 0.30402931571006775,
    "mrr-top-3": 0.4006919264793396,
    "mrr-top-5": 0.42297521233558655,
    "mrr-top-10": 0.4386553466320038,
    "mrr-top-20": 0.4443911612033844,
    "mrr": 0.4483673572540283,
    "retrieval-precision-top-1": 0.30402931571006775,
    "retrieval-precision-top-3": 0.2112332135438919,
    "retrieval-precision-top-5": 0.16312576830387115,
    "retrieval-precision-top-10": 0.10927961766719818,
    "retrieval-precision-top-20": 0.07057387381792068,
    "retrieval-precision": 0.005885621532797813,
    "retrieval-recall-top-1": 0.19646820425987244,
    "retrieval-recall-top-3": 0.3586934804916382,
    "retrieval-recall-top-5": 0.43348029255867004,
    "retrieval-recall-top-10": 0.5411775708198547,
    "retrieval-recall-top-20": 0.6367478370666504,
    "retrieval-recall": 1.0,
    "r-precision": 0.2744866609573364
  },
  "details": null
}