{
  "train": null,
  "validation": null,
  "test": {
    "hit-rate-top-1": 0.3904958665370941,
    "hit-rate-top-3": 0.5650826692581177,
    "hit-rate-top-5": 0.6456611752510071,
    "hit-rate-top-10": 0.7376033067703247,
    "hit-rate-top-20": 0.8047520518302917,
    "hit-rate": 1.0,
    "map-top-1": 0.3904958665370941,
    "map-top-3": 0.46453168988227844,
    "map-top-5": 0.4729568362236023,
    "map-top-10": 0.46268230676651,
    "map-top-20": 0.4404304325580597,
    "map": 0.3775806128978729,
    "mrr-top-1": 0.3904958665370941,
    "mrr-top-3": 0.46883606910705566,
    "mrr-top-5": 0.48706957697868347,
    "mrr-top-10": 0.49969419836997986,
    "mrr-top-20": 0.504344642162323,
    "mrr": 0.5078481435775757,
    "retrieval-precision-top-1": 0.3904958665370941,
    "retrieval-precision-top-3": 0.2513774335384369,
    "retrieval-precision-top-5": 0.19793391227722168,
    "retrieval-precision-top-10": 0.1430785059928894,
    "retrieval-precision-top-20": 0.09953512251377106,
    "retrieval-precision": 0.015301467850804329,
    "retrieval-recall-top-1": 0.2002129852771759,
    "retrieval-recall-top-3": 0.33332404494285583,
    "retrieval-recall-top-5": 0.4021506905555725,
    "retrieval-recall-top-10": 0.5011561512947083,
    "retrieval-recall-top-20": 0.599149763584137,
    "retrieval-recall": 1.0,
    "r-precision": 0.31115931272506714
  }
}