{
  "train": null,
  "validation": null,
  "test": {
    "hit-rate-top-1": 0.2380952388048172,
    "hit-rate-top-3": 0.40336135029792786,
    "hit-rate-top-5": 0.47058823704719543,
    "hit-rate-top-10": 0.5700280070304871,
    "hit-rate-top-20": 0.6778711676597595,
    "hit-rate": 1.0,
    "map-top-1": 0.2380952388048172,
    "map-top-3": 0.30905696749687195,
    "map-top-5": 0.3223097622394562,
    "map-top-10": 0.3275124728679657,
    "map-top-20": 0.3256905674934387,
    "map": 0.2527589201927185,
    "mrr-top-1": 0.2380952388048172,
    "mrr-top-3": 0.30929040908813477,
    "mrr-top-5": 0.32441645860671997,
    "mrr-top-10": 0.3372192978858948,
    "mrr-top-20": 0.34476345777511597,
    "mrr": 0.34941670298576355,
    "retrieval-precision-top-1": 0.2380952388048172,
    "retrieval-precision-top-3": 0.14939308166503906,
    "retrieval-precision-top-5": 0.11428572237491608,
    "retrieval-precision-top-10": 0.0784313753247261,
    "retrieval-precision-top-20": 0.053641460835933685,
    "retrieval-precision": 0.0007367201033048332,
    "retrieval-recall-top-1": 0.15342631936073303,
    "retrieval-recall-top-3": 0.25737613439559937,
    "retrieval-recall-top-5": 0.30404219031333923,
    "retrieval-recall-top-10": 0.37237349152565,
    "retrieval-recall-top-20": 0.4679395258426666,
    "retrieval-recall": 1.0,
    "r-precision": 0.2008494734764099
  },
  "details": null
}