{
  "train": null,
  "validation": null,
  "test": {
    "hit-rate-top-1": 0.2851239740848541,
    "hit-rate-top-3": 0.4710743725299835,
    "hit-rate-top-5": 0.5723140239715576,
    "hit-rate-top-10": 0.6807851195335388,
    "hit-rate-top-20": 0.7964876294136047,
    "hit-rate": 1.0,
    "map-top-1": 0.2851239740848541,
    "map-top-3": 0.3644111752510071,
    "map-top-5": 0.37949809432029724,
    "map-top-10": 0.37702465057373047,
    "map-top-20": 0.3652474284172058,
    "map": 0.3093583881855011,
    "mrr-top-1": 0.2851239740848541,
    "mrr-top-3": 0.3669077455997467,
    "mrr-top-5": 0.3905130922794342,
    "mrr-top-10": 0.40490663051605225,
    "mrr-top-20": 0.41300418972969055,
    "mrr": 0.41724303364753723,
    "retrieval-precision-top-1": 0.2851239740848541,
    "retrieval-precision-top-3": 0.20523416996002197,
    "retrieval-precision-top-5": 0.17231406271457672,
    "retrieval-precision-top-10": 0.12582646310329437,
    "retrieval-precision-top-20": 0.08977272361516953,
    "retrieval-precision": 0.015301467850804329,
    "retrieval-recall-top-1": 0.14653702080249786,
    "retrieval-recall-top-3": 0.2616164982318878,
    "retrieval-recall-top-5": 0.34381788969039917,
    "retrieval-recall-top-10": 0.4500770568847656,
    "retrieval-recall-top-20": 0.5720974206924438,
    "retrieval-recall": 1.0,
    "r-precision": 0.246145561337471
  }
}