{
  "train": null,
  "validation": null,
  "test": {
    "hit-rate-top-1": 0.33916351199150085,
    "hit-rate-top-3": 0.5475285053253174,
    "hit-rate-top-5": 0.6433460116386414,
    "hit-rate-top-10": 0.7513307929039001,
    "hit-rate-top-20": 0.831939160823822,
    "hit-rate": 1.0,
    "map-top-1": 0.33916351199150085,
    "map-top-3": 0.4285171627998352,
    "map-top-5": 0.4469771981239319,
    "map-top-10": 0.45298051834106445,
    "map-top-20": 0.4493675231933594,
    "map": 0.41791868209838867,
    "mrr-top-1": 0.33916351199150085,
    "mrr-top-3": 0.4307984709739685,
    "mrr-top-5": 0.45281365513801575,
    "mrr-top-10": 0.467250257730484,
    "mrr-top-20": 0.4729732275009155,
    "mrr": 0.4767114818096161,
    "retrieval-precision-top-1": 0.33916351199150085,
    "retrieval-precision-top-3": 0.2185044139623642,
    "retrieval-precision-top-5": 0.16562741994857788,
    "retrieval-precision-top-10": 0.10904943943023682,
    "retrieval-precision-top-20": 0.06859315931797028,
    "retrieval-precision": 0.005649717990309,
    "retrieval-recall-top-1": 0.2510857880115509,
    "retrieval-recall-top-3": 0.43223506212234497,
    "retrieval-recall-top-5": 0.5246415734291077,
    "retrieval-recall-top-10": 0.6365119814872742,
    "retrieval-recall-top-20": 0.7234786152839661,
    "retrieval-recall": 1.0,
    "r-precision": 0.3186347186565399
  }
}