{
  "train": null,
  "validation": null,
  "test": {
    "hit-rate-top-1": 0.25641027092933655,
    "hit-rate-top-3": 0.4114774167537689,
    "hit-rate-top-5": 0.4908424913883209,
    "hit-rate-top-10": 0.6068376302719116,
    "hit-rate-top-20": 0.6984127163887024,
    "hit-rate": 1.0,
    "map-top-1": 0.25641027092933655,
    "map-top-3": 0.32193732261657715,
    "map-top-5": 0.3364418148994446,
    "map-top-10": 0.3428575396537781,
    "map-top-20": 0.3366873264312744,
    "map": 0.30344071984291077,
    "mrr-top-1": 0.25641027092933655,
    "mrr-top-3": 0.32560035586357117,
    "mrr-top-5": 0.3434269428253174,
    "mrr-top-10": 0.3589816391468048,
    "mrr-top-20": 0.365216463804245,
    "mrr": 0.3707846999168396,
    "retrieval-precision-top-1": 0.25641027092933655,
    "retrieval-precision-top-3": 0.1766381859779358,
    "retrieval-precision-top-5": 0.13821734488010406,
    "retrieval-precision-top-10": 0.09755800664424896,
    "retrieval-precision-top-20": 0.0645299106836319,
    "retrieval-precision": 0.005885621532797813,
    "retrieval-recall-top-1": 0.1598093956708908,
    "retrieval-recall-top-3": 0.2866045832633972,
    "retrieval-recall-top-5": 0.35784631967544556,
    "retrieval-recall-top-10": 0.45691150426864624,
    "retrieval-recall-top-20": 0.551924467086792,
    "retrieval-recall": 1.0,
    "r-precision": 0.23149338364601135
  }
}