{
  "train": null,
  "validation": null,
  "test": {
    "hit-rate-top-1": 0.33612167835235596,
    "hit-rate-top-3": 0.5201520919799805,
    "hit-rate-top-5": 0.5992395281791687,
    "hit-rate-top-10": 0.7049429416656494,
    "hit-rate-top-20": 0.7908745408058167,
    "hit-rate": 1.0,
    "map-top-1": 0.33612167835235596,
    "map-top-3": 0.414828896522522,
    "map-top-5": 0.4298933148384094,
    "map-top-10": 0.4373892545700073,
    "map-top-20": 0.43516209721565247,
    "map": 0.4113825261592865,
    "mrr-top-1": 0.33612167835235596,
    "mrr-top-3": 0.4166032671928406,
    "mrr-top-5": 0.4347021281719208,
    "mrr-top-10": 0.4489993155002594,
    "mrr-top-20": 0.45510634779930115,
    "mrr": 0.4595063030719757,
    "retrieval-precision-top-1": 0.33612167835235596,
    "retrieval-precision-top-3": 0.21444867551326752,
    "retrieval-precision-top-5": 0.16349810361862183,
    "retrieval-precision-top-10": 0.11087452620267868,
    "retrieval-precision-top-20": 0.07307985424995422,
    "retrieval-precision": 0.005649717990309,
    "retrieval-recall-top-1": 0.24596160650253296,
    "retrieval-recall-top-3": 0.4128875732421875,
    "retrieval-recall-top-5": 0.48566728830337524,
    "retrieval-recall-top-10": 0.5989381074905396,
    "retrieval-recall-top-20": 0.6985144019126892,
    "retrieval-recall": 1.0,
    "r-precision": 0.315611869096756
  }
}