{
  "train": null,
  "validation": null,
  "test": {
    "hit-rate-top-1": 0.10644257813692093,
    "hit-rate-top-3": 0.190476194024086,
    "hit-rate-top-5": 0.25350141525268555,
    "hit-rate-top-10": 0.33473390340805054,
    "hit-rate-top-20": 0.4327731132507324,
    "hit-rate": 1.0,
    "map-top-1": 0.10644257813692093,
    "map-top-3": 0.14250698685646057,
    "map-top-5": 0.15561780333518982,
    "map-top-10": 0.1649223119020462,
    "map-top-20": 0.16470225155353546,
    "map": 0.1308225840330124,
    "mrr-top-1": 0.10644257813692093,
    "mrr-top-3": 0.14309056103229523,
    "mrr-top-5": 0.1573062688112259,
    "mrr-top-10": 0.16826064884662628,
    "mrr-top-20": 0.17516131699085236,
    "mrr": 0.18123731017112732,
    "retrieval-precision-top-1": 0.10644257813692093,
    "retrieval-precision-top-3": 0.07329598069190979,
    "retrieval-precision-top-5": 0.06358543783426285,
    "retrieval-precision-top-10": 0.047759100794792175,
    "retrieval-precision-top-20": 0.0357142873108387,
    "retrieval-precision": 0.0007367201033048332,
    "retrieval-recall-top-1": 0.06449241936206818,
    "retrieval-recall-top-3": 0.10916627943515778,
    "retrieval-recall-top-5": 0.15580448508262634,
    "retrieval-recall-top-10": 0.22001712024211884,
    "retrieval-recall-top-20": 0.29826509952545166,
    "retrieval-recall": 1.0,
    "r-precision": 0.09608673304319382
  },
  "details": null
}