{
  "train": null,
  "validation": null,
  "test": {
    "hit-rate-top-1": 0.26050421595573425,
    "hit-rate-top-3": 0.4257703125476837,
    "hit-rate-top-5": 0.5042017102241516,
    "hit-rate-top-10": 0.599439799785614,
    "hit-rate-top-20": 0.7002801299095154,
    "hit-rate": 1.0,
    "map-top-1": 0.26050421595573425,
    "map-top-3": 0.33193278312683105,
    "map-top-5": 0.34855276346206665,
    "map-top-10": 0.3506687879562378,
    "map-top-20": 0.3423710763454437,
    "map": 0.2685869634151459,
    "mrr-top-1": 0.26050421595573425,
    "mrr-top-3": 0.3323996067047119,
    "mrr-top-5": 0.3503268361091614,
    "mrr-top-10": 0.36303412914276123,
    "mrr-top-20": 0.37012213468551636,
    "mrr": 0.37432754039764404,
    "retrieval-precision-top-1": 0.26050421595573425,
    "retrieval-precision-top-3": 0.16106441617012024,
    "retrieval-precision-top-5": 0.12212885916233063,
    "retrieval-precision-top-10": 0.08235294371843338,
    "retrieval-precision-top-20": 0.05546219274401665,
    "retrieval-precision": 0.0007367201033048332,
    "retrieval-recall-top-1": 0.16489821672439575,
    "retrieval-recall-top-3": 0.2681097388267517,
    "retrieval-recall-top-5": 0.32208746671676636,
    "retrieval-recall-top-10": 0.39865198731422424,
    "retrieval-recall-top-20": 0.48942092061042786,
    "retrieval-recall": 1.0,
    "r-precision": 0.21492068469524384
  },
  "details": null
}