{
  "train": null,
  "validation": null,
  "test": {
    "hit-rate-top-1": 0.3125475347042084,
    "hit-rate-top-3": 0.4851711094379425,
    "hit-rate-top-5": 0.5566539764404297,
    "hit-rate-top-10": 0.6661596894264221,
    "hit-rate-top-20": 0.7619771957397461,
    "hit-rate": 1.0,
    "map-top-1": 0.3125475347042084,
    "map-top-3": 0.38472747802734375,
    "map-top-5": 0.39798691868782043,
    "map-top-10": 0.40689989924430847,
    "map-top-20": 0.4053121507167816,
    "map": 0.38359516859054565,
    "mrr-top-1": 0.3125475347042084,
    "mrr-top-3": 0.38707229495048523,
    "mrr-top-5": 0.4030418395996094,
    "mrr-top-10": 0.41783782839775085,
    "mrr-top-20": 0.42451274394989014,
    "mrr": 0.429271936416626,
    "retrieval-precision-top-1": 0.3125475347042084,
    "retrieval-precision-top-3": 0.20354878902435303,
    "retrieval-precision-top-5": 0.1540684551000595,
    "retrieval-precision-top-10": 0.10463878512382507,
    "retrieval-precision-top-20": 0.06961977481842041,
    "retrieval-precision": 0.005649717990309,
    "retrieval-recall-top-1": 0.2268366664648056,
    "retrieval-recall-top-3": 0.38359367847442627,
    "retrieval-recall-top-5": 0.4524252414703369,
    "retrieval-recall-top-10": 0.558233380317688,
    "retrieval-recall-top-20": 0.6668140292167664,
    "retrieval-recall": 1.0,
    "r-precision": 0.2922954261302948
  }
}