{
  "train": null,
  "validation": null,
  "test": {
    "hit-rate-top-1": 0.25462964177131653,
    "hit-rate-top-3": 0.44328704476356506,
    "hit-rate-top-5": 0.5300925970077515,
    "hit-rate-top-10": 0.6550925970077515,
    "hit-rate-top-20": 0.7557870149612427,
    "hit-rate": 1.0,
    "map-top-1": 0.25462964177131653,
    "map-top-3": 0.33699849247932434,
    "map-top-5": 0.3517489731311798,
    "map-top-10": 0.35728421807289124,
    "map-top-20": 0.3552281856536865,
    "map": 0.3259386420249939,
    "mrr-top-1": 0.25462964177131653,
    "mrr-top-3": 0.33834877610206604,
    "mrr-top-5": 0.3579089641571045,
    "mrr-top-10": 0.37448006868362427,
    "mrr-top-20": 0.38144946098327637,
    "mrr": 0.3869663178920746,
    "retrieval-precision-top-1": 0.25462964177131653,
    "retrieval-precision-top-3": 0.19251543283462524,
    "retrieval-precision-top-5": 0.15162037312984467,
    "retrieval-precision-top-10": 0.10740741342306137,
    "retrieval-precision-top-20": 0.07048611342906952,
    "retrieval-precision": 0.0062158796936273575,
    "retrieval-recall-top-1": 0.15389816462993622,
    "retrieval-recall-top-3": 0.32489559054374695,
    "retrieval-recall-top-5": 0.4040265381336212,
    "retrieval-recall-top-10": 0.5233011841773987,
    "retrieval-recall-top-20": 0.6367908120155334,
    "retrieval-recall": 1.0,
    "r-precision": 0.22393029928207397
  },
  "details": null
}