{
  "train": null,
  "validation": null,
  "test": {
    "hit-rate-top-1": 0.403292179107666,
    "hit-rate-top-3": 0.5329217910766602,
    "hit-rate-top-5": 0.5946502089500427,
    "hit-rate-top-10": 0.6893004179000854,
    "hit-rate-top-20": 0.7860082387924194,
    "hit-rate": 1.0,
    "map-top-1": 0.403292179107666,
    "map-top-3": 0.4547325074672699,
    "map-top-5": 0.46118828654289246,
    "map-top-10": 0.45174986124038696,
    "map-top-20": 0.42978692054748535,
    "map": 0.34311816096305847,
    "mrr-top-1": 0.403292179107666,
    "mrr-top-3": 0.4595336318016052,
    "mrr-top-5": 0.474039763212204,
    "mrr-top-10": 0.48744773864746094,
    "mrr-top-20": 0.4943171441555023,
    "mrr": 0.4994952082633972,
    "retrieval-precision-top-1": 0.403292179107666,
    "retrieval-precision-top-3": 0.22633744776248932,
    "retrieval-precision-top-5": 0.16502058506011963,
    "retrieval-precision-top-10": 0.11090536415576935,
    "retrieval-precision-top-20": 0.07283950597047806,
    "retrieval-precision": 0.008227746933698654,
    "retrieval-recall-top-1": 0.19945582747459412,
    "retrieval-recall-top-3": 0.3042539954185486,
    "retrieval-recall-top-5": 0.3543647229671478,
    "retrieval-recall-top-10": 0.44494232535362244,
    "retrieval-recall-top-20": 0.5543647408485413,
    "retrieval-recall": 1.0,
    "r-precision": 0.29206621646881104
  },
  "details": null
}