{
  "train": null,
  "validation": null,
  "test": {
    "hit-rate-top-1": 0.368525892496109,
    "hit-rate-top-3": 0.5916334390640259,
    "hit-rate-top-5": 0.6852589845657349,
    "hit-rate-top-10": 0.7908366322517395,
    "hit-rate-top-20": 0.8774900436401367,
    "hit-rate": 1.0,
    "map-top-1": 0.368525892496109,
    "map-top-3": 0.46331340074539185,
    "map-top-5": 0.4756321907043457,
    "map-top-10": 0.47340667247772217,
    "map-top-20": 0.46086472272872925,
    "map": 0.4177895784378052,
    "mrr-top-1": 0.368525892496109,
    "mrr-top-3": 0.46663349866867065,
    "mrr-top-5": 0.48814743757247925,
    "mrr-top-10": 0.5022643804550171,
    "mrr-top-20": 0.5084424018859863,
    "mrr": 0.5112447142601013,
    "retrieval-precision-top-1": 0.368525892496109,
    "retrieval-precision-top-3": 0.2500000298023224,
    "retrieval-precision-top-5": 0.1954183578491211,
    "retrieval-precision-top-10": 0.13177290558815002,
    "retrieval-precision-top-20": 0.08600597828626633,
    "retrieval-precision": 0.01422689575701952,
    "retrieval-recall-top-1": 0.22239990532398224,
    "retrieval-recall-top-3": 0.40556269884109497,
    "retrieval-recall-top-5": 0.4970090091228485,
    "retrieval-recall-top-10": 0.6185968518257141,
    "retrieval-recall-top-20": 0.7342574596405029,
    "retrieval-recall": 1.0,
    "r-precision": 0.323180615901947
  },
  "details": null
}