{
  "train": null,
  "validation": null,
  "test": {
    "hit-rate-top-1": 0.2604166567325592,
    "hit-rate-top-3": 0.46296295523643494,
    "hit-rate-top-5": 0.5775462985038757,
    "hit-rate-top-10": 0.6886574029922485,
    "hit-rate-top-20": 0.7847222089767456,
    "hit-rate": 1.0,
    "map-top-1": 0.2604166567325592,
    "map-top-3": 0.34519678354263306,
    "map-top-5": 0.36638376116752625,
    "map-top-10": 0.3706102669239044,
    "map-top-20": 0.3638557195663452,
    "map": 0.3316599130630493,
    "mrr-top-1": 0.2604166567325592,
    "mrr-top-3": 0.34741511940956116,
    "mrr-top-5": 0.3728780746459961,
    "mrr-top-10": 0.3878132104873657,
    "mrr-top-20": 0.3946787416934967,
    "mrr": 0.3993823826313019,
    "retrieval-precision-top-1": 0.2604166567325592,
    "retrieval-precision-top-3": 0.19251543283462524,
    "retrieval-precision-top-5": 0.1555555909872055,
    "retrieval-precision-top-10": 0.10717592388391495,
    "retrieval-precision-top-20": 0.06956018507480621,
    "retrieval-precision": 0.0062158796936273575,
    "retrieval-recall-top-1": 0.16635525226593018,
    "retrieval-recall-top-3": 0.3327779173851013,
    "retrieval-recall-top-5": 0.43143025040626526,
    "retrieval-recall-top-10": 0.5411686301231384,
    "retrieval-recall-top-20": 0.6549255847930908,
    "retrieval-recall": 1.0,
    "r-precision": 0.2330353558063507
  },
  "details": null
}