{
  "train": null,
  "validation": null,
  "test": {
    "hit-rate-top-1": 0.2698412835597992,
    "hit-rate-top-3": 0.38339439034461975,
    "hit-rate-top-5": 0.45299145579338074,
    "hit-rate-top-10": 0.5543345808982849,
    "hit-rate-top-20": 0.6568986773490906,
    "hit-rate": 1.0,
    "map-top-1": 0.2698412835597992,
    "map-top-3": 0.31807082891464233,
    "map-top-5": 0.33182743191719055,
    "map-top-10": 0.33552971482276917,
    "map-top-20": 0.3315529227256775,
    "map": 0.2885822653770447,
    "mrr-top-1": 0.2698412835597992,
    "mrr-top-3": 0.32071632146835327,
    "mrr-top-5": 0.33701667189598083,
    "mrr-top-10": 0.3500126004219055,
    "mrr-top-20": 0.3573438227176666,
    "mrr": 0.36327406764030457,
    "retrieval-precision-top-1": 0.2698412835597992,
    "retrieval-precision-top-3": 0.15710216760635376,
    "retrieval-precision-top-5": 0.11892552673816681,
    "retrieval-precision-top-10": 0.08095238357782364,
    "retrieval-precision-top-20": 0.055006109178066254,
    "retrieval-precision": 0.005885621532797813,
    "retrieval-recall-top-1": 0.17612123489379883,
    "retrieval-recall-top-3": 0.27047237753868103,
    "retrieval-recall-top-5": 0.3237536549568176,
    "retrieval-recall-top-10": 0.4060898423194885,
    "retrieval-recall-top-20": 0.49889883399009705,
    "retrieval-recall": 1.0,
    "r-precision": 0.2260686457157135
  },
  "details": null
}