{
  "tika-sub-tokens-bm25": {
    "retrieval-precision-top-1": {
      "p-value": 1.085048553869445e-05,
      "statistic": 0.13835084895423877
    },
    "retrieval-precision-top-5": {
      "p-value": 0.018426852191385606,
      "statistic": 0.0743735793975181
    },
    "retrieval-precision-top-10": {
      "p-value": 0.21107486682251864,
      "statistic": 0.039502872921634166
    },
    "hit-rate-top-5": {
      "p-value": 1.546814324689804e-05,
      "statistic": 0.13593415820406984
    },
    "hit-rate-top-10": {
      "p-value": 2.2045509053139648e-07,
      "statistic": 0.16263027241189304
    },
    "retrieval-recall-top-1": {
      "p-value": 1.1123765923114461e-08,
      "statistic": 0.17905343778166777
    },
    "retrieval-recall-top-5": {
      "p-value": 1.576478094215298e-12,
      "statistic": 0.2205731657024982
    },
    "retrieval-recall-top-10": {
      "p-value": 3.430538147893972e-13,
      "statistic": 0.22691917843730902
    },
    "r-precision": {
      "p-value": 1.1884545228304555e-05,
      "statistic": 0.1377342712206403
    },
    "mrr": {
      "p-value": 1.054138184308599e-08,
      "statistic": 0.17933529830351227
    }
  },
  "tika-sub-tokens-lsa-1000": {
    "retrieval-precision-top-1": {
      "p-value": 0.00044691828923232703,
      "statistic": 0.11059463318570759
    },
    "retrieval-precision-top-5": {
      "p-value": 0.0002712604115104836,
      "statistic": 0.11468206144264095
    },
    "retrieval-precision-top-10": {
      "p-value": 0.018045324330396257,
      "statistic": 0.0746177499177502
    },
    "hit-rate-top-5": {
      "p-value": 3.7950847935378564e-08,
      "statistic": 0.17249477830212834
    },
    "hit-rate-top-10": {
      "p-value": 8.881853222032172e-07,
      "statistic": 0.15437508537042524
    },
    "retrieval-recall-top-1": {
      "p-value": 4.235249806986282e-06,
      "statistic": 0.1445754745006705
    },
    "retrieval-recall-top-5": {
      "p-value": 8.782556499618261e-15,
      "statistic": 0.2414399307279176
    },
    "retrieval-recall-top-10": {
      "p-value": 1.6701854349876777e-14,
      "statistic": 0.23896255475169176
    },
    "r-precision": {
      "p-value": 0.00047896097959987963,
      "statistic": 0.1100169238282568
    },
    "mrr": {
      "p-value": 1.0860601248920891e-08,
      "statistic": 0.1791789852249706
    }
  },
  "tika-sub-tokens-lsa-500": {
    "retrieval-precision-top-1": {
      "p-value": 0.00010284316667240478,
      "statistic": 0.12226334226239095
    },
    "retrieval-precision-top-5": {
      "p-value": 0.00022484950657078928,
      "statistic": 0.11618429000047165
    },
    "retrieval-precision-top-10": {
      "p-value": 0.008610338377186614,
      "statistic": 0.08287269848176237
    },
    "hit-rate-top-5": {
      "p-value": 3.214571177029742e-08,
      "statistic": 0.1733966182004164
    },
    "hit-rate-top-10": {
      "p-value": 3.848147857532391e-07,
      "statistic": 0.15938065652125114
    },
    "retrieval-recall-top-1": {
      "p-value": 9.757333602696349e-07,
      "statistic": 0.15380250260138603
    },
    "retrieval-recall-top-5": {
      "p-value": 7.369108357711715e-14,
      "statistic": 0.233131792893311
    },
    "retrieval-recall-top-10": {
      "p-value": 1.2089559631867866e-15,
      "statistic": 0.24891350060291653
    },
    "r-precision": {
      "p-value": 0.00040577150636380346,
      "statistic": 0.1113959338438673
    },
    "mrr": {
      "p-value": 6.21294674153422e-09,
      "statistic": 0.18208278261947286
    }
  },
  "tika-sub-tokens-rvsm": {
    "retrieval-precision-top-1": {
      "p-value": 4.894973354050519e-06,
      "statistic": 0.1436344970747149
    },
    "retrieval-precision-top-5": {
      "p-value": 0.001643347867048789,
      "statistic": 0.099231502478567
    },
    "retrieval-precision-top-10": {
      "p-value": 0.05219143704757058,
      "statistic": 0.06129355396229338
    },
    "hit-rate-top-5": {
      "p-value": 3.244844187633616e-08,
      "statistic": 0.17334582425193135
    },
    "hit-rate-top-10": {
      "p-value": 1.2588573050597917e-07,
      "statistic": 0.16583526259329415
    },
    "retrieval-recall-top-1": {
      "p-value": 5.858249743549747e-09,
      "statistic": 0.18238568762448987
    },
    "retrieval-recall-top-5": {
      "p-value": 6.620494483813206e-15,
      "statistic": 0.24252041667569824
    },
    "retrieval-recall-top-10": {
      "p-value": 3.7001253126931756e-15,
      "statistic": 0.24472846885455657
    },
    "r-precision": {
      "p-value": 8.954817270212191e-06,
      "statistic": 0.13964294018418857
    },
    "mrr": {
      "p-value": 1.3674681550892556e-11,
      "statistic": 0.21123599957265238
    }
  },
  "tika-sub-tokens-tfidf": {
    "retrieval-precision-top-1": {
      "p-value": 0.00028786866146749443,
      "statistic": 0.11420256908096708
    },
    "retrieval-precision-top-5": {
      "p-value": 0.0007460396897436711,
      "statistic": 0.1062527385628669
    },
    "retrieval-precision-top-10": {
      "p-value": 0.014284230897502952,
      "statistic": 0.07730299299366737
    },
    "hit-rate-top-5": {
      "p-value": 4.4794921298478114e-07,
      "statistic": 0.15848304938418953
    },
    "hit-rate-top-10": {
      "p-value": 1.2904007853610162e-06,
      "statistic": 0.15208759045104506
    },
    "retrieval-recall-top-1": {
      "p-value": 3.60463774769468e-06,
      "statistic": 0.1456165034850921
    },
    "retrieval-recall-top-5": {
      "p-value": 1.5716244954346415e-12,
      "statistic": 0.2205861934195547
    },
    "retrieval-recall-top-10": {
      "p-value": 4.75770139845964e-14,
      "statistic": 0.2348667950291406
    },
    "r-precision": {
      "p-value": 0.00035298066270344445,
      "statistic": 0.11254312100717022
    },
    "mrr": {
      "p-value": 2.5386860172118044e-08,
      "statistic": 0.1746708570984768
    }
  }
}