{
  "train": null,
  "validation": null,
  "test": {
    "hit-rate-top-1": 0.13725490868091583,
    "hit-rate-top-3": 0.22689075767993927,
    "hit-rate-top-5": 0.28711485862731934,
    "hit-rate-top-10": 0.38235294818878174,
    "hit-rate-top-20": 0.48879551887512207,
    "hit-rate": 1.0,
    "map-top-1": 0.13725490868091583,
    "map-top-3": 0.17495331168174744,
    "map-top-5": 0.18702535331249237,
    "map-top-10": 0.19618049263954163,
    "map-top-20": 0.19690166413784027,
    "map": 0.15794698894023895,
    "mrr-top-1": 0.13725490868091583,
    "mrr-top-3": 0.17600372433662415,
    "mrr-top-5": 0.1897292137145996,
    "mrr-top-10": 0.2025410234928131,
    "mrr-top-20": 0.20996889472007751,
    "mrr": 0.2160668671131134,
    "retrieval-precision-top-1": 0.13725490868091583,
    "retrieval-precision-top-3": 0.08776845037937164,
    "retrieval-precision-top-5": 0.0714285746216774,
    "retrieval-precision-top-10": 0.05476190894842148,
    "retrieval-precision-top-20": 0.03970588371157646,
    "retrieval-precision": 0.0007367201033048332,
    "retrieval-recall-top-1": 0.08201739937067032,
    "retrieval-recall-top-3": 0.14026111364364624,
    "retrieval-recall-top-5": 0.18120042979717255,
    "retrieval-recall-top-10": 0.25242599844932556,
    "retrieval-recall-top-20": 0.3356970548629761,
    "retrieval-recall": 1.0,
    "r-precision": 0.11182906478643417
  }
}