{
  "train": null,
  "validation": null,
  "test": {
    "hit-rate-top-1": 0.3079847991466522,
    "hit-rate-top-3": 0.43193915486335754,
    "hit-rate-top-5": 0.49809885025024414,
    "hit-rate-top-10": 0.5863117575645447,
    "hit-rate-top-20": 0.6836501955986023,
    "hit-rate": 1.0,
    "map-top-1": 0.3079847991466522,
    "map-top-3": 0.3600126802921295,
    "map-top-5": 0.37190955877304077,
    "map-top-10": 0.3751625716686249,
    "map-top-20": 0.37499523162841797,
    "map": 0.3496839702129364,
    "mrr-top-1": 0.3079847991466522,
    "mrr-top-3": 0.36185047030448914,
    "mrr-top-5": 0.37694549560546875,
    "mrr-top-10": 0.3888970613479614,
    "mrr-top-20": 0.39595404267311096,
    "mrr": 0.4019280970096588,
    "retrieval-precision-top-1": 0.3079847991466522,
    "retrieval-precision-top-3": 0.18352344632148743,
    "retrieval-precision-top-5": 0.13961978256702423,
    "retrieval-precision-top-10": 0.0967300534248352,
    "retrieval-precision-top-20": 0.06361217051744461,
    "retrieval-precision": 0.005649717990309,
    "retrieval-recall-top-1": 0.2176586091518402,
    "retrieval-recall-top-3": 0.328789621591568,
    "retrieval-recall-top-5": 0.39050960540771484,
    "retrieval-recall-top-10": 0.48414909839630127,
    "retrieval-recall-top-20": 0.5827861428260803,
    "retrieval-recall": 1.0,
    "r-precision": 0.27920737862586975
  },
  "details": null
}