{
  "train": null,
  "validation": null,
  "test": {
    "hit-rate-top-1": 0.35743802785873413,
    "hit-rate-top-3": 0.5289255976676941,
    "hit-rate-top-5": 0.6105371713638306,
    "hit-rate-top-10": 0.7045454382896423,
    "hit-rate-top-20": 0.7923553586006165,
    "hit-rate": 1.0,
    "map-top-1": 0.35743802785873413,
    "map-top-3": 0.42889121174812317,
    "map-top-5": 0.4392748475074768,
    "map-top-10": 0.4329487681388855,
    "map-top-20": 0.41940563917160034,
    "map": 0.36404168605804443,
    "mrr-top-1": 0.35743802785873413,
    "mrr-top-3": 0.43147385120391846,
    "mrr-top-5": 0.44996556639671326,
    "mrr-top-10": 0.4625430405139923,
    "mrr-top-20": 0.4687266945838928,
    "mrr": 0.4726793169975281,
    "retrieval-precision-top-1": 0.35743802785873413,
    "retrieval-precision-top-3": 0.24655647575855255,
    "retrieval-precision-top-5": 0.19483472406864166,
    "retrieval-precision-top-10": 0.13595041632652283,
    "retrieval-precision-top-20": 0.09302686154842377,
    "retrieval-precision": 0.015301467850804329,
    "retrieval-recall-top-1": 0.18879711627960205,
    "retrieval-recall-top-3": 0.32343122363090515,
    "retrieval-recall-top-5": 0.3983926773071289,
    "retrieval-recall-top-10": 0.4911058247089386,
    "retrieval-recall-top-20": 0.5852378606796265,
    "retrieval-recall": 1.0,
    "r-precision": 0.2959018349647522
  },
  "details": null
}