{
  "train": null,
  "validation": null,
  "test": {
    "hit-rate-top-1": 0.3201521039009094,
    "hit-rate-top-3": 0.4912547469139099,
    "hit-rate-top-5": 0.5923954248428345,
    "hit-rate-top-10": 0.7095056772232056,
    "hit-rate-top-20": 0.8068441152572632,
    "hit-rate": 1.0,
    "map-top-1": 0.3201521039009094,
    "map-top-3": 0.39315590262413025,
    "map-top-5": 0.4132436215877533,
    "map-top-10": 0.42172303795814514,
    "map-top-20": 0.4209820628166199,
    "map": 0.39118996262550354,
    "mrr-top-1": 0.3201521039009094,
    "mrr-top-3": 0.3950570225715637,
    "mrr-top-5": 0.4183650314807892,
    "mrr-top-10": 0.4341496229171753,
    "mrr-top-20": 0.440997838973999,
    "mrr": 0.4453218877315521,
    "retrieval-precision-top-1": 0.3201521039009094,
    "retrieval-precision-top-3": 0.1858047991991043,
    "retrieval-precision-top-5": 0.14357416331768036,
    "retrieval-precision-top-10": 0.09688213467597961,
    "retrieval-precision-top-20": 0.061977192759513855,
    "retrieval-precision": 0.005649717990309,
    "retrieval-recall-top-1": 0.24621668457984924,
    "retrieval-recall-top-3": 0.39784523844718933,
    "retrieval-recall-top-5": 0.48156413435935974,
    "retrieval-recall-top-10": 0.5890722274780273,
    "retrieval-recall-top-20": 0.685294508934021,
    "retrieval-recall": 1.0,
    "r-precision": 0.2945844531059265
  },
  "details": null
}