{
  "train": null,
  "validation": null,
  "test": {
    "hit-rate-top-1": 0.3774900436401367,
    "hit-rate-top-3": 0.525896430015564,
    "hit-rate-top-5": 0.6035856604576111,
    "hit-rate-top-10": 0.6982071995735168,
    "hit-rate-top-20": 0.7719123363494873,
    "hit-rate": 1.0,
    "map-top-1": 0.3774900436401367,
    "map-top-3": 0.4409860670566559,
    "map-top-5": 0.4500705599784851,
    "map-top-10": 0.44432029128074646,
    "map-top-20": 0.4312504231929779,
    "map": 0.37530770897865295,
    "mrr-top-1": 0.3774900436401367,
    "mrr-top-3": 0.44306111335754395,
    "mrr-top-5": 0.46108895540237427,
    "mrr-top-10": 0.47363200783729553,
    "mrr-top-20": 0.4788689911365509,
    "mrr": 0.48308107256889343,
    "retrieval-precision-top-1": 0.3774900436401367,
    "retrieval-precision-top-3": 0.21281538903713226,
    "retrieval-precision-top-5": 0.1623506098985672,
    "retrieval-precision-top-10": 0.11035856604576111,
    "retrieval-precision-top-20": 0.07216136157512665,
    "retrieval-precision": 0.01422689575701952,
    "retrieval-recall-top-1": 0.23204447329044342,
    "retrieval-recall-top-3": 0.3503994047641754,
    "retrieval-recall-top-5": 0.4168838560581207,
    "retrieval-recall-top-10": 0.5234288573265076,
    "retrieval-recall-top-20": 0.6137480735778809,
    "retrieval-recall": 1.0,
    "r-precision": 0.30548641085624695
  },
  "details": null
}