{
  "train": null,
  "validation": null,
  "test": {
    "hit-rate-top-1": 0.27546295523643494,
    "hit-rate-top-3": 0.49421295523643494,
    "hit-rate-top-5": 0.5879629850387573,
    "hit-rate-top-10": 0.7141203880310059,
    "hit-rate-top-20": 0.8113425970077515,
    "hit-rate": 1.0,
    "map-top-1": 0.27546295523643494,
    "map-top-3": 0.36776623129844666,
    "map-top-5": 0.383539080619812,
    "map-top-10": 0.38759803771972656,
    "map-top-20": 0.3781890869140625,
    "map": 0.34863531589508057,
    "mrr-top-1": 0.27546295523643494,
    "mrr-top-3": 0.36959877610206604,
    "mrr-top-5": 0.390837162733078,
    "mrr-top-10": 0.4077922999858856,
    "mrr-top-20": 0.4144500494003296,
    "mrr": 0.4185955226421356,
    "retrieval-precision-top-1": 0.27546295523643494,
    "retrieval-precision-top-3": 0.2079475224018097,
    "retrieval-precision-top-5": 0.1615740805864334,
    "retrieval-precision-top-10": 0.11180557310581207,
    "retrieval-precision-top-20": 0.0746527761220932,
    "retrieval-precision": 0.0062158796936273575,
    "retrieval-recall-top-1": 0.17214049398899078,
    "retrieval-recall-top-3": 0.3596559464931488,
    "retrieval-recall-top-5": 0.442748486995697,
    "retrieval-recall-top-10": 0.5684569478034973,
    "retrieval-recall-top-20": 0.6861223578453064,
    "retrieval-recall": 1.0,
    "r-precision": 0.2438298910856247
  }
}