{
  "train": null,
  "validation": null,
  "test": {
    "hit-rate-top-1": 0.27716729044914246,
    "hit-rate-top-3": 0.4236874282360077,
    "hit-rate-top-5": 0.5018315315246582,
    "hit-rate-top-10": 0.6043956279754639,
    "hit-rate-top-20": 0.6959707140922546,
    "hit-rate": 1.0,
    "map-top-1": 0.27716729044914246,
    "map-top-3": 0.33760684728622437,
    "map-top-5": 0.3519468307495117,
    "map-top-10": 0.35383331775665283,
    "map-top-20": 0.3494452238082886,
    "map": 0.31328269839286804,
    "mrr-top-1": 0.27716729044914246,
    "mrr-top-3": 0.34065935015678406,
    "mrr-top-5": 0.35866910219192505,
    "mrr-top-10": 0.3728099763393402,
    "mrr-top-20": 0.37925031781196594,
    "mrr": 0.38472962379455566,
    "retrieval-precision-top-1": 0.27716729044914246,
    "retrieval-precision-top-3": 0.1786731779575348,
    "retrieval-precision-top-5": 0.13919414579868317,
    "retrieval-precision-top-10": 0.09731380641460419,
    "retrieval-precision-top-20": 0.06379731744527817,
    "retrieval-precision": 0.005885621532797813,
    "retrieval-recall-top-1": 0.17650657892227173,
    "retrieval-recall-top-3": 0.30041083693504333,
    "retrieval-recall-top-5": 0.36122119426727295,
    "retrieval-recall-top-10": 0.4542195796966553,
    "retrieval-recall-top-20": 0.5463476777076721,
    "retrieval-recall": 1.0,
    "r-precision": 0.2449548989534378
  }
}