{
  "train": null,
  "validation": null,
  "test": {
    "hit-rate-top-1": 0.30342206358909607,
    "hit-rate-top-3": 0.49505704641342163,
    "hit-rate-top-5": 0.578707218170166,
    "hit-rate-top-10": 0.7049429416656494,
    "hit-rate-top-20": 0.8114068508148193,
    "hit-rate": 1.0,
    "map-top-1": 0.30342206358909607,
    "map-top-3": 0.3849809765815735,
    "map-top-5": 0.4001246690750122,
    "map-top-10": 0.41042977571487427,
    "map-top-20": 0.41016510128974915,
    "map": 0.378785640001297,
    "mrr-top-1": 0.30342206358909607,
    "mrr-top-3": 0.3866920471191406,
    "mrr-top-5": 0.40547528862953186,
    "mrr-top-10": 0.4226546585559845,
    "mrr-top-20": 0.4300857484340668,
    "mrr": 0.43422043323516846,
    "retrieval-precision-top-1": 0.30342206358909607,
    "retrieval-precision-top-3": 0.1863117814064026,
    "retrieval-precision-top-5": 0.138707235455513,
    "retrieval-precision-top-10": 0.09277567267417908,
    "retrieval-precision-top-20": 0.06053232401609421,
    "retrieval-precision": 0.005649717990309,
    "retrieval-recall-top-1": 0.2361031472682953,
    "retrieval-recall-top-3": 0.3924960196018219,
    "retrieval-recall-top-5": 0.4685526490211487,
    "retrieval-recall-top-10": 0.5811226963996887,
    "retrieval-recall-top-20": 0.6837430000305176,
    "retrieval-recall": 1.0,
    "r-precision": 0.284212201833725
  },
  "details": null
}