{
  "thrift-sub-tokens-bm25": {
    "retrieval-precision-top-1": {
      "p-value": 7.75569841577775e-07,
      "statistic": 0.135764090017487
    },
    "retrieval-precision-top-5": {
      "p-value": 1.0732833534746776e-07,
      "statistic": 0.14589098451266308
    },
    "retrieval-precision-top-10": {
      "p-value": 5.52135919231001e-05,
      "statistic": 0.11096053954308224
    },
    "hit-rate-top-5": {
      "p-value": 5.761667936751821e-08,
      "statistic": 0.1489369788056201
    },
    "hit-rate-top-10": {
      "p-value": 1.6475387458971708e-07,
      "statistic": 0.14375568368084085
    },
    "retrieval-recall-top-1": {
      "p-value": 2.8429229871406565e-07,
      "statistic": 0.1409917050693663
    },
    "retrieval-recall-top-5": {
      "p-value": 6.659950223179898e-09,
      "statistic": 0.1590553233182543
    },
    "retrieval-recall-top-10": {
      "p-value": 3.4453138827332644e-08,
      "statistic": 0.15140918798104375
    },
    "r-precision": {
      "p-value": 1.312500512522322e-06,
      "statistic": 0.13294423790264848
    },
    "mrr": {
      "p-value": 1.951923163077331e-09,
      "statistic": 0.16453400967309503
    }
  },
  "thrift-sub-tokens-lsa-1000": {
    "retrieval-precision-top-1": {
      "p-value": 0.005667366607178873,
      "statistic": 0.07624954721339049
    },
    "retrieval-precision-top-5": {
      "p-value": 1.8247719930204607e-05,
      "statistic": 0.1178734617668481
    },
    "retrieval-precision-top-10": {
      "p-value": 6.30025936051815e-05,
      "statistic": 0.11010964887785821
    },
    "hit-rate-top-5": {
      "p-value": 5.351888539350963e-06,
      "statistic": 0.1251118759005411
    },
    "hit-rate-top-10": {
      "p-value": 2.058099244766811e-05,
      "statistic": 0.1171406723442987
    },
    "retrieval-recall-top-1": {
      "p-value": 0.0029524684595619655,
      "statistic": 0.08191483854264263
    },
    "retrieval-recall-top-5": {
      "p-value": 4.881031989964264e-07,
      "statistic": 0.13820005232196117
    },
    "retrieval-recall-top-10": {
      "p-value": 4.491796473295301e-07,
      "statistic": 0.13863281864463925
    },
    "r-precision": {
      "p-value": 0.00039936980235472823,
      "statistic": 0.09749418920977725
    },
    "mrr": {
      "p-value": 2.545863966021463e-06,
      "statistic": 0.12930885187866914
    }
  },
  "thrift-sub-tokens-lsa-500": {
    "retrieval-precision-top-1": {
      "p-value": 0.0018994019253521766,
      "statistic": 0.08556345082692383
    },
    "retrieval-precision-top-5": {
      "p-value": 1.2192992229498912e-06,
      "statistic": 0.13334250998763342
    },
    "retrieval-precision-top-10": {
      "p-value": 1.7558035065485235e-05,
      "statistic": 0.11810719434707884
    },
    "hit-rate-top-5": {
      "p-value": 7.120923810086277e-07,
      "statistic": 0.1362164571617057
    },
    "hit-rate-top-10": {
      "p-value": 4.429210767751227e-06,
      "statistic": 0.12619344335627822
    },
    "retrieval-recall-top-1": {
      "p-value": 0.0011517745002576892,
      "statistic": 0.08954372439092037
    },
    "retrieval-recall-top-5": {
      "p-value": 3.146670316483869e-08,
      "statistic": 0.1518409820630749
    },
    "retrieval-recall-top-10": {
      "p-value": 4.913046837130544e-08,
      "statistic": 0.1497073232883441
    },
    "r-precision": {
      "p-value": 0.0002955105413936079,
      "statistic": 0.09965077407453375
    },
    "mrr": {
      "p-value": 6.195854598588138e-07,
      "statistic": 0.13695055788522117
    }
  },
  "thrift-sub-tokens-rvsm": {
    "retrieval-precision-top-1": {
      "p-value": 1.0439302609378233e-11,
      "statistic": 0.18606500168410386
    },
    "retrieval-precision-top-5": {
      "p-value": 1.3238735418734749e-13,
      "statistic": 0.2022475761222875
    },
    "retrieval-precision-top-10": {
      "p-value": 2.846370396089339e-10,
      "statistic": 0.17277682411700002
    },
    "hit-rate-top-5": {
      "p-value": 2.6504591071005988e-15,
      "statistic": 0.2156629401839749
    },
    "hit-rate-top-10": {
      "p-value": 9.942779631553886e-12,
      "statistic": 0.1862536192293702
    },
    "retrieval-recall-top-1": {
      "p-value": 9.42658412362154e-13,
      "statistic": 0.19514750832190556
    },
    "retrieval-recall-top-5": {
      "p-value": 2.5891999992750776e-17,
      "statistic": 0.23046966361923993
    },
    "retrieval-recall-top-10": {
      "p-value": 1.794052734184459e-13,
      "statistic": 0.20116548824710628
    },
    "r-precision": {
      "p-value": 1.0291487042118828e-14,
      "statistic": 0.2111119702064674
    },
    "mrr": {
      "p-value": 3.1822357229782845e-19,
      "statistic": 0.24364343541929678
    }
  },
  "thrift-sub-tokens-tfidf": {
    "retrieval-precision-top-1": {
      "p-value": 0.003260497129097329,
      "statistic": 0.08107451615962556
    },
    "retrieval-precision-top-5": {
      "p-value": 1.9111684451471256e-05,
      "statistic": 0.11759225024537442
    },
    "retrieval-precision-top-10": {
      "p-value": 8.160364516507823e-05,
      "statistic": 0.1084237028742257
    },
    "hit-rate-top-5": {
      "p-value": 3.273569895777665e-06,
      "statistic": 0.12790340638030612
    },
    "hit-rate-top-10": {
      "p-value": 2.662254804042531e-05,
      "statistic": 0.1155585476475951
    },
    "retrieval-recall-top-1": {
      "p-value": 0.0013603544590993454,
      "statistic": 0.08823687084941782
    },
    "retrieval-recall-top-5": {
      "p-value": 2.858945231820738e-07,
      "statistic": 0.14096295640550133
    },
    "retrieval-recall-top-10": {
      "p-value": 6.332378039555078e-07,
      "statistic": 0.1368358319265689
    },
    "r-precision": {
      "p-value": 0.00023009247647004521,
      "statistic": 0.10141084720394498
    },
    "mrr": {
      "p-value": 2.5261612772074706e-06,
      "statistic": 0.12935205045891435
    }
  }
}