{
  "train": null,
  "validation": null,
  "test": {
    "hit-rate-top-1": 0.38842976093292236,
    "hit-rate-top-3": 0.5640496015548706,
    "hit-rate-top-5": 0.6415289044380188,
    "hit-rate-top-10": 0.7365702390670776,
    "hit-rate-top-20": 0.8037189841270447,
    "hit-rate": 1.0,
    "map-top-1": 0.38842976093292236,
    "map-top-3": 0.46298208832740784,
    "map-top-5": 0.4701245427131653,
    "map-top-10": 0.4618556797504425,
    "map-top-20": 0.43939098715782166,
    "map": 0.37725457549095154,
    "mrr-top-1": 0.38842976093292236,
    "mrr-top-3": 0.46745869517326355,
    "mrr-top-5": 0.48491737246513367,
    "mrr-top-10": 0.4982355833053589,
    "mrr-top-20": 0.5027462840080261,
    "mrr": 0.5062095522880554,
    "retrieval-precision-top-1": 0.38842976093292236,
    "retrieval-precision-top-3": 0.2517217695713043,
    "retrieval-precision-top-5": 0.1975206732749939,
    "retrieval-precision-top-10": 0.142665296792984,
    "retrieval-precision-top-20": 0.09953511506319046,
    "retrieval-precision": 0.015301467850804329,
    "retrieval-recall-top-1": 0.19961696863174438,
    "retrieval-recall-top-3": 0.33254921436309814,
    "retrieval-recall-top-5": 0.39997389912605286,
    "retrieval-recall-top-10": 0.49938270449638367,
    "retrieval-recall-top-20": 0.6000258326530457,
    "retrieval-recall": 1.0,
    "r-precision": 0.3106127977371216
  }
}