{
  "train": null,
  "validation": null,
  "test": {
    "hit-rate-top-1": 0.08543417602777481,
    "hit-rate-top-3": 0.16806723177433014,
    "hit-rate-top-5": 0.228291317820549,
    "hit-rate-top-10": 0.3067227005958557,
    "hit-rate-top-20": 0.42016807198524475,
    "hit-rate": 1.0,
    "map-top-1": 0.08543417602777481,
    "map-top-3": 0.11951447278261185,
    "map-top-5": 0.13252024352550507,
    "map-top-10": 0.139798104763031,
    "map-top-20": 0.1429145336151123,
    "map": 0.11870238184928894,
    "mrr-top-1": 0.08543417602777481,
    "mrr-top-3": 0.12091503292322159,
    "mrr-top-5": 0.13450045883655548,
    "mrr-top-10": 0.144505575299263,
    "mrr-top-20": 0.15229210257530212,
    "mrr": 0.16042983531951904,
    "retrieval-precision-top-1": 0.08543417602777481,
    "retrieval-precision-top-3": 0.06162464991211891,
    "retrieval-precision-top-5": 0.05378151312470436,
    "retrieval-precision-top-10": 0.04047619178891182,
    "retrieval-precision-top-20": 0.031092438846826553,
    "retrieval-precision": 0.0007367201033048332,
    "retrieval-recall-top-1": 0.056272100657224655,
    "retrieval-recall-top-3": 0.10784490406513214,
    "retrieval-recall-top-5": 0.14531128108501434,
    "retrieval-recall-top-10": 0.20364902913570404,
    "retrieval-recall-top-20": 0.28430163860321045,
    "retrieval-recall": 1.0,
    "r-precision": 0.08007220178842545
  },
  "details": null
}