{
  "train": null,
  "validation": null,
  "test": {
    "hit-rate-top-1": 0.35756972432136536,
    "hit-rate-top-3": 0.5567728877067566,
    "hit-rate-top-5": 0.6464143395423889,
    "hit-rate-top-10": 0.7739043831825256,
    "hit-rate-top-20": 0.8695219159126282,
    "hit-rate": 1.0,
    "map-top-1": 0.35756972432136536,
    "map-top-3": 0.43733397126197815,
    "map-top-5": 0.4496140480041504,
    "map-top-10": 0.449198454618454,
    "map-top-20": 0.43720319867134094,
    "map": 0.4030475318431854,
    "mrr-top-1": 0.35756972432136536,
    "mrr-top-3": 0.44272908568382263,
    "mrr-top-5": 0.46299800276756287,
    "mrr-top-10": 0.480184406042099,
    "mrr-top-20": 0.48684534430503845,
    "mrr": 0.48951366543769836,
    "retrieval-precision-top-1": 0.35756972432136536,
    "retrieval-precision-top-3": 0.24169985949993134,
    "retrieval-precision-top-5": 0.18924304842948914,
    "retrieval-precision-top-10": 0.1327689290046692,
    "retrieval-precision-top-20": 0.08710159361362457,
    "retrieval-precision": 0.01422689575701952,
    "retrieval-recall-top-1": 0.20712773501873016,
    "retrieval-recall-top-3": 0.3793923556804657,
    "retrieval-recall-top-5": 0.4713333547115326,
    "retrieval-recall-top-10": 0.6124671101570129,
    "retrieval-recall-top-20": 0.7405331134796143,
    "retrieval-recall": 1.0,
    "r-precision": 0.304382860660553
  }
}