{
  "maven-sub-tokens-bm25": {
    "retrieval-precision-top-1": {
      "p-value": 0.006363463655745218,
      "statistic": 0.09532612396870234
    },
    "retrieval-precision-top-5": {
      "p-value": 6.950042695579138e-05,
      "statistic": 0.13862705172453071
    },
    "retrieval-precision-top-10": {
      "p-value": 0.00014449363099122212,
      "statistic": 0.13249241376882037
    },
    "hit-rate-top-5": {
      "p-value": 4.558576120313515e-05,
      "statistic": 0.142048908269635
    },
    "hit-rate-top-10": {
      "p-value": 2.768345175151279e-05,
      "statistic": 0.14599769696677783
    },
    "retrieval-recall-top-1": {
      "p-value": 0.004795300301376491,
      "statistic": 0.09852613853995518
    },
    "retrieval-recall-top-5": {
      "p-value": 4.027305997095754e-05,
      "statistic": 0.14303959908015432
    },
    "retrieval-recall-top-10": {
      "p-value": 8.965680432446323e-06,
      "statistic": 0.15456860616993923
    },
    "r-precision": {
      "p-value": 0.002903211215440228,
      "statistic": 0.10399310193889956
    },
    "mrr": {
      "p-value": 1.8035271360461403e-09,
      "statistic": 0.2083024584041074
    }
  },
  "maven-sub-tokens-lsa-1000": {
    "retrieval-precision-top-1": {
      "p-value": 1.0085969209888901e-05,
      "statistic": 0.15369500490539267
    },
    "retrieval-precision-top-5": {
      "p-value": 1.5799599513336245e-06,
      "statistic": 0.16693376361184117
    },
    "retrieval-precision-top-10": {
      "p-value": 3.0099292168193896e-05,
      "statistic": 0.14534240336887852
    },
    "hit-rate-top-5": {
      "p-value": 1.0951630172403027e-06,
      "statistic": 0.16943122714495792
    },
    "hit-rate-top-10": {
      "p-value": 4.232067523447923e-05,
      "statistic": 0.14264388114824939
    },
    "retrieval-recall-top-1": {
      "p-value": 3.6688679405390267e-06,
      "statistic": 0.16104860422050252
    },
    "retrieval-recall-top-5": {
      "p-value": 9.248727544119435e-08,
      "statistic": 0.18540232638485446
    },
    "retrieval-recall-top-10": {
      "p-value": 2.5230027722567414e-07,
      "statistic": 0.17908927588781218
    },
    "r-precision": {
      "p-value": 0.0006072591175448565,
      "statistic": 0.11962175512074065
    },
    "mrr": {
      "p-value": 4.79990039103184e-07,
      "statistic": 0.17492340225595987
    }
  },
  "maven-sub-tokens-lsa-500": {
    "retrieval-precision-top-1": {
      "p-value": 4.1109738392699746e-06,
      "statistic": 0.1602376243144687
    },
    "retrieval-precision-top-5": {
      "p-value": 1.8551881087829713e-05,
      "statistic": 0.1490946203083565
    },
    "retrieval-precision-top-10": {
      "p-value": 2.1560966089592626e-05,
      "statistic": 0.1479388731529291
    },
    "hit-rate-top-5": {
      "p-value": 9.02451096049144e-06,
      "statistic": 0.15452020426093868
    },
    "hit-rate-top-10": {
      "p-value": 1.196648157114595e-05,
      "statistic": 0.1524179157461902
    },
    "retrieval-recall-top-1": {
      "p-value": 1.8644268502586435e-06,
      "statistic": 0.1657934620790317
    },
    "retrieval-recall-top-5": {
      "p-value": 9.131872823873941e-07,
      "statistic": 0.17065615021316413
    },
    "retrieval-recall-top-10": {
      "p-value": 1.2616250481407907e-07,
      "statistic": 0.1834724080411356
    },
    "r-precision": {
      "p-value": 0.0005383517449043043,
      "statistic": 0.1207495243469597
    },
    "mrr": {
      "p-value": 5.522185431085323e-07,
      "statistic": 0.17400222156111783
    }
  },
  "maven-sub-tokens-rvsm": {
    "retrieval-precision-top-1": {
      "p-value": 1.1886331545295838e-06,
      "statistic": 0.16887628007916658
    },
    "retrieval-precision-top-5": {
      "p-value": 2.5347763047441508e-09,
      "statistic": 0.2064260718832343
    },
    "retrieval-precision-top-10": {
      "p-value": 3.987267592706035e-11,
      "statistic": 0.22821755418651543
    },
    "hit-rate-top-5": {
      "p-value": 1.8941847521870524e-10,
      "statistic": 0.22030579891777097
    },
    "hit-rate-top-10": {
      "p-value": 1.0565627345955008e-13,
      "statistic": 0.2559603985022103
    },
    "retrieval-recall-top-1": {
      "p-value": 8.907620758504622e-07,
      "statistic": 0.17082307564002824
    },
    "retrieval-recall-top-5": {
      "p-value": 2.3958463496075517e-10,
      "statistic": 0.21908661141925262
    },
    "retrieval-recall-top-10": {
      "p-value": 4.1250195331137413e-14,
      "statistic": 0.26006220775481925
    },
    "r-precision": {
      "p-value": 4.523458978495467e-05,
      "statistic": 0.14211092820570323
    },
    "mrr": {
      "p-value": 4.8300193484976964e-18,
      "statistic": 0.2963249092612741
    }
  },
  "maven-sub-tokens-tfidf": {
    "retrieval-precision-top-1": {
      "p-value": 7.5568613059120895e-06,
      "statistic": 0.15582856314035898
    },
    "retrieval-precision-top-5": {
      "p-value": 6.5024248685211554e-06,
      "statistic": 0.15692810843115682
    },
    "retrieval-precision-top-10": {
      "p-value": 5.074407061666882e-05,
      "statistic": 0.14118653981026066
    },
    "hit-rate-top-5": {
      "p-value": 1.9574045191165925e-06,
      "statistic": 0.16545679463015658
    },
    "hit-rate-top-10": {
      "p-value": 1.87394180568355e-05,
      "statistic": 0.14901755257682647
    },
    "retrieval-recall-top-1": {
      "p-value": 1.3756870143182886e-06,
      "statistic": 0.1678814999107207
    },
    "retrieval-recall-top-5": {
      "p-value": 1.7950792545033048e-07,
      "statistic": 0.18125541270373927
    },
    "retrieval-recall-top-10": {
      "p-value": 1.5664408799655658e-07,
      "statistic": 0.18211514922126998
    },
    "r-precision": {
      "p-value": 0.0004784916626108377,
      "statistic": 0.12184405978014541
    },
    "mrr": {
      "p-value": 1.830160103818672e-07,
      "statistic": 0.1811329486278048
    }
  }
}