{
  "train": null,
  "validation": null,
  "test": {
    "hit-rate-top-1": 0.2534722089767456,
    "hit-rate-top-3": 0.4722222089767456,
    "hit-rate-top-5": 0.5578703880310059,
    "hit-rate-top-10": 0.6805555820465088,
    "hit-rate-top-20": 0.7928240895271301,
    "hit-rate": 1.0,
    "map-top-1": 0.2534722089767456,
    "map-top-3": 0.3446180522441864,
    "map-top-5": 0.35869666934013367,
    "map-top-10": 0.3675994575023651,
    "map-top-20": 0.36147645115852356,
    "map": 0.33161163330078125,
    "mrr-top-1": 0.2534722089767456,
    "mrr-top-3": 0.34702935814857483,
    "mrr-top-5": 0.36711031198501587,
    "mrr-top-10": 0.3839363753795624,
    "mrr-top-20": 0.39172306656837463,
    "mrr": 0.39618727564811707,
    "retrieval-precision-top-1": 0.2534722089767456,
    "retrieval-precision-top-3": 0.19521604478359222,
    "retrieval-precision-top-5": 0.15393520891666412,
    "retrieval-precision-top-10": 0.10706019401550293,
    "retrieval-precision-top-20": 0.07170138508081436,
    "retrieval-precision": 0.0062158796936273575,
    "retrieval-recall-top-1": 0.15930651128292084,
    "retrieval-recall-top-3": 0.34045013785362244,
    "retrieval-recall-top-5": 0.42052653431892395,
    "retrieval-recall-top-10": 0.5338540077209473,
    "retrieval-recall-top-20": 0.6622314453125,
    "retrieval-recall": 1.0,
    "r-precision": 0.22796975076198578
  }
}