{
  "train": null,
  "validation": null,
  "test": {
    "hit-rate-top-1": 0.29745370149612427,
    "hit-rate-top-3": 0.46759259700775146,
    "hit-rate-top-5": 0.5381944179534912,
    "hit-rate-top-10": 0.65625,
    "hit-rate-top-20": 0.7766203880310059,
    "hit-rate": 1.0,
    "map-top-1": 0.29745370149612427,
    "map-top-3": 0.36834490299224854,
    "map-top-5": 0.37825679779052734,
    "map-top-10": 0.37993815541267395,
    "map-top-20": 0.373279333114624,
    "map": 0.3442986011505127,
    "mrr-top-1": 0.29745370149612427,
    "mrr-top-3": 0.3715277910232544,
    "mrr-top-5": 0.38744214177131653,
    "mrr-top-10": 0.4027070701122284,
    "mrr-top-20": 0.41089874505996704,
    "mrr": 0.41618481278419495,
    "retrieval-precision-top-1": 0.29745370149612427,
    "retrieval-precision-top-3": 0.20293207466602325,
    "retrieval-precision-top-5": 0.15439815819263458,
    "retrieval-precision-top-10": 0.10914353281259537,
    "retrieval-precision-top-20": 0.07424768805503845,
    "retrieval-precision": 0.0062158796936273575,
    "retrieval-recall-top-1": 0.17791445553302765,
    "retrieval-recall-top-3": 0.3324914276599884,
    "retrieval-recall-top-5": 0.40440502762794495,
    "retrieval-recall-top-10": 0.5265941619873047,
    "retrieval-recall-top-20": 0.6613949537277222,
    "retrieval-recall": 1.0,
    "r-precision": 0.24799178540706635
  }
}