{
  "train": null,
  "validation": null,
  "test": {
    "hit-rate-top-1": 0.2954545319080353,
    "hit-rate-top-3": 0.45351240038871765,
    "hit-rate-top-5": 0.5619834661483765,
    "hit-rate-top-10": 0.6942148804664612,
    "hit-rate-top-20": 0.8068181872367859,
    "hit-rate": 1.0,
    "map-top-1": 0.2954545319080353,
    "map-top-3": 0.36131200194358826,
    "map-top-5": 0.3778739273548126,
    "map-top-10": 0.3787977993488312,
    "map-top-20": 0.36664506793022156,
    "map": 0.3097240924835205,
    "mrr-top-1": 0.2954545319080353,
    "mrr-top-3": 0.3641528785228729,
    "mrr-top-5": 0.38884297013282776,
    "mrr-top-10": 0.4060298502445221,
    "mrr-top-20": 0.4141997992992401,
    "mrr": 0.41833120584487915,
    "retrieval-precision-top-1": 0.2954545319080353,
    "retrieval-precision-top-3": 0.19111569225788116,
    "retrieval-precision-top-5": 0.15743803977966309,
    "retrieval-precision-top-10": 0.11559917777776718,
    "retrieval-precision-top-20": 0.08347107470035553,
    "retrieval-precision": 0.015301467850804329,
    "retrieval-recall-top-1": 0.15998485684394836,
    "retrieval-recall-top-3": 0.26207029819488525,
    "retrieval-recall-top-5": 0.3385239839553833,
    "retrieval-recall-top-10": 0.45070669054985046,
    "retrieval-recall-top-20": 0.5664283037185669,
    "retrieval-recall": 1.0,
    "r-precision": 0.2459833323955536
  },
  "details": null
}