{
  "train": null,
  "validation": null,
  "test": {
    "hit-rate-top-1": 0.4163346588611603,
    "hit-rate-top-3": 0.5986055731773376,
    "hit-rate-top-5": 0.6643426418304443,
    "hit-rate-top-10": 0.7430278658866882,
    "hit-rate-top-20": 0.8177290558815002,
    "hit-rate": 1.0,
    "map-top-1": 0.4163346588611603,
    "map-top-3": 0.49410688877105713,
    "map-top-5": 0.4985502362251282,
    "map-top-10": 0.49103301763534546,
    "map-top-20": 0.4796539545059204,
    "map": 0.4327213764190674,
    "mrr-top-1": 0.4163346588611603,
    "mrr-top-3": 0.498339980840683,
    "mrr-top-5": 0.5131806135177612,
    "mrr-top-10": 0.5240870118141174,
    "mrr-top-20": 0.5292252898216248,
    "mrr": 0.5329386591911316,
    "retrieval-precision-top-1": 0.4163346588611603,
    "retrieval-precision-top-3": 0.25763607025146484,
    "retrieval-precision-top-5": 0.18944226205348969,
    "retrieval-precision-top-10": 0.12639442086219788,
    "retrieval-precision-top-20": 0.08157370984554291,
    "retrieval-precision": 0.01422689575701952,
    "retrieval-recall-top-1": 0.2560333013534546,
    "retrieval-recall-top-3": 0.4174473285675049,
    "retrieval-recall-top-5": 0.4832826852798462,
    "retrieval-recall-top-10": 0.5833531022071838,
    "retrieval-recall-top-20": 0.6833489537239075,
    "retrieval-recall": 1.0,
    "r-precision": 0.35422781109809875
  }
}