{
  "train": null,
  "validation": null,
  "test": {
    "hit-rate-top-1": 0.3368821144104004,
    "hit-rate-top-3": 0.48593154549598694,
    "hit-rate-top-5": 0.5581749081611633,
    "hit-rate-top-10": 0.6562737822532654,
    "hit-rate-top-20": 0.7368821501731873,
    "hit-rate": 1.0,
    "map-top-1": 0.3368821144104004,
    "map-top-3": 0.40228137373924255,
    "map-top-5": 0.41570761799812317,
    "map-top-10": 0.4203072488307953,
    "map-top-20": 0.4196511507034302,
    "map": 0.3934732675552368,
    "mrr-top-1": 0.3368821144104004,
    "mrr-top-3": 0.4043092727661133,
    "mrr-top-5": 0.42081117630004883,
    "mrr-top-10": 0.4338279068470001,
    "mrr-top-20": 0.4394824504852295,
    "mrr": 0.444316029548645,
    "retrieval-precision-top-1": 0.3368821144104004,
    "retrieval-precision-top-3": 0.20126739144325256,
    "retrieval-precision-top-5": 0.15163500607013702,
    "retrieval-precision-top-10": 0.10441064834594727,
    "retrieval-precision-top-20": 0.06851711124181747,
    "retrieval-precision": 0.005649717990309,
    "retrieval-recall-top-1": 0.24694408476352692,
    "retrieval-recall-top-3": 0.3846106231212616,
    "retrieval-recall-top-5": 0.4459824562072754,
    "retrieval-recall-top-10": 0.5444187521934509,
    "retrieval-recall-top-20": 0.6381434798240662,
    "retrieval-recall": 1.0,
    "r-precision": 0.3135398328304291
  }
}