{
  "train": null,
  "validation": null,
  "test": {
    "hit-rate-top-1": 0.08543417602777481,
    "hit-rate-top-3": 0.1666666716337204,
    "hit-rate-top-5": 0.228291317820549,
    "hit-rate-top-10": 0.3123249411582947,
    "hit-rate-top-20": 0.40336135029792786,
    "hit-rate": 1.0,
    "map-top-1": 0.08543417602777481,
    "map-top-3": 0.1190476194024086,
    "map-top-5": 0.13162153959274292,
    "map-top-10": 0.1399254947900772,
    "map-top-20": 0.14017453789710999,
    "map": 0.1172025129199028,
    "mrr-top-1": 0.08543417602777481,
    "mrr-top-3": 0.1190476194024086,
    "mrr-top-5": 0.13284313678741455,
    "mrr-top-10": 0.14444500207901,
    "mrr-top-20": 0.15099170804023743,
    "mrr": 0.15859214961528778,
    "retrieval-precision-top-1": 0.08543417602777481,
    "retrieval-precision-top-3": 0.06582633405923843,
    "retrieval-precision-top-5": 0.05910364165902138,
    "retrieval-precision-top-10": 0.04691876843571663,
    "retrieval-precision-top-20": 0.035784315317869186,
    "retrieval-precision": 0.0007367201033048332,
    "retrieval-recall-top-1": 0.04842624440789223,
    "retrieval-recall-top-3": 0.09622940421104431,
    "retrieval-recall-top-5": 0.13814376294612885,
    "retrieval-recall-top-10": 0.20060907304286957,
    "retrieval-recall-top-20": 0.27483734488487244,
    "retrieval-recall": 1.0,
    "r-precision": 0.07836257666349411
  }
}