{
  "train": null,
  "validation": null,
  "test": {
    "hit-rate-top-1": 0.3346007466316223,
    "hit-rate-top-3": 0.5186311602592468,
    "hit-rate-top-5": 0.5931559205055237,
    "hit-rate-top-10": 0.7034220695495605,
    "hit-rate-top-20": 0.7916349768638611,
    "hit-rate": 1.0,
    "map-top-1": 0.3346007466316223,
    "map-top-3": 0.4112801253795624,
    "map-top-5": 0.42635613679885864,
    "map-top-10": 0.4328061044216156,
    "map-top-20": 0.4316440224647522,
    "map": 0.4068624973297119,
    "mrr-top-1": 0.3346007466316223,
    "mrr-top-3": 0.4133079946041107,
    "mrr-top-5": 0.4301900863647461,
    "mrr-top-10": 0.44498881697654724,
    "mrr-top-20": 0.4511401355266571,
    "mrr": 0.4553896188735962,
    "retrieval-precision-top-1": 0.3346007466316223,
    "retrieval-precision-top-3": 0.2131812572479248,
    "retrieval-precision-top-5": 0.16121673583984375,
    "retrieval-precision-top-10": 0.11064639687538147,
    "retrieval-precision-top-20": 0.07292775809764862,
    "retrieval-precision": 0.005649717990309,
    "retrieval-recall-top-1": 0.24360908567905426,
    "retrieval-recall-top-3": 0.40909233689308167,
    "retrieval-recall-top-5": 0.48053959012031555,
    "retrieval-recall-top-10": 0.6004276275634766,
    "retrieval-recall-top-20": 0.6964425444602966,
    "retrieval-recall": 1.0,
    "r-precision": 0.3139357566833496
  }
}