{
  "train": null,
  "validation": null,
  "test": {
    "hit-rate-top-1": 0.32870370149612427,
    "hit-rate-top-3": 0.5509259104728699,
    "hit-rate-top-5": 0.6226851940155029,
    "hit-rate-top-10": 0.7465277910232544,
    "hit-rate-top-20": 0.8356481194496155,
    "hit-rate": 1.0,
    "map-top-1": 0.32870370149612427,
    "map-top-3": 0.42303240299224854,
    "map-top-5": 0.43236401677131653,
    "map-top-10": 0.43766024708747864,
    "map-top-20": 0.42985111474990845,
    "map": 0.38837525248527527,
    "mrr-top-1": 0.32870370149612427,
    "mrr-top-3": 0.4253472089767456,
    "mrr-top-5": 0.4417245388031006,
    "mrr-top-10": 0.4582906663417816,
    "mrr-top-20": 0.46435144543647766,
    "mrr": 0.4678284823894501,
    "retrieval-precision-top-1": 0.32870370149612427,
    "retrieval-precision-top-3": 0.22800925374031067,
    "retrieval-precision-top-5": 0.17407408356666565,
    "retrieval-precision-top-10": 0.11678241938352585,
    "retrieval-precision-top-20": 0.07569444924592972,
    "retrieval-precision": 0.0062158796936273575,
    "retrieval-recall-top-1": 0.21583913266658783,
    "retrieval-recall-top-3": 0.40039360523223877,
    "retrieval-recall-top-5": 0.4687555730342865,
    "retrieval-recall-top-10": 0.5916414856910706,
    "retrieval-recall-top-20": 0.7019582390785217,
    "retrieval-recall": 1.0,
    "r-precision": 0.29361480474472046
  },
  "details": null
}