{
  "thrift-no-sub-tokens-bm25": {
    "retrieval-precision-top-1": {
      "p-value": 2.740788950892033e-08,
      "statistic": 0.1533065107562312
    },
    "retrieval-precision-top-5": {
      "p-value": 7.193125293335908e-11,
      "statistic": 0.17937298866946266
    },
    "retrieval-precision-top-10": {
      "p-value": 1.353882193532317e-07,
      "statistic": 0.1455075038162111
    },
    "hit-rate-top-5": {
      "p-value": 4.6000462066551506e-11,
      "statistic": 0.181180337355924
    },
    "hit-rate-top-10": {
      "p-value": 1.1274135538259076e-10,
      "statistic": 0.17753725540571802
    },
    "retrieval-recall-top-1": {
      "p-value": 3.718951107238641e-08,
      "statistic": 0.1518469374393815
    },
    "retrieval-recall-top-5": {
      "p-value": 1.2853746203671396e-12,
      "statistic": 0.19502400271501058
    },
    "retrieval-recall-top-10": {
      "p-value": 1.0003522627582143e-10,
      "statistic": 0.1780276025054321
    },
    "r-precision": {
      "p-value": 4.457342274829307e-08,
      "statistic": 0.15097418786618239
    },
    "mrr": {
      "p-value": 9.719202918288814e-13,
      "statistic": 0.1960630159658354
    }
  },
  "thrift-no-sub-tokens-lsa-1000": {
    "retrieval-precision-top-1": {
      "p-value": 3.806572887878436e-06,
      "statistic": 0.12773049040913698
    },
    "retrieval-precision-top-5": {
      "p-value": 1.1586626271196959e-08,
      "statistic": 0.15735166430890096
    },
    "retrieval-precision-top-10": {
      "p-value": 1.5404527108361804e-07,
      "statistic": 0.14485912126950895
    },
    "hit-rate-top-5": {
      "p-value": 3.1898015738137095e-08,
      "statistic": 0.15258268496267796
    },
    "hit-rate-top-10": {
      "p-value": 4.7976246185994404e-08,
      "statistic": 0.1506182448707056
    },
    "retrieval-recall-top-1": {
      "p-value": 3.852691430572989e-06,
      "statistic": 0.1276620074163257
    },
    "retrieval-recall-top-5": {
      "p-value": 3.480606184093447e-10,
      "statistic": 0.17284479627240634
    },
    "retrieval-recall-top-10": {
      "p-value": 1.1173703387994368e-10,
      "statistic": 0.17757399755538206
    },
    "r-precision": {
      "p-value": 3.8082515784232856e-06,
      "statistic": 0.12772798376582284
    },
    "mrr": {
      "p-value": 1.8834753077199933e-10,
      "statistic": 0.17541687454266286
    }
  },
  "thrift-no-sub-tokens-lsa-500": {
    "retrieval-precision-top-1": {
      "p-value": 4.263708498016555e-06,
      "statistic": 0.1270841667393978
    },
    "retrieval-precision-top-5": {
      "p-value": 7.192234547115375e-12,
      "statistic": 0.18849211346018005
    },
    "retrieval-precision-top-10": {
      "p-value": 2.139613550017471e-08,
      "statistic": 0.1544806913164245
    },
    "hit-rate-top-5": {
      "p-value": 5.849215554541805e-12,
      "statistic": 0.18928852000984742
    },
    "hit-rate-top-10": {
      "p-value": 2.131761911398778e-08,
      "statistic": 0.15449805756813176
    },
    "retrieval-recall-top-1": {
      "p-value": 4.897429720528683e-06,
      "statistic": 0.12629016572526386
    },
    "retrieval-recall-top-5": {
      "p-value": 1.0162967092284465e-12,
      "statistic": 0.19589745031222322
    },
    "retrieval-recall-top-10": {
      "p-value": 4.222013898578413e-10,
      "statistic": 0.17202790352071967
    },
    "r-precision": {
      "p-value": 6.867955159837915e-06,
      "statistic": 0.12433229893695699
    },
    "mrr": {
      "p-value": 1.8208677050811391e-10,
      "statistic": 0.1755573536578522
    }
  },
  "thrift-no-sub-tokens-rvsm": {
    "retrieval-precision-top-1": {
      "p-value": 9.24202120027929e-14,
      "statistic": 0.20459039853107852
    },
    "retrieval-precision-top-5": {
      "p-value": 5.225562261204716e-15,
      "statistic": 0.21451913349667767
    },
    "retrieval-precision-top-10": {
      "p-value": 2.471332373136904e-13,
      "statistic": 0.20107187515010774
    },
    "hit-rate-top-5": {
      "p-value": 2.5066560360791656e-15,
      "statistic": 0.2169806855442188
    },
    "hit-rate-top-10": {
      "p-value": 1.5734718301259838e-15,
      "statistic": 0.21852571638673765
    },
    "retrieval-recall-top-1": {
      "p-value": 2.431668104846349e-13,
      "statistic": 0.20113027828068955
    },
    "retrieval-recall-top-5": {
      "p-value": 1.8443797108794e-16,
      "statistic": 0.2254922372402172
    },
    "retrieval-recall-top-10": {
      "p-value": 3.9385441099335325e-15,
      "statistic": 0.21547013241351545
    },
    "r-precision": {
      "p-value": 1.2891008391821761e-14,
      "statistic": 0.2114516043238273
    },
    "mrr": {
      "p-value": 8.366981870817932e-22,
      "statistic": 0.26162809594947317
    }
  },
  "thrift-no-sub-tokens-tfidf": {
    "retrieval-precision-top-1": {
      "p-value": 8.932959379174186e-06,
      "statistic": 0.12278977805221396
    },
    "retrieval-precision-top-5": {
      "p-value": 3.075418349502486e-08,
      "statistic": 0.15275722261651864
    },
    "retrieval-precision-top-10": {
      "p-value": 2.3851912058908164e-07,
      "statistic": 0.14264191474675836
    },
    "hit-rate-top-5": {
      "p-value": 2.2915668531609196e-07,
      "statistic": 0.1428463893861342
    },
    "hit-rate-top-10": {
      "p-value": 6.808703192798661e-08,
      "statistic": 0.14891295386387313
    },
    "retrieval-recall-top-1": {
      "p-value": 1.3136773730711489e-05,
      "statistic": 0.12049296142794971
    },
    "retrieval-recall-top-5": {
      "p-value": 5.031535286139752e-09,
      "statistic": 0.16117420574584213
    },
    "retrieval-recall-top-10": {
      "p-value": 1.2462215849523188e-09,
      "statistic": 0.167374318521067
    },
    "r-precision": {
      "p-value": 1.4740956568598384e-05,
      "statistic": 0.11979874470343464
    },
    "mrr": {
      "p-value": 5.67269371553763e-10,
      "statistic": 0.17077081211235082
    }
  }
}