{
  "train": null,
  "validation": null,
  "test": {
    "hit-rate-top-1": 0.3956611454486847,
    "hit-rate-top-3": 0.5702479481697083,
    "hit-rate-top-5": 0.6497933864593506,
    "hit-rate-top-10": 0.7479338645935059,
    "hit-rate-top-20": 0.8109503984451294,
    "hit-rate": 1.0,
    "map-top-1": 0.3956611454486847,
    "map-top-3": 0.4690082371234894,
    "map-top-5": 0.4779728949069977,
    "map-top-10": 0.4693436920642853,
    "map-top-20": 0.44647595286369324,
    "map": 0.3847961127758026,
    "mrr-top-1": 0.3956611454486847,
    "mrr-top-3": 0.4734848737716675,
    "mrr-top-5": 0.49166667461395264,
    "mrr-top-10": 0.5050349235534668,
    "mrr-top-20": 0.5094248056411743,
    "mrr": 0.513023316860199,
    "retrieval-precision-top-1": 0.3956611454486847,
    "retrieval-precision-top-3": 0.25654271245002747,
    "retrieval-precision-top-5": 0.20206613838672638,
    "retrieval-precision-top-10": 0.1450413316488266,
    "retrieval-precision-top-20": 0.10103306174278259,
    "retrieval-precision": 0.015301467850804329,
    "retrieval-recall-top-1": 0.20422865450382233,
    "retrieval-recall-top-3": 0.3376591205596924,
    "retrieval-recall-top-5": 0.4082128405570984,
    "retrieval-recall-top-10": 0.5090878009796143,
    "retrieval-recall-top-20": 0.6126177906990051,
    "retrieval-recall": 1.0,
    "r-precision": 0.31510356068611145
  }
}