{
  "train": null,
  "validation": null,
  "test": {
    "hit-rate-top-1": 0.38842976093292236,
    "hit-rate-top-3": 0.5640496015548706,
    "hit-rate-top-5": 0.6415289044380188,
    "hit-rate-top-10": 0.7355371713638306,
    "hit-rate-top-20": 0.8026859760284424,
    "hit-rate": 1.0,
    "map-top-1": 0.38842976093292236,
    "map-top-3": 0.46298208832740784,
    "map-top-5": 0.4703311026096344,
    "map-top-10": 0.46168357133865356,
    "map-top-20": 0.4393710494041443,
    "map": 0.37743449211120605,
    "mrr-top-1": 0.38842976093292236,
    "mrr-top-3": 0.46745869517326355,
    "mrr-top-5": 0.48512399196624756,
    "mrr-top-10": 0.49806344509124756,
    "mrr-top-20": 0.5027263760566711,
    "mrr": 0.5064027905464172,
    "retrieval-precision-top-1": 0.38842976093292236,
    "retrieval-precision-top-3": 0.2517217695713043,
    "retrieval-precision-top-5": 0.1977272927761078,
    "retrieval-precision-top-10": 0.14256198704242706,
    "retrieval-precision-top-20": 0.09948346763849258,
    "retrieval-precision": 0.015301467850804329,
    "retrieval-recall-top-1": 0.19961696863174438,
    "retrieval-recall-top-3": 0.33254921436309814,
    "retrieval-recall-top-5": 0.40074869990348816,
    "retrieval-recall-top-10": 0.4991244375705719,
    "retrieval-recall-top-20": 0.5997675657272339,
    "retrieval-recall": 1.0,
    "r-precision": 0.31069543957710266
  }
}