{
  "train": null,
  "validation": null,
  "test": {
    "hit-rate-top-1": 0.2458677738904953,
    "hit-rate-top-3": 0.44628098607063293,
    "hit-rate-top-5": 0.5309917330741882,
    "hit-rate-top-10": 0.6611570119857788,
    "hit-rate-top-20": 0.7799586653709412,
    "hit-rate": 1.0,
    "map-top-1": 0.2458677738904953,
    "map-top-3": 0.33032023906707764,
    "map-top-5": 0.3415360748767853,
    "map-top-10": 0.343963623046875,
    "map-top-20": 0.33633655309677124,
    "map": 0.2857365012168884,
    "mrr-top-1": 0.2458677738904953,
    "mrr-top-3": 0.3323003053665161,
    "mrr-top-5": 0.35167014598846436,
    "mrr-top-10": 0.36920711398124695,
    "mrr-top-20": 0.37760961055755615,
    "mrr": 0.3828850984573364,
    "retrieval-precision-top-1": 0.2458677738904953,
    "retrieval-precision-top-3": 0.18560604751110077,
    "retrieval-precision-top-5": 0.1491735577583313,
    "retrieval-precision-top-10": 0.11404959857463837,
    "retrieval-precision-top-20": 0.08207645267248154,
    "retrieval-precision": 0.015301467850804329,
    "retrieval-recall-top-1": 0.13169899582862854,
    "retrieval-recall-top-3": 0.2506083548069,
    "retrieval-recall-top-5": 0.3124944865703583,
    "retrieval-recall-top-10": 0.4223004877567291,
    "retrieval-recall-top-20": 0.5451177954673767,
    "retrieval-recall": 1.0,
    "r-precision": 0.2198164016008377
  },
  "details": null
}