{
  "train": null,
  "validation": null,
  "test": {
    "hit-rate-top-1": 0.34262949228286743,
    "hit-rate-top-3": 0.5408366322517395,
    "hit-rate-top-5": 0.6474103331565857,
    "hit-rate-top-10": 0.7749003767967224,
    "hit-rate-top-20": 0.8486055731773376,
    "hit-rate": 1.0,
    "map-top-1": 0.34262949228286743,
    "map-top-3": 0.4247177839279175,
    "map-top-5": 0.44012561440467834,
    "map-top-10": 0.4408285319805145,
    "map-top-20": 0.42690038681030273,
    "map": 0.3857054114341736,
    "mrr-top-1": 0.34262949228286743,
    "mrr-top-3": 0.4286188781261444,
    "mrr-top-5": 0.45302122831344604,
    "mrr-top-10": 0.4701290428638458,
    "mrr-top-20": 0.4751985967159271,
    "mrr": 0.47830313444137573,
    "retrieval-precision-top-1": 0.34262949228286743,
    "retrieval-precision-top-3": 0.23041166365146637,
    "retrieval-precision-top-5": 0.18266934156417847,
    "retrieval-precision-top-10": 0.12739044427871704,
    "retrieval-precision-top-20": 0.08291832357645035,
    "retrieval-precision": 0.01422689575701952,
    "retrieval-recall-top-1": 0.19792433083057404,
    "retrieval-recall-top-3": 0.3674767017364502,
    "retrieval-recall-top-5": 0.46447819471359253,
    "retrieval-recall-top-10": 0.598911464214325,
    "retrieval-recall-top-20": 0.7116038799285889,
    "retrieval-recall": 1.0,
    "r-precision": 0.2891216278076172
  }
}