{
  "train": null,
  "validation": null,
  "test": {
    "hit-rate-top-1": 0.14005602896213531,
    "hit-rate-top-3": 0.2521008551120758,
    "hit-rate-top-5": 0.3305322229862213,
    "hit-rate-top-10": 0.4257703125476837,
    "hit-rate-top-20": 0.5140056014060974,
    "hit-rate": 1.0,
    "map-top-1": 0.14005602896213531,
    "map-top-3": 0.18895889818668365,
    "map-top-5": 0.2050497829914093,
    "map-top-10": 0.2098839432001114,
    "map-top-20": 0.20853161811828613,
    "map": 0.16837511956691742,
    "mrr-top-1": 0.14005602896213531,
    "mrr-top-3": 0.18977588415145874,
    "mrr-top-5": 0.20784315466880798,
    "mrr-top-10": 0.22036369144916534,
    "mrr-top-20": 0.22665606439113617,
    "mrr": 0.2329443097114563,
    "retrieval-precision-top-1": 0.14005602896213531,
    "retrieval-precision-top-3": 0.10037349164485931,
    "retrieval-precision-top-5": 0.08487394452095032,
    "retrieval-precision-top-10": 0.0633053258061409,
    "retrieval-precision-top-20": 0.04348739609122276,
    "retrieval-precision": 0.0007367201033048332,
    "retrieval-recall-top-1": 0.08008670806884766,
    "retrieval-recall-top-3": 0.15095748007297516,
    "retrieval-recall-top-5": 0.20574502646923065,
    "retrieval-recall-top-10": 0.2809686064720154,
    "retrieval-recall-top-20": 0.3610059916973114,
    "retrieval-recall": 1.0,
    "r-precision": 0.12631171941757202
  }
}