{
  "train": null,
  "validation": null,
  "test": {
    "hit-rate-top-1": 0.41733068227767944,
    "hit-rate-top-3": 0.5976095795631409,
    "hit-rate-top-5": 0.6723107695579529,
    "hit-rate-top-10": 0.7529880404472351,
    "hit-rate-top-20": 0.8207171559333801,
    "hit-rate": 1.0,
    "map-top-1": 0.41733068227767944,
    "map-top-3": 0.4932769238948822,
    "map-top-5": 0.4998713731765747,
    "map-top-10": 0.4932580590248108,
    "map-top-20": 0.48103564977645874,
    "map": 0.43568485975265503,
    "mrr-top-1": 0.41733068227767944,
    "mrr-top-3": 0.4973439574241638,
    "mrr-top-5": 0.5143758058547974,
    "mrr-top-10": 0.5253438949584961,
    "mrr-top-20": 0.5300769805908203,
    "mrr": 0.5337530374526978,
    "retrieval-precision-top-1": 0.41733068227767944,
    "retrieval-precision-top-3": 0.25664010643959045,
    "retrieval-precision-top-5": 0.190637469291687,
    "retrieval-precision-top-10": 0.127091646194458,
    "retrieval-precision-top-20": 0.08197210729122162,
    "retrieval-precision": 0.01422689575701952,
    "retrieval-recall-top-1": 0.2584246098995209,
    "retrieval-recall-top-3": 0.4199211299419403,
    "retrieval-recall-top-5": 0.4890175759792328,
    "retrieval-recall-top-10": 0.5893168449401855,
    "retrieval-recall-top-20": 0.6883364319801331,
    "retrieval-recall": 1.0,
    "r-precision": 0.3548908233642578
  }
}