{
  "train": null,
  "validation": null,
  "test": {
    "hit-rate-top-1": 0.1190476194024086,
    "hit-rate-top-3": 0.22268907725811005,
    "hit-rate-top-5": 0.2731092572212219,
    "hit-rate-top-10": 0.3739495873451233,
    "hit-rate-top-20": 0.4663865566253662,
    "hit-rate": 1.0,
    "map-top-1": 0.1190476194024086,
    "map-top-3": 0.1615312695503235,
    "map-top-5": 0.17086251080036163,
    "map-top-10": 0.18020136654376984,
    "map-top-20": 0.17918288707733154,
    "map": 0.1465960443019867,
    "mrr-top-1": 0.1190476194024086,
    "mrr-top-3": 0.16223156452178955,
    "mrr-top-5": 0.17350606620311737,
    "mrr-top-10": 0.1866002082824707,
    "mrr-top-20": 0.19310104846954346,
    "mrr": 0.19971385598182678,
    "retrieval-precision-top-1": 0.1190476194024086,
    "retrieval-precision-top-3": 0.08496732264757156,
    "retrieval-precision-top-5": 0.06778711080551147,
    "retrieval-precision-top-10": 0.05336134880781174,
    "retrieval-precision-top-20": 0.03921568766236305,
    "retrieval-precision": 0.0007367201033048332,
    "retrieval-recall-top-1": 0.07016865909099579,
    "retrieval-recall-top-3": 0.13740617036819458,
    "retrieval-recall-top-5": 0.1715848445892334,
    "retrieval-recall-top-10": 0.2490762621164322,
    "retrieval-recall-top-20": 0.3217947483062744,
    "retrieval-recall": 1.0,
    "r-precision": 0.1001083105802536
  }
}