{
  "train": null,
  "validation": null,
  "test": {
    "hit-rate-top-1": 0.3827160596847534,
    "hit-rate-top-3": 0.5864197611808777,
    "hit-rate-top-5": 0.6831275820732117,
    "hit-rate-top-10": 0.8004115223884583,
    "hit-rate-top-20": 0.8724279999732971,
    "hit-rate": 1.0,
    "map-top-1": 0.3827160596847534,
    "map-top-3": 0.4681069850921631,
    "map-top-5": 0.4750228822231293,
    "map-top-10": 0.45632708072662354,
    "map-top-20": 0.4383147060871124,
    "map": 0.36947816610336304,
    "mrr-top-1": 0.3827160596847534,
    "mrr-top-3": 0.4729081094264984,
    "mrr-top-5": 0.4947187900543213,
    "mrr-top-10": 0.5102089047431946,
    "mrr-top-20": 0.5154275298118591,
    "mrr": 0.5179473161697388,
    "retrieval-precision-top-1": 0.3827160596847534,
    "retrieval-precision-top-3": 0.2572016417980194,
    "retrieval-precision-top-5": 0.2016461044549942,
    "retrieval-precision-top-10": 0.13971194624900818,
    "retrieval-precision-top-20": 0.08878600597381592,
    "retrieval-precision": 0.008227746933698654,
    "retrieval-recall-top-1": 0.17978151142597198,
    "retrieval-recall-top-3": 0.3315567374229431,
    "retrieval-recall-top-5": 0.4190397560596466,
    "retrieval-recall-top-10": 0.5569459199905396,
    "retrieval-recall-top-20": 0.6589471697807312,
    "retrieval-recall": 1.0,
    "r-precision": 0.29499438405036926
  },
  "details": null
}