{
  "train": null,
  "validation": null,
  "test": {
    "hit-rate-top-1": 0.2747933864593506,
    "hit-rate-top-3": 0.46177685260772705,
    "hit-rate-top-5": 0.5640496015548706,
    "hit-rate-top-10": 0.6818181872367859,
    "hit-rate-top-20": 0.7933884263038635,
    "hit-rate": 1.0,
    "map-top-1": 0.2747933864593506,
    "map-top-3": 0.35244494676589966,
    "map-top-5": 0.37042441964149475,
    "map-top-10": 0.3704147934913635,
    "map-top-20": 0.3594205975532532,
    "map": 0.30151036381721497,
    "mrr-top-1": 0.2747933864593506,
    "mrr-top-3": 0.35606059432029724,
    "mrr-top-5": 0.3795110285282135,
    "mrr-top-10": 0.3953434228897095,
    "mrr-top-20": 0.4030504524707794,
    "mrr": 0.40721797943115234,
    "retrieval-precision-top-1": 0.2747933864593506,
    "retrieval-precision-top-3": 0.20523416996002197,
    "retrieval-precision-top-5": 0.17024795711040497,
    "retrieval-precision-top-10": 0.1232438012957573,
    "retrieval-precision-top-20": 0.08739669620990753,
    "retrieval-precision": 0.015301467850804329,
    "retrieval-recall-top-1": 0.13782478868961334,
    "retrieval-recall-top-3": 0.26376092433929443,
    "retrieval-recall-top-5": 0.3396223187446594,
    "retrieval-recall-top-10": 0.4444139301776886,
    "retrieval-recall-top-20": 0.5676378011703491,
    "retrieval-recall": 1.0,
    "r-precision": 0.23283296823501587
  }
}