{
  "train": null,
  "validation": null,
  "test": {
    "hit-rate-top-1": 0.3376425802707672,
    "hit-rate-top-3": 0.49277567863464355,
    "hit-rate-top-5": 0.5627376437187195,
    "hit-rate-top-10": 0.6539924144744873,
    "hit-rate-top-20": 0.7414448857307434,
    "hit-rate": 1.0,
    "map-top-1": 0.3376425802707672,
    "map-top-3": 0.40481624007225037,
    "map-top-5": 0.4185582995414734,
    "map-top-10": 0.42243656516075134,
    "map-top-20": 0.4214250445365906,
    "map": 0.3967718183994293,
    "mrr-top-1": 0.3376425802707672,
    "mrr-top-3": 0.40709757804870605,
    "mrr-top-5": 0.42295312881469727,
    "mrr-top-10": 0.43509870767593384,
    "mrr-top-20": 0.4411303997039795,
    "mrr": 0.44584301114082336,
    "retrieval-precision-top-1": 0.3376425802707672,
    "retrieval-precision-top-3": 0.20506970584392548,
    "retrieval-precision-top-5": 0.1537642627954483,
    "retrieval-precision-top-10": 0.10471484065055847,
    "retrieval-precision-top-20": 0.0690874457359314,
    "retrieval-precision": 0.005649717990309,
    "retrieval-recall-top-1": 0.2492816001176834,
    "retrieval-recall-top-3": 0.3909544050693512,
    "retrieval-recall-top-5": 0.451455295085907,
    "retrieval-recall-top-10": 0.543698787689209,
    "retrieval-recall-top-20": 0.6424628496170044,
    "retrieval-recall": 1.0,
    "r-precision": 0.31719011068344116
  }
}