{
  "train": null,
  "validation": null,
  "test": {
    "hit-rate-top-1": 0.2490842491388321,
    "hit-rate-top-3": 0.41514042019844055,
    "hit-rate-top-5": 0.5311355590820312,
    "hit-rate-top-10": 0.6849817037582397,
    "hit-rate-top-20": 0.7899878025054932,
    "hit-rate": 1.0,
    "map-top-1": 0.2490842491388321,
    "map-top-3": 0.32000404596328735,
    "map-top-5": 0.3409527540206909,
    "map-top-10": 0.34994399547576904,
    "map-top-20": 0.3414960205554962,
    "map": 0.2981950044631958,
    "mrr-top-1": 0.2490842491388321,
    "mrr-top-3": 0.32214078307151794,
    "mrr-top-5": 0.3483923375606537,
    "mrr-top-10": 0.3681895434856415,
    "mrr-top-20": 0.3756011128425598,
    "mrr": 0.3803684115409851,
    "retrieval-precision-top-1": 0.2490842491388321,
    "retrieval-precision-top-3": 0.16646318137645721,
    "retrieval-precision-top-5": 0.13577532768249512,
    "retrieval-precision-top-10": 0.1021978110074997,
    "retrieval-precision-top-20": 0.06794872134923935,
    "retrieval-precision": 0.005885621532797813,
    "retrieval-recall-top-1": 0.1514887660741806,
    "retrieval-recall-top-3": 0.2789810001850128,
    "retrieval-recall-top-5": 0.3569251000881195,
    "retrieval-recall-top-10": 0.491303414106369,
    "retrieval-recall-top-20": 0.5969412922859192,
    "retrieval-recall": 1.0,
    "r-precision": 0.21752694249153137
  },
  "details": null
}