{
  "train": null,
  "validation": null,
  "test": {
    "hit-rate-top-1": 0.25925925374031067,
    "hit-rate-top-3": 0.3888888955116272,
    "hit-rate-top-5": 0.4583333432674408,
    "hit-rate-top-10": 0.5729166865348816,
    "hit-rate-top-20": 0.7094907164573669,
    "hit-rate": 1.0,
    "map-top-1": 0.25925925374031067,
    "map-top-3": 0.3141396939754486,
    "map-top-5": 0.32551437616348267,
    "map-top-10": 0.33454379439353943,
    "map-top-20": 0.3315967917442322,
    "map": 0.3007526099681854,
    "mrr-top-1": 0.25925925374031067,
    "mrr-top-3": 0.3169367015361786,
    "mrr-top-5": 0.3328510820865631,
    "mrr-top-10": 0.3480989634990692,
    "mrr-top-20": 0.35749682784080505,
    "mrr": 0.363917738199234,
    "retrieval-precision-top-1": 0.25925925374031067,
    "retrieval-precision-top-3": 0.1705247014760971,
    "retrieval-precision-top-5": 0.13240741193294525,
    "retrieval-precision-top-10": 0.09224537014961243,
    "retrieval-precision-top-20": 0.06348379701375961,
    "retrieval-precision": 0.0062158796936273575,
    "retrieval-recall-top-1": 0.16292983293533325,
    "retrieval-recall-top-3": 0.27759993076324463,
    "retrieval-recall-top-5": 0.3401520550251007,
    "retrieval-recall-top-10": 0.4500727951526642,
    "retrieval-recall-top-20": 0.5864925980567932,
    "retrieval-recall": 1.0,
    "r-precision": 0.22222338616847992
  },
  "details": null
}