{
  "train": null,
  "validation": null,
  "test": {
    "hit-rate-top-1": 0.07983193546533585,
    "hit-rate-top-3": 0.16386555135250092,
    "hit-rate-top-5": 0.228291317820549,
    "hit-rate-top-10": 0.3137255012989044,
    "hit-rate-top-20": 0.3949579894542694,
    "hit-rate": 1.0,
    "map-top-1": 0.07983193546533585,
    "map-top-3": 0.11519607901573181,
    "map-top-5": 0.12819017469882965,
    "map-top-10": 0.1367432028055191,
    "map-top-20": 0.13716106116771698,
    "map": 0.11512324959039688,
    "mrr-top-1": 0.07983193546533585,
    "mrr-top-3": 0.1150793582201004,
    "mrr-top-5": 0.12929505109786987,
    "mrr-top-10": 0.1406673640012741,
    "mrr-top-20": 0.146405428647995,
    "mrr": 0.15441951155662537,
    "retrieval-precision-top-1": 0.07983193546533585,
    "retrieval-precision-top-3": 0.06489261984825134,
    "retrieval-precision-top-5": 0.05910364165902138,
    "retrieval-precision-top-10": 0.0470588281750679,
    "retrieval-precision-top-20": 0.03501400724053383,
    "retrieval-precision": 0.0007367201033048332,
    "retrieval-recall-top-1": 0.045998603105545044,
    "retrieval-recall-top-3": 0.09327822923660278,
    "retrieval-recall-top-5": 0.13824859261512756,
    "retrieval-recall-top-10": 0.19923943281173706,
    "retrieval-recall-top-20": 0.266998291015625,
    "retrieval-recall": 1.0,
    "r-precision": 0.07786854356527328
  }
}