{
  "train": null,
  "validation": null,
  "test": {
    "hit-rate-top-1": 0.3041824996471405,
    "hit-rate-top-3": 0.45019012689590454,
    "hit-rate-top-5": 0.523193895816803,
    "hit-rate-top-10": 0.6060836315155029,
    "hit-rate-top-20": 0.6882129311561584,
    "hit-rate": 1.0,
    "map-top-1": 0.3041824996471405,
    "map-top-3": 0.36565274000167847,
    "map-top-5": 0.3789849877357483,
    "map-top-10": 0.3846795856952667,
    "map-top-20": 0.3838222026824951,
    "map": 0.36317723989486694,
    "mrr-top-1": 0.3041824996471405,
    "mrr-top-3": 0.3680608570575714,
    "mrr-top-5": 0.384714812040329,
    "mrr-top-10": 0.39611682295799255,
    "mrr-top-20": 0.4018518030643463,
    "mrr": 0.40783533453941345,
    "retrieval-precision-top-1": 0.3041824996471405,
    "retrieval-precision-top-3": 0.18833966553211212,
    "retrieval-precision-top-5": 0.14600761234760284,
    "retrieval-precision-top-10": 0.09832699596881866,
    "retrieval-precision-top-20": 0.06490494310855865,
    "retrieval-precision": 0.005649717990309,
    "retrieval-recall-top-1": 0.21927791833877563,
    "retrieval-recall-top-3": 0.3570202589035034,
    "retrieval-recall-top-5": 0.4232247471809387,
    "retrieval-recall-top-10": 0.5072578191757202,
    "retrieval-recall-top-20": 0.5940039753913879,
    "retrieval-recall": 1.0,
    "r-precision": 0.282285213470459
  }
}