{
  "train": null,
  "validation": null,
  "test": {
    "hit-rate-top-1": 0.2743055522441864,
    "hit-rate-top-3": 0.47337964177131653,
    "hit-rate-top-5": 0.5636574029922485,
    "hit-rate-top-10": 0.7013888955116272,
    "hit-rate-top-20": 0.8182870149612427,
    "hit-rate": 1.0,
    "map-top-1": 0.2743055522441864,
    "map-top-3": 0.35744598507881165,
    "map-top-5": 0.3744904100894928,
    "map-top-10": 0.3830103278160095,
    "map-top-20": 0.37790337204933167,
    "map": 0.3546404540538788,
    "mrr-top-1": 0.2743055522441864,
    "mrr-top-3": 0.35918211936950684,
    "mrr-top-5": 0.3796682357788086,
    "mrr-top-10": 0.3984204828739166,
    "mrr-top-20": 0.4066771864891052,
    "mrr": 0.4111054837703705,
    "retrieval-precision-top-1": 0.2743055522441864,
    "retrieval-precision-top-3": 0.2052469253540039,
    "retrieval-precision-top-5": 0.16435185074806213,
    "retrieval-precision-top-10": 0.11666666716337204,
    "retrieval-precision-top-20": 0.08055555075407028,
    "retrieval-precision": 0.0062158796936273575,
    "retrieval-recall-top-1": 0.17094914615154266,
    "retrieval-recall-top-3": 0.33852288126945496,
    "retrieval-recall-top-5": 0.4321838915348053,
    "retrieval-recall-top-10": 0.5737349987030029,
    "retrieval-recall-top-20": 0.7051198482513428,
    "retrieval-recall": 1.0,
    "r-precision": 0.24809357523918152
  }
}