{
  "train": null,
  "validation": null,
  "test": {
    "hit-rate-top-1": 0.38946279883384705,
    "hit-rate-top-3": 0.5630165338516235,
    "hit-rate-top-5": 0.64462810754776,
    "hit-rate-top-10": 0.7396694421768188,
    "hit-rate-top-20": 0.8026859760284424,
    "hit-rate": 1.0,
    "map-top-1": 0.38946279883384705,
    "map-top-3": 0.4629821181297302,
    "map-top-5": 0.47160524129867554,
    "map-top-10": 0.46184682846069336,
    "map-top-20": 0.4390440881252289,
    "map": 0.37672483921051025,
    "mrr-top-1": 0.38946279883384705,
    "mrr-top-3": 0.46728646755218506,
    "mrr-top-5": 0.48593321442604065,
    "mrr-top-10": 0.49892348051071167,
    "mrr-top-20": 0.5033097863197327,
    "mrr": 0.5068779587745667,
    "retrieval-precision-top-1": 0.38946279883384705,
    "retrieval-precision-top-3": 0.25068870186805725,
    "retrieval-precision-top-5": 0.19793391227722168,
    "retrieval-precision-top-10": 0.1430785059928894,
    "retrieval-precision-top-20": 0.09948346763849258,
    "retrieval-precision": 0.015301467850804329,
    "retrieval-recall-top-1": 0.19917993247509003,
    "retrieval-recall-top-3": 0.3319982588291168,
    "retrieval-recall-top-5": 0.40128982067108154,
    "retrieval-recall-top-10": 0.5015004873275757,
    "retrieval-recall-top-20": 0.5977379679679871,
    "retrieval-recall": 1.0,
    "r-precision": 0.30978164076805115
  }
}