{
  "train": null,
  "validation": null,
  "test": {
    "hit-rate-top-1": 0.28925618529319763,
    "hit-rate-top-3": 0.48140496015548706,
    "hit-rate-top-5": 0.577479362487793,
    "hit-rate-top-10": 0.6952479481697083,
    "hit-rate-top-20": 0.8006198406219482,
    "hit-rate": 1.0,
    "map-top-1": 0.28925618529319763,
    "map-top-3": 0.36862948536872864,
    "map-top-5": 0.3841726779937744,
    "map-top-10": 0.38308587670326233,
    "map-top-20": 0.37050914764404297,
    "map": 0.312899112701416,
    "mrr-top-1": 0.28925618529319763,
    "mrr-top-3": 0.3724173605442047,
    "mrr-top-5": 0.39431819319725037,
    "mrr-top-10": 0.41007480025291443,
    "mrr-top-20": 0.4173303544521332,
    "mrr": 0.4214538037776947,
    "retrieval-precision-top-1": 0.28925618529319763,
    "retrieval-precision-top-3": 0.21280993521213531,
    "retrieval-precision-top-5": 0.17458680272102356,
    "retrieval-precision-top-10": 0.1265496015548706,
    "retrieval-precision-top-20": 0.08920454233884811,
    "retrieval-precision": 0.015301467850804329,
    "retrieval-recall-top-1": 0.14850755035877228,
    "retrieval-recall-top-3": 0.27433228492736816,
    "retrieval-recall-top-5": 0.34696802496910095,
    "retrieval-recall-top-10": 0.4573709964752197,
    "retrieval-recall-top-20": 0.5801151990890503,
    "retrieval-recall": 1.0,
    "r-precision": 0.24580788612365723
  }
}