{
  "train": null,
  "validation": null,
  "test": {
    "hit-rate-top-1": 0.2954545319080353,
    "hit-rate-top-3": 0.48657023906707764,
    "hit-rate-top-5": 0.5743801593780518,
    "hit-rate-top-10": 0.6993801593780518,
    "hit-rate-top-20": 0.8181818127632141,
    "hit-rate": 1.0,
    "map-top-1": 0.2954545319080353,
    "map-top-3": 0.37568870186805725,
    "map-top-5": 0.3869633972644806,
    "map-top-10": 0.38787004351615906,
    "map-top-20": 0.37264126539230347,
    "map": 0.3165988624095917,
    "mrr-top-1": 0.2954545319080353,
    "mrr-top-3": 0.3780991733074188,
    "mrr-top-5": 0.3981921672821045,
    "mrr-top-10": 0.4150601029396057,
    "mrr-top-20": 0.42336857318878174,
    "mrr": 0.4272107779979706,
    "retrieval-precision-top-1": 0.2954545319080353,
    "retrieval-precision-top-3": 0.21728648245334625,
    "retrieval-precision-top-5": 0.17933887243270874,
    "retrieval-precision-top-10": 0.133677676320076,
    "retrieval-precision-top-20": 0.09540289640426636,
    "retrieval-precision": 0.015301467850804329,
    "retrieval-recall-top-1": 0.1409512311220169,
    "retrieval-recall-top-3": 0.27277514338493347,
    "retrieval-recall-top-5": 0.34668439626693726,
    "retrieval-recall-top-10": 0.4672974944114685,
    "retrieval-recall-top-20": 0.5961384773254395,
    "retrieval-recall": 1.0,
    "r-precision": 0.24015751481056213
  }
}