{
  "train": null,
  "validation": null,
  "test": {
    "hit-rate-top-1": 0.3102661669254303,
    "hit-rate-top-3": 0.4851711094379425,
    "hit-rate-top-5": 0.5581749081611633,
    "hit-rate-top-10": 0.6692014932632446,
    "hit-rate-top-20": 0.7642585635185242,
    "hit-rate": 1.0,
    "map-top-1": 0.3102661669254303,
    "map-top-3": 0.38479083776474,
    "map-top-5": 0.3995363116264343,
    "map-top-10": 0.409006804227829,
    "map-top-20": 0.4070439636707306,
    "map": 0.3847016990184784,
    "mrr-top-1": 0.3102661669254303,
    "mrr-top-3": 0.3868187367916107,
    "mrr-top-5": 0.40343478322029114,
    "mrr-top-10": 0.41845226287841797,
    "mrr-top-20": 0.42502665519714355,
    "mrr": 0.42970412969589233,
    "retrieval-precision-top-1": 0.3102661669254303,
    "retrieval-precision-top-3": 0.2040557712316513,
    "retrieval-precision-top-5": 0.15437263250350952,
    "retrieval-precision-top-10": 0.10501901805400848,
    "retrieval-precision-top-20": 0.06973384320735931,
    "retrieval-precision": 0.005649717990309,
    "retrieval-recall-top-1": 0.2258630394935608,
    "retrieval-recall-top-3": 0.3854842483997345,
    "retrieval-recall-top-5": 0.45546966791152954,
    "retrieval-recall-top-10": 0.5601170063018799,
    "retrieval-recall-top-20": 0.6681854128837585,
    "retrieval-recall": 1.0,
    "r-precision": 0.2934619188308716
  }
}