{
  "train": null,
  "validation": null,
  "test": {
    "hit-rate-top-1": 0.2534722089767456,
    "hit-rate-top-3": 0.43865740299224854,
    "hit-rate-top-5": 0.5335648059844971,
    "hit-rate-top-10": 0.6504629850387573,
    "hit-rate-top-20": 0.7557870149612427,
    "hit-rate": 1.0,
    "map-top-1": 0.2534722089767456,
    "map-top-3": 0.3342013955116272,
    "map-top-5": 0.35138729214668274,
    "map-top-10": 0.35563430190086365,
    "map-top-20": 0.35441508889198303,
    "map": 0.3249034285545349,
    "mrr-top-1": 0.2534722089767456,
    "mrr-top-3": 0.3358410596847534,
    "mrr-top-5": 0.356790155172348,
    "mrr-top-10": 0.37211060523986816,
    "mrr-top-20": 0.3794640898704529,
    "mrr": 0.3848958909511566,
    "retrieval-precision-top-1": 0.2534722089767456,
    "retrieval-precision-top-3": 0.1909722238779068,
    "retrieval-precision-top-5": 0.151157408952713,
    "retrieval-precision-top-10": 0.10694444924592972,
    "retrieval-precision-top-20": 0.07060185819864273,
    "retrieval-precision": 0.0062158796936273575,
    "retrieval-recall-top-1": 0.153568834066391,
    "retrieval-recall-top-3": 0.32196173071861267,
    "retrieval-recall-top-5": 0.40381571650505066,
    "retrieval-recall-top-10": 0.521050214767456,
    "retrieval-recall-top-20": 0.6377129554748535,
    "retrieval-recall": 1.0,
    "r-precision": 0.2226680964231491
  },
  "details": null
}