{
  "train": null,
  "validation": null,
  "test": {
    "hit-rate-top-1": 0.36213991045951843,
    "hit-rate-top-3": 0.5432098507881165,
    "hit-rate-top-5": 0.6255143880844116,
    "hit-rate-top-10": 0.709876537322998,
    "hit-rate-top-20": 0.8127571940422058,
    "hit-rate": 1.0,
    "map-top-1": 0.36213991045951843,
    "map-top-3": 0.436899870634079,
    "map-top-5": 0.4449559450149536,
    "map-top-10": 0.43932202458381653,
    "map-top-20": 0.42530664801597595,
    "map": 0.3747781813144684,
    "mrr-top-1": 0.36213991045951843,
    "mrr-top-3": 0.44204384088516235,
    "mrr-top-5": 0.4606652855873108,
    "mrr-top-10": 0.4720304012298584,
    "mrr-top-20": 0.47913819551467896,
    "mrr": 0.48386234045028687,
    "retrieval-precision-top-1": 0.36213991045951843,
    "retrieval-precision-top-3": 0.2674897015094757,
    "retrieval-precision-top-5": 0.20246915519237518,
    "retrieval-precision-top-10": 0.1281892955303192,
    "retrieval-precision-top-20": 0.08384773880243301,
    "retrieval-precision": 0.008227746933698654,
    "retrieval-recall-top-1": 0.16851815581321716,
    "retrieval-recall-top-3": 0.3421206474304199,
    "retrieval-recall-top-5": 0.4235672950744629,
    "retrieval-recall-top-10": 0.508542537689209,
    "retrieval-recall-top-20": 0.6358399987220764,
    "retrieval-recall": 1.0,
    "r-precision": 0.30443236231803894
  },
  "details": null
}