{
  "train": null,
  "validation": null,
  "test": {
    "hit-rate-top-1": 0.3055555522441864,
    "hit-rate-top-3": 0.4618055522441864,
    "hit-rate-top-5": 0.5324074029922485,
    "hit-rate-top-10": 0.6493055820465088,
    "hit-rate-top-20": 0.7800925970077515,
    "hit-rate": 1.0,
    "map-top-1": 0.3055555522441864,
    "map-top-3": 0.37123847007751465,
    "map-top-5": 0.38014885783195496,
    "map-top-10": 0.38592174649238586,
    "map-top-20": 0.3801893889904022,
    "map": 0.34834933280944824,
    "mrr-top-1": 0.3055555522441864,
    "mrr-top-3": 0.37345677614212036,
    "mrr-top-5": 0.38983407616615295,
    "mrr-top-10": 0.40533092617988586,
    "mrr-top-20": 0.4142145812511444,
    "mrr": 0.4191679060459137,
    "retrieval-precision-top-1": 0.3055555522441864,
    "retrieval-precision-top-3": 0.20293210446834564,
    "retrieval-precision-top-5": 0.15694445371627808,
    "retrieval-precision-top-10": 0.10833334922790527,
    "retrieval-precision-top-20": 0.07349537312984467,
    "retrieval-precision": 0.0062158796936273575,
    "retrieval-recall-top-1": 0.18652592599391937,
    "retrieval-recall-top-3": 0.3282933533191681,
    "retrieval-recall-top-5": 0.4028777778148651,
    "retrieval-recall-top-10": 0.5218338966369629,
    "retrieval-recall-top-20": 0.6556739807128906,
    "retrieval-recall": 1.0,
    "r-precision": 0.2604098618030548
  }
}