{
  "train": null,
  "validation": null,
  "test": {
    "hit-rate-top-1": 0.09383753687143326,
    "hit-rate-top-3": 0.18487395346164703,
    "hit-rate-top-5": 0.24369747936725616,
    "hit-rate-top-10": 0.3403361439704895,
    "hit-rate-top-20": 0.4495798349380493,
    "hit-rate": 1.0,
    "map-top-1": 0.09383753687143326,
    "map-top-3": 0.13235294818878174,
    "map-top-5": 0.14399123191833496,
    "map-top-10": 0.15527817606925964,
    "map-top-20": 0.15700693428516388,
    "map": 0.12939980626106262,
    "mrr-top-1": 0.09383753687143326,
    "mrr-top-3": 0.13258637487888336,
    "mrr-top-5": 0.1459617018699646,
    "mrr-top-10": 0.15852785110473633,
    "mrr-top-20": 0.16601501405239105,
    "mrr": 0.17382803559303284,
    "retrieval-precision-top-1": 0.09383753687143326,
    "retrieval-precision-top-3": 0.06956116110086441,
    "retrieval-precision-top-5": 0.05854341760277748,
    "retrieval-precision-top-10": 0.04523809999227524,
    "retrieval-precision-top-20": 0.0335434190928936,
    "retrieval-precision": 0.0007367201033048332,
    "retrieval-recall-top-1": 0.060129083693027496,
    "retrieval-recall-top-3": 0.11562834680080414,
    "retrieval-recall-top-5": 0.16062480211257935,
    "retrieval-recall-top-10": 0.22492019832134247,
    "retrieval-recall-top-20": 0.3087053596973419,
    "retrieval-recall": 1.0,
    "r-precision": 0.08541799336671829
  }
}