{
  "spring-roo-no-sub-tokens-bm25": {
    "retrieval-precision-top-1": {
      "p-value": 0.7895592800643718,
      "statistic": -0.009124346190650544
    },
    "retrieval-precision-top-5": {
      "p-value": 0.2067582660098903,
      "statistic": -0.043144879066820296
    },
    "retrieval-precision-top-10": {
      "p-value": 0.1792521688916764,
      "statistic": -0.045894098072661135
    },
    "hit-rate-top-5": {
      "p-value": 0.8832723362588872,
      "statistic": -0.005019714786612273
    },
    "hit-rate-top-10": {
      "p-value": 0.7111091566853949,
      "statistic": 0.012662068974332256
    },
    "retrieval-recall-top-1": {
      "p-value": 0.7008337073474629,
      "statistic": 0.013134793828817574
    },
    "retrieval-recall-top-5": {
      "p-value": 0.24780192586056118,
      "statistic": 0.0394972961131871
    },
    "retrieval-recall-top-10": {
      "p-value": 0.0962747442404201,
      "statistic": 0.05681727216241083
    },
    "r-precision": {
      "p-value": 0.45998602964978264,
      "statistic": -0.02525739842739101
    },
    "mrr": {
      "p-value": 0.7838441711649247,
      "statistic": -0.009378354352309015
    }
  },
  "spring-roo-no-sub-tokens-lsa-1000": {
    "retrieval-precision-top-1": {
      "p-value": 0.2873618100593528,
      "statistic": 0.036362865147893476
    },
    "retrieval-precision-top-5": {
      "p-value": 0.5637785168663776,
      "statistic": -0.01973343873832751
    },
    "retrieval-precision-top-10": {
      "p-value": 0.6772746015056518,
      "statistic": -0.014228346831520812
    },
    "hit-rate-top-5": {
      "p-value": 0.884510835151116,
      "statistic": 0.004966077284185095
    },
    "hit-rate-top-10": {
      "p-value": 0.3028463813260603,
      "statistic": 0.03521595089207796
    },
    "retrieval-recall-top-1": {
      "p-value": 0.11522000803680296,
      "statistic": 0.05381448701792925
    },
    "retrieval-recall-top-5": {
      "p-value": 0.47984168867610333,
      "statistic": 0.02415315827804214
    },
    "retrieval-recall-top-10": {
      "p-value": 0.09400863099358171,
      "statistic": 0.05720719115369522
    },
    "r-precision": {
      "p-value": 0.43680663756568705,
      "statistic": 0.026580783852842158
    },
    "mrr": {
      "p-value": 0.40813431345333817,
      "statistic": 0.028275078536760354
    }
  },
  "spring-roo-no-sub-tokens-lsa-500": {
    "retrieval-precision-top-1": {
      "p-value": 0.6309098261361836,
      "statistic": -0.016425017199289158
    },
    "retrieval-precision-top-5": {
      "p-value": 0.30854327954609884,
      "statistic": -0.034803829991718056
    },
    "retrieval-precision-top-10": {
      "p-value": 0.5304990948197107,
      "statistic": -0.02144256617901879
    },
    "hit-rate-top-5": {
      "p-value": 0.7312404765662874,
      "statistic": -0.011742788487280914
    },
    "hit-rate-top-10": {
      "p-value": 0.6462314232848398,
      "statistic": 0.015692043914260507
    },
    "retrieval-recall-top-1": {
      "p-value": 0.9913416935473358,
      "statistic": 0.0003710149044794453
    },
    "retrieval-recall-top-5": {
      "p-value": 0.9356282974010152,
      "statistic": 0.0027613153990985123
    },
    "retrieval-recall-top-10": {
      "p-value": 0.23874865310548496,
      "statistic": 0.04026275134103943
    },
    "r-precision": {
      "p-value": 0.878547404044178,
      "statistic": -0.005224458904688227
    },
    "mrr": {
      "p-value": 0.8106381732642745,
      "statistic": 0.00819171070442642
    }
  },
  "spring-roo-no-sub-tokens-rvsm": {
    "retrieval-precision-top-1": {
      "p-value": 0.18908997237016778,
      "statistic": 0.04487733764593473
    },
    "retrieval-precision-top-5": {
      "p-value": 0.27068487840724237,
      "statistic": 0.03764568879053778
    },
    "retrieval-precision-top-10": {
      "p-value": 0.5789816292264605,
      "statistic": 0.01896899662387442
    },
    "hit-rate-top-5": {
      "p-value": 0.07391419403111997,
      "statistic": 0.061044182459575214
    },
    "hit-rate-top-10": {
      "p-value": 0.13116322122153742,
      "statistic": 0.051575416375280285
    },
    "retrieval-recall-top-1": {
      "p-value": 0.08091776752503559,
      "statistic": 0.05962038876777958
    },
    "retrieval-recall-top-5": {
      "p-value": 0.01614729661572926,
      "statistic": 0.08210577943876193
    },
    "retrieval-recall-top-10": {
      "p-value": 0.0084349260161899,
      "statistic": 0.08987722687029047
    },
    "r-precision": {
      "p-value": 0.25792752535920455,
      "statistic": 0.03866397688396361
    },
    "mrr": {
      "p-value": 0.08389921014869782,
      "statistic": 0.059044494737652706
    }
  },
  "spring-roo-no-sub-tokens-tfidf": {
    "retrieval-precision-top-1": {
      "p-value": 0.7442800249081984,
      "statistic": 0.01115188078555199
    },
    "retrieval-precision-top-5": {
      "p-value": 0.256031224148498,
      "statistic": -0.03881828690306041
    },
    "retrieval-precision-top-10": {
      "p-value": 0.4176693757167389,
      "statistic": -0.02770411037212708
    },
    "hit-rate-top-5": {
      "p-value": 0.644745429052795,
      "statistic": -0.015762812845153882
    },
    "hit-rate-top-10": {
      "p-value": 0.6661415392880026,
      "statistic": 0.01475014651584465
    },
    "retrieval-recall-top-1": {
      "p-value": 0.468221560704952,
      "statistic": 0.02479626068556847
    },
    "retrieval-recall-top-5": {
      "p-value": 0.9343947317513015,
      "statistic": 0.0028143492888074635
    },
    "retrieval-recall-top-10": {
      "p-value": 0.29658076297609964,
      "statistic": 0.03567520128646778
    },
    "r-precision": {
      "p-value": 0.9733477521779326,
      "statistic": 0.0011422584624359116
    },
    "mrr": {
      "p-value": 0.6398177027573229,
      "statistic": 0.015997976136143982
    }
  }
}