{
  "train": null,
  "validation": null,
  "test": {
    "hit-rate-top-1": 0.31501832604408264,
    "hit-rate-top-3": 0.5518925786018372,
    "hit-rate-top-5": 0.6495726704597473,
    "hit-rate-top-10": 0.7484737634658813,
    "hit-rate-top-20": 0.851037859916687,
    "hit-rate": 1.0,
    "map-top-1": 0.31501832604408264,
    "map-top-3": 0.4158526360988617,
    "map-top-5": 0.43101510405540466,
    "map-top-10": 0.43280935287475586,
    "map-top-20": 0.4151618182659149,
    "map": 0.36119547486305237,
    "mrr-top-1": 0.31501832604408264,
    "mrr-top-3": 0.41819292306900024,
    "mrr-top-5": 0.4405372142791748,
    "mrr-top-10": 0.45395755767822266,
    "mrr-top-20": 0.4610383212566376,
    "mrr": 0.4644182622432709,
    "retrieval-precision-top-1": 0.31501832604408264,
    "retrieval-precision-top-3": 0.2214082032442093,
    "retrieval-precision-top-5": 0.17411479353904724,
    "retrieval-precision-top-10": 0.11452990770339966,
    "retrieval-precision-top-20": 0.07680097967386246,
    "retrieval-precision": 0.005885621532797813,
    "retrieval-recall-top-1": 0.19369842112064362,
    "retrieval-recall-top-3": 0.3671555519104004,
    "retrieval-recall-top-5": 0.4453935921192169,
    "retrieval-recall-top-10": 0.5477652549743652,
    "retrieval-recall-top-20": 0.6708477139472961,
    "retrieval-recall": 1.0,
    "r-precision": 0.2762056887149811
  },
  "details": null
}