{
  "train": null,
  "validation": null,
  "test": {
    "hit-rate-top-1": 0.4153386354446411,
    "hit-rate-top-3": 0.6035856604576111,
    "hit-rate-top-5": 0.6693227291107178,
    "hit-rate-top-10": 0.7669322490692139,
    "hit-rate-top-20": 0.8436254858970642,
    "hit-rate": 1.0,
    "map-top-1": 0.4153386354446411,
    "map-top-3": 0.4907868504524231,
    "map-top-5": 0.49598410725593567,
    "map-top-10": 0.4932969808578491,
    "map-top-20": 0.483364462852478,
    "map": 0.45019859075546265,
    "mrr-top-1": 0.4153386354446411,
    "mrr-top-3": 0.4953519403934479,
    "mrr-top-5": 0.510342001914978,
    "mrr-top-10": 0.5234889984130859,
    "mrr-top-20": 0.5288026928901672,
    "mrr": 0.5320806503295898,
    "retrieval-precision-top-1": 0.4153386354446411,
    "retrieval-precision-top-3": 0.27257636189460754,
    "retrieval-precision-top-5": 0.20697210729122162,
    "retrieval-precision-top-10": 0.13605578243732452,
    "retrieval-precision-top-20": 0.08630478382110596,
    "retrieval-precision": 0.01422689575701952,
    "retrieval-recall-top-1": 0.24940717220306396,
    "retrieval-recall-top-3": 0.43450236320495605,
    "retrieval-recall-top-5": 0.515494167804718,
    "retrieval-recall-top-10": 0.624882698059082,
    "retrieval-recall-top-20": 0.7260867357254028,
    "retrieval-recall": 1.0,
    "r-precision": 0.35707545280456543
  }
}