{
  "train": null,
  "validation": null,
  "test": {
    "hit-rate-top-1": 0.33101850748062134,
    "hit-rate-top-3": 0.5601851940155029,
    "hit-rate-top-5": 0.65625,
    "hit-rate-top-10": 0.7835648059844971,
    "hit-rate-top-20": 0.8703703880310059,
    "hit-rate": 1.0,
    "map-top-1": 0.33101850748062134,
    "map-top-3": 0.426311731338501,
    "map-top-5": 0.4417341649532318,
    "map-top-10": 0.44787007570266724,
    "map-top-20": 0.4376121759414673,
    "map": 0.4067015051841736,
    "mrr-top-1": 0.33101850748062134,
    "mrr-top-3": 0.43074843287467957,
    "mrr-top-5": 0.45239201188087463,
    "mrr-top-10": 0.47005391120910645,
    "mrr-top-20": 0.4761367440223694,
    "mrr": 0.47873637080192566,
    "retrieval-precision-top-1": 0.33101850748062134,
    "retrieval-precision-top-3": 0.23726850748062134,
    "retrieval-precision-top-5": 0.1875000149011612,
    "retrieval-precision-top-10": 0.1293981522321701,
    "retrieval-precision-top-20": 0.08304398506879807,
    "retrieval-precision": 0.0062158796936273575,
    "retrieval-recall-top-1": 0.2095639407634735,
    "retrieval-recall-top-3": 0.412232905626297,
    "retrieval-recall-top-5": 0.5042669177055359,
    "retrieval-recall-top-10": 0.6335806846618652,
    "retrieval-recall-top-20": 0.749007523059845,
    "retrieval-recall": 1.0,
    "r-precision": 0.29392942786216736
  }
}