{
  "train": null,
  "validation": null,
  "test": {
    "hit-rate-top-1": 0.2717086970806122,
    "hit-rate-top-3": 0.4327731132507324,
    "hit-rate-top-5": 0.5112044811248779,
    "hit-rate-top-10": 0.6260504126548767,
    "hit-rate-top-20": 0.7058823704719543,
    "hit-rate": 1.0,
    "map-top-1": 0.2717086970806122,
    "map-top-3": 0.33881887793540955,
    "map-top-5": 0.35438650846481323,
    "map-top-10": 0.3635205924510956,
    "map-top-20": 0.35318315029144287,
    "map": 0.27804744243621826,
    "mrr-top-1": 0.2717086970806122,
    "mrr-top-3": 0.341269850730896,
    "mrr-top-5": 0.35940709710121155,
    "mrr-top-10": 0.37457701563835144,
    "mrr-top-20": 0.38048210740089417,
    "mrr": 0.3852667808532715,
    "retrieval-precision-top-1": 0.2717086970806122,
    "retrieval-precision-top-3": 0.16433240473270416,
    "retrieval-precision-top-5": 0.125490203499794,
    "retrieval-precision-top-10": 0.0871148556470871,
    "retrieval-precision-top-20": 0.05924369767308235,
    "retrieval-precision": 0.0007367201033048332,
    "retrieval-recall-top-1": 0.1704765111207962,
    "retrieval-recall-top-3": 0.275226891040802,
    "retrieval-recall-top-5": 0.3253055512905121,
    "retrieval-recall-top-10": 0.4158812463283539,
    "retrieval-recall-top-20": 0.49854207038879395,
    "retrieval-recall": 1.0,
    "r-precision": 0.22058887779712677
  },
  "details": null
}