{
  "train": null,
  "validation": null,
  "test": {
    "hit-rate-top-1": 0.35743802785873413,
    "hit-rate-top-3": 0.5299586653709412,
    "hit-rate-top-5": 0.6095041036605835,
    "hit-rate-top-10": 0.702479362487793,
    "hit-rate-top-20": 0.7923553586006165,
    "hit-rate": 1.0,
    "map-top-1": 0.35743802785873413,
    "map-top-3": 0.42932161688804626,
    "map-top-5": 0.43905386328697205,
    "map-top-10": 0.43272361159324646,
    "map-top-20": 0.4187474548816681,
    "map": 0.3643304109573364,
    "mrr-top-1": 0.35743802785873413,
    "mrr-top-3": 0.4318182170391083,
    "mrr-top-5": 0.44994834065437317,
    "mrr-top-10": 0.4624946415424347,
    "mrr-top-20": 0.4688383936882019,
    "mrr": 0.4728245139122009,
    "retrieval-precision-top-1": 0.35743802785873413,
    "retrieval-precision-top-3": 0.24655647575855255,
    "retrieval-precision-top-5": 0.19524793326854706,
    "retrieval-precision-top-10": 0.13533057272434235,
    "retrieval-precision-top-20": 0.09292355179786682,
    "retrieval-precision": 0.015301467850804329,
    "retrieval-recall-top-1": 0.18891191482543945,
    "retrieval-recall-top-3": 0.32437819242477417,
    "retrieval-recall-top-5": 0.3989885747432709,
    "retrieval-recall-top-10": 0.48820337653160095,
    "retrieval-recall-top-20": 0.5861422419548035,
    "retrieval-recall": 1.0,
    "r-precision": 0.2976559102535248
  },
  "details": null
}