{
  "train": null,
  "validation": null,
  "test": {
    "hit-rate-top-1": 0.39669421315193176,
    "hit-rate-top-3": 0.5702479481697083,
    "hit-rate-top-5": 0.6497933864593506,
    "hit-rate-top-10": 0.7469007968902588,
    "hit-rate-top-20": 0.8109503984451294,
    "hit-rate": 1.0,
    "map-top-1": 0.39669421315193176,
    "map-top-3": 0.4695247709751129,
    "map-top-5": 0.4785238802433014,
    "map-top-10": 0.4696778655052185,
    "map-top-20": 0.4465760588645935,
    "map": 0.38480183482170105,
    "mrr-top-1": 0.39669421315193176,
    "mrr-top-3": 0.47400137782096863,
    "mrr-top-5": 0.49218320846557617,
    "mrr-top-10": 0.5054223537445068,
    "mrr-top-20": 0.5099061131477356,
    "mrr": 0.5133631825447083,
    "retrieval-precision-top-1": 0.39669421315193176,
    "retrieval-precision-top-3": 0.25654271245002747,
    "retrieval-precision-top-5": 0.20227274298667908,
    "retrieval-precision-top-10": 0.1450413167476654,
    "retrieval-precision-top-20": 0.10098140686750412,
    "retrieval-precision": 0.015301467850804329,
    "retrieval-recall-top-1": 0.20434345304965973,
    "retrieval-recall-top-3": 0.3376591205596924,
    "retrieval-recall-top-5": 0.4087293744087219,
    "retrieval-recall-top-10": 0.508618175983429,
    "retrieval-recall-top-20": 0.6125604510307312,
    "retrieval-recall": 1.0,
    "r-precision": 0.31510356068611145
  }
}