{
  "train": null,
  "validation": null,
  "test": {
    "hit-rate-top-1": 0.34262949228286743,
    "hit-rate-top-3": 0.5428286790847778,
    "hit-rate-top-5": 0.6484063863754272,
    "hit-rate-top-10": 0.7749003767967224,
    "hit-rate-top-20": 0.8486055731773376,
    "hit-rate": 1.0,
    "map-top-1": 0.34262949228286743,
    "map-top-3": 0.4253818094730377,
    "map-top-5": 0.44059041142463684,
    "map-top-10": 0.44082003831863403,
    "map-top-20": 0.4268973171710968,
    "map": 0.3856763541698456,
    "mrr-top-1": 0.34262949228286743,
    "mrr-top-3": 0.42928290367126465,
    "mrr-top-5": 0.45348605513572693,
    "mrr-top-10": 0.4704831838607788,
    "mrr-top-20": 0.4755500257015228,
    "mrr": 0.4786737859249115,
    "retrieval-precision-top-1": 0.34262949228286743,
    "retrieval-precision-top-3": 0.2307436764240265,
    "retrieval-precision-top-5": 0.18266934156417847,
    "retrieval-precision-top-10": 0.12749004364013672,
    "retrieval-precision-top-20": 0.08296813070774078,
    "retrieval-precision": 0.01422689575701952,
    "retrieval-recall-top-1": 0.19792433083057404,
    "retrieval-recall-top-3": 0.36817389726638794,
    "retrieval-recall-top-5": 0.4641794264316559,
    "retrieval-recall-top-10": 0.5991106629371643,
    "retrieval-recall-top-20": 0.7118030786514282,
    "retrieval-recall": 1.0,
    "r-precision": 0.28882279992103577
  }
}