{
  "train": null,
  "validation": null,
  "test": {
    "hit-rate-top-1": 0.2380952388048172,
    "hit-rate-top-3": 0.4075630307197571,
    "hit-rate-top-5": 0.47759103775024414,
    "hit-rate-top-10": 0.575630247592926,
    "hit-rate-top-20": 0.680672287940979,
    "hit-rate": 1.0,
    "map-top-1": 0.2380952388048172,
    "map-top-3": 0.31115779280662537,
    "map-top-5": 0.3249008059501648,
    "map-top-10": 0.3297300338745117,
    "map-top-20": 0.32832223176956177,
    "map": 0.25561702251434326,
    "mrr-top-1": 0.2380952388048172,
    "mrr-top-3": 0.3113912343978882,
    "mrr-top-5": 0.3270775079727173,
    "mrr-top-10": 0.3397247791290283,
    "mrr-top-20": 0.34710440039634705,
    "mrr": 0.35164764523506165,
    "retrieval-precision-top-1": 0.2380952388048172,
    "retrieval-precision-top-3": 0.1517273485660553,
    "retrieval-precision-top-5": 0.11652661859989166,
    "retrieval-precision-top-10": 0.07983193546533585,
    "retrieval-precision-top-20": 0.05399160087108612,
    "retrieval-precision": 0.0007367201033048332,
    "retrieval-recall-top-1": 0.15466350317001343,
    "retrieval-recall-top-3": 0.2608775496482849,
    "retrieval-recall-top-5": 0.3082239031791687,
    "retrieval-recall-top-10": 0.37604156136512756,
    "retrieval-recall-top-20": 0.46910664439201355,
    "retrieval-recall": 1.0,
    "r-precision": 0.20394735038280487
  },
  "details": null
}