{
  "train": null,
  "validation": null,
  "test": {
    "hit-rate-top-1": 0.2429792433977127,
    "hit-rate-top-3": 0.4029304087162018,
    "hit-rate-top-5": 0.4615384638309479,
    "hit-rate-top-10": 0.5555555820465088,
    "hit-rate-top-20": 0.6556776762008667,
    "hit-rate": 1.0,
    "map-top-1": 0.2429792433977127,
    "map-top-3": 0.31105008721351624,
    "map-top-5": 0.3193749189376831,
    "map-top-10": 0.32263273000717163,
    "map-top-20": 0.3199610710144043,
    "map": 0.290150910615921,
    "mrr-top-1": 0.2429792433977127,
    "mrr-top-3": 0.31196582317352295,
    "mrr-top-5": 0.32515260577201843,
    "mrr-top-10": 0.3383171260356903,
    "mrr-top-20": 0.3454325199127197,
    "mrr": 0.3522103726863861,
    "retrieval-precision-top-1": 0.2429792433977127,
    "retrieval-precision-top-3": 0.16646318137645721,
    "retrieval-precision-top-5": 0.12673993408679962,
    "retrieval-precision-top-10": 0.0882783904671669,
    "retrieval-precision-top-20": 0.058363862335681915,
    "retrieval-precision": 0.005885621532797813,
    "retrieval-recall-top-1": 0.15642710030078888,
    "retrieval-recall-top-3": 0.28401878476142883,
    "retrieval-recall-top-5": 0.3350902497768402,
    "retrieval-recall-top-10": 0.4235635995864868,
    "retrieval-recall-top-20": 0.513457715511322,
    "retrieval-recall": 1.0,
    "r-precision": 0.22423431277275085
  },
  "details": null
}