{
  "train": null,
  "validation": null,
  "test": {
    "hit-rate-top-1": 0.33127573132514954,
    "hit-rate-top-3": 0.5452674627304077,
    "hit-rate-top-5": 0.6460905075073242,
    "hit-rate-top-10": 0.7818930149078369,
    "hit-rate-top-20": 0.8683127760887146,
    "hit-rate": 1.0,
    "map-top-1": 0.33127573132514954,
    "map-top-3": 0.42146778106689453,
    "map-top-5": 0.42811501026153564,
    "map-top-10": 0.42014461755752563,
    "map-top-20": 0.4063777029514313,
    "map": 0.3563586175441742,
    "mrr-top-1": 0.33127573132514954,
    "mrr-top-3": 0.4276405870914459,
    "mrr-top-5": 0.45161178708076477,
    "mrr-top-10": 0.469897598028183,
    "mrr-top-20": 0.4756927490234375,
    "mrr": 0.4796154201030731,
    "retrieval-precision-top-1": 0.33127573132514954,
    "retrieval-precision-top-3": 0.2400548756122589,
    "retrieval-precision-top-5": 0.1967078298330307,
    "retrieval-precision-top-10": 0.1415637880563736,
    "retrieval-precision-top-20": 0.09074074029922485,
    "retrieval-precision": 0.008227746933698654,
    "retrieval-recall-top-1": 0.15150927007198334,
    "retrieval-recall-top-3": 0.3112398684024811,
    "retrieval-recall-top-5": 0.4202895164489746,
    "retrieval-recall-top-10": 0.560115396976471,
    "retrieval-recall-top-20": 0.6807020902633667,
    "retrieval-recall": 1.0,
    "r-precision": 0.264181911945343
  },
  "details": null
}