{
  "train": null,
  "validation": null,
  "test": {
    "hit-rate-top-1": 0.3090277910232544,
    "hit-rate-top-3": 0.46296295523643494,
    "hit-rate-top-5": 0.5208333134651184,
    "hit-rate-top-10": 0.6423611044883728,
    "hit-rate-top-20": 0.7754629850387573,
    "hit-rate": 1.0,
    "map-top-1": 0.3090277910232544,
    "map-top-3": 0.3715277910232544,
    "map-top-5": 0.3764306902885437,
    "map-top-10": 0.3838655650615692,
    "map-top-20": 0.37665632367134094,
    "map": 0.3459799587726593,
    "mrr-top-1": 0.3090277910232544,
    "mrr-top-3": 0.37480711936950684,
    "mrr-top-5": 0.38811734318733215,
    "mrr-top-10": 0.40433064103126526,
    "mrr-top-20": 0.41342252492904663,
    "mrr": 0.41849347949028015,
    "retrieval-precision-top-1": 0.3090277910232544,
    "retrieval-precision-top-3": 0.2017746865749359,
    "retrieval-precision-top-5": 0.15416668355464935,
    "retrieval-precision-top-10": 0.10717592388391495,
    "retrieval-precision-top-20": 0.07343750447034836,
    "retrieval-precision": 0.0062158796936273575,
    "retrieval-recall-top-1": 0.18831659853458405,
    "retrieval-recall-top-3": 0.3252067565917969,
    "retrieval-recall-top-5": 0.39153581857681274,
    "retrieval-recall-top-10": 0.512501060962677,
    "retrieval-recall-top-20": 0.6523402333259583,
    "retrieval-recall": 1.0,
    "r-precision": 0.2597357928752899
  }
}