{
  "train": null,
  "validation": null,
  "test": {
    "hit-rate-top-1": 0.3125,
    "hit-rate-top-3": 0.5347222089767456,
    "hit-rate-top-5": 0.6585648059844971,
    "hit-rate-top-10": 0.7627314925193787,
    "hit-rate-top-20": 0.8541666865348816,
    "hit-rate": 1.0,
    "map-top-1": 0.3125,
    "map-top-3": 0.40625,
    "map-top-5": 0.42881619930267334,
    "map-top-10": 0.4283709228038788,
    "map-top-20": 0.4216657876968384,
    "map": 0.39091095328330994,
    "mrr-top-1": 0.3125,
    "mrr-top-3": 0.4097222089767456,
    "mrr-top-5": 0.43802085518836975,
    "mrr-top-10": 0.452186644077301,
    "mrr-top-20": 0.4586097002029419,
    "mrr": 0.4616750180721283,
    "retrieval-precision-top-1": 0.3125,
    "retrieval-precision-top-3": 0.22723764181137085,
    "retrieval-precision-top-5": 0.18703705072402954,
    "retrieval-precision-top-10": 0.1258101910352707,
    "retrieval-precision-top-20": 0.07910879701375961,
    "retrieval-precision": 0.0062158796936273575,
    "retrieval-recall-top-1": 0.1990019679069519,
    "retrieval-recall-top-3": 0.3893566429615021,
    "retrieval-recall-top-5": 0.5036002993583679,
    "retrieval-recall-top-10": 0.6238223910331726,
    "retrieval-recall-top-20": 0.7344773411750793,
    "retrieval-recall": 1.0,
    "r-precision": 0.28454309701919556
  },
  "details": null
}