{
  "train": null,
  "validation": null,
  "test": {
    "hit-rate-top-1": 0.4003984034061432,
    "hit-rate-top-3": 0.5856573581695557,
    "hit-rate-top-5": 0.6593625545501709,
    "hit-rate-top-10": 0.7400398254394531,
    "hit-rate-top-20": 0.81175297498703,
    "hit-rate": 1.0,
    "map-top-1": 0.4003984034061432,
    "map-top-3": 0.47775566577911377,
    "map-top-5": 0.4868304431438446,
    "map-top-10": 0.48493748903274536,
    "map-top-20": 0.471922904253006,
    "map": 0.4289593994617462,
    "mrr-top-1": 0.4003984034061432,
    "mrr-top-3": 0.48223772644996643,
    "mrr-top-5": 0.49912017583847046,
    "mrr-top-10": 0.5097333192825317,
    "mrr-top-20": 0.5149070620536804,
    "mrr": 0.5184937119483948,
    "retrieval-precision-top-1": 0.4003984034061432,
    "retrieval-precision-top-3": 0.262948215007782,
    "retrieval-precision-top-5": 0.2005976289510727,
    "retrieval-precision-top-10": 0.12948207557201385,
    "retrieval-precision-top-20": 0.08256971836090088,
    "retrieval-precision": 0.01422689575701952,
    "retrieval-recall-top-1": 0.23615702986717224,
    "retrieval-recall-top-3": 0.41231974959373474,
    "retrieval-recall-top-5": 0.4924371540546417,
    "retrieval-recall-top-10": 0.5905503630638123,
    "retrieval-recall-top-20": 0.6887789368629456,
    "retrieval-recall": 1.0,
    "r-precision": 0.3415084779262543
  },
  "details": null
}