{
  "train": null,
  "validation": null,
  "test": {
    "hit-rate-top-1": 0.29426130652427673,
    "hit-rate-top-3": 0.5091575384140015,
    "hit-rate-top-5": 0.60317462682724,
    "hit-rate-top-10": 0.7301587462425232,
    "hit-rate-top-20": 0.8168498277664185,
    "hit-rate": 1.0,
    "map-top-1": 0.29426130652427673,
    "map-top-3": 0.38726091384887695,
    "map-top-5": 0.4020146429538727,
    "map-top-10": 0.4079655706882477,
    "map-top-20": 0.3932488262653351,
    "map": 0.3416531980037689,
    "mrr-top-1": 0.29426130652427673,
    "mrr-top-3": 0.38929590582847595,
    "mrr-top-5": 0.4107244312763214,
    "mrr-top-10": 0.42714694142341614,
    "mrr-top-20": 0.4330943524837494,
    "mrr": 0.4373216927051544,
    "retrieval-precision-top-1": 0.29426130652427673,
    "retrieval-precision-top-3": 0.202279195189476,
    "retrieval-precision-top-5": 0.15726497769355774,
    "retrieval-precision-top-10": 0.10634921491146088,
    "retrieval-precision-top-20": 0.06923076510429382,
    "retrieval-precision": 0.005885621532797813,
    "retrieval-recall-top-1": 0.18814319372177124,
    "retrieval-recall-top-3": 0.34435856342315674,
    "retrieval-recall-top-5": 0.416877806186676,
    "retrieval-recall-top-10": 0.5271458029747009,
    "retrieval-recall-top-20": 0.6259994506835938,
    "retrieval-recall": 1.0,
    "r-precision": 0.26269441843032837
  },
  "details": null
}