{
  "train": null,
  "validation": null,
  "test": {
    "hit-rate-top-1": 0.2654958665370941,
    "hit-rate-top-3": 0.44731405377388,
    "hit-rate-top-5": 0.5485537052154541,
    "hit-rate-top-10": 0.6797520518302917,
    "hit-rate-top-20": 0.7985537052154541,
    "hit-rate": 1.0,
    "map-top-1": 0.2654958665370941,
    "map-top-3": 0.3411673605442047,
    "map-top-5": 0.3576403558254242,
    "map-top-10": 0.35982581973075867,
    "map-top-20": 0.34776413440704346,
    "map": 0.2924070656299591,
    "mrr-top-1": 0.2654958665370941,
    "mrr-top-3": 0.34366393089294434,
    "mrr-top-5": 0.36644285917282104,
    "mrr-top-10": 0.3846180737018585,
    "mrr-top-20": 0.3929723799228668,
    "mrr": 0.3974427878856659,
    "retrieval-precision-top-1": 0.2654958665370941,
    "retrieval-precision-top-3": 0.1835399568080902,
    "retrieval-precision-top-5": 0.15123966336250305,
    "retrieval-precision-top-10": 0.11239669471979141,
    "retrieval-precision-top-20": 0.0807851180434227,
    "retrieval-precision": 0.015301467850804329,
    "retrieval-recall-top-1": 0.14174170792102814,
    "retrieval-recall-top-3": 0.25396615266799927,
    "retrieval-recall-top-5": 0.3262028694152832,
    "retrieval-recall-top-10": 0.43731677532196045,
    "retrieval-recall-top-20": 0.5544178485870361,
    "retrieval-recall": 1.0,
    "r-precision": 0.22498132288455963
  },
  "details": null
}