{
  "thrift-no-sub-tokens-bm25": {
    "retrieval-precision-top-1": {
      "p-value": 1.1973981301744564e-08,
      "statistic": 0.15636881294509508
    },
    "retrieval-precision-top-5": {
      "p-value": 1.7228873294744082e-11,
      "statistic": 0.18411425303929835
    },
    "retrieval-precision-top-10": {
      "p-value": 3.281387982177186e-08,
      "statistic": 0.15164149188393827
    },
    "hit-rate-top-5": {
      "p-value": 1.5460647992019817e-11,
      "statistic": 0.18453769054703428
    },
    "hit-rate-top-10": {
      "p-value": 2.345506996587803e-11,
      "statistic": 0.18290240409086814
    },
    "retrieval-recall-top-1": {
      "p-value": 1.5223144041848268e-08,
      "statistic": 0.15525598031807566
    },
    "retrieval-recall-top-5": {
      "p-value": 1.5552462230034021e-13,
      "statistic": 0.2016748402720011
    },
    "retrieval-recall-top-10": {
      "p-value": 9.093174562124943e-12,
      "statistic": 0.18659883782125203
    },
    "r-precision": {
      "p-value": 2.0061895781903327e-08,
      "statistic": 0.15396674850122702
    },
    "mrr": {
      "p-value": 1.6547609723297318e-13,
      "statistic": 0.20145384522965978
    }
  },
  "thrift-no-sub-tokens-lsa-1000": {
    "retrieval-precision-top-1": {
      "p-value": 2.6200786245609565e-06,
      "statistic": 0.12914896229757286
    },
    "retrieval-precision-top-5": {
      "p-value": 8.846469470216193e-09,
      "statistic": 0.15776084009585645
    },
    "retrieval-precision-top-10": {
      "p-value": 1.4227232517942104e-07,
      "statistic": 0.14449014776264857
    },
    "hit-rate-top-5": {
      "p-value": 1.4929679157843877e-08,
      "statistic": 0.15534650434475028
    },
    "hit-rate-top-10": {
      "p-value": 2.1848263556438554e-08,
      "statistic": 0.15356613882485204
    },
    "retrieval-recall-top-1": {
      "p-value": 1.9604022617698004e-06,
      "statistic": 0.13075433825338897
    },
    "retrieval-recall-top-5": {
      "p-value": 6.527731395377456e-11,
      "statistic": 0.17882123832824245
    },
    "retrieval-recall-top-10": {
      "p-value": 1.9685164458615067e-11,
      "statistic": 0.18359171800550805
    },
    "r-precision": {
      "p-value": 1.985977148656856e-06,
      "statistic": 0.13068300460311555
    },
    "mrr": {
      "p-value": 8.702729904744313e-11,
      "statistic": 0.17765731429973478
    }
  },
  "thrift-no-sub-tokens-lsa-500": {
    "retrieval-precision-top-1": {
      "p-value": 4.575490496455402e-06,
      "statistic": 0.12600835590098305
    },
    "retrieval-precision-top-5": {
      "p-value": 5.843070744422113e-12,
      "statistic": 0.18829850723803976
    },
    "retrieval-precision-top-10": {
      "p-value": 1.477876069196725e-08,
      "statistic": 0.15539373204308277
    },
    "hit-rate-top-5": {
      "p-value": 2.6008575069438226e-12,
      "statistic": 0.1913687134907487
    },
    "hit-rate-top-10": {
      "p-value": 8.115867114611317e-09,
      "statistic": 0.15815497875894208
    },
    "retrieval-recall-top-1": {
      "p-value": 3.65034169403791e-06,
      "statistic": 0.12728979910799212
    },
    "retrieval-recall-top-5": {
      "p-value": 1.7137015302699916e-13,
      "statistic": 0.20132902638848396
    },
    "retrieval-recall-top-10": {
      "p-value": 6.321345883328698e-11,
      "statistic": 0.17895078786370636
    },
    "r-precision": {
      "p-value": 3.907883135052916e-06,
      "statistic": 0.1269043582133648
    },
    "mrr": {
      "p-value": 1.0345726347325669e-10,
      "statistic": 0.1769536121958249
    }
  },
  "thrift-no-sub-tokens-rvsm": {
    "retrieval-precision-top-1": {
      "p-value": 1.4084653016137117e-14,
      "statistic": 0.2100444263065045
    },
    "retrieval-precision-top-5": {
      "p-value": 1.2665270910828428e-15,
      "statistic": 0.21809773594538504
    },
    "retrieval-precision-top-10": {
      "p-value": 9.671385488153924e-14,
      "statistic": 0.2033591295959251
    },
    "hit-rate-top-5": {
      "p-value": 4.72069386618206e-16,
      "statistic": 0.22130700052288302
    },
    "hit-rate-top-10": {
      "p-value": 2.808099638672143e-16,
      "statistic": 0.22297626037918353
    },
    "retrieval-recall-top-1": {
      "p-value": 4.184607926989088e-14,
      "statistic": 0.20629416341389373
    },
    "retrieval-recall-top-5": {
      "p-value": 1.5138911447382625e-17,
      "statistic": 0.23212061847093737
    },
    "retrieval-recall-top-10": {
      "p-value": 2.7491471070441966e-16,
      "statistic": 0.2230441570664223
    },
    "r-precision": {
      "p-value": 3.577174973994684e-15,
      "statistic": 0.21466589988212081
    },
    "mrr": {
      "p-value": 6.49308539587016e-23,
      "statistic": 0.2670795407085496
    }
  },
  "thrift-no-sub-tokens-tfidf": {
    "retrieval-precision-top-1": {
      "p-value": 6.145923463784435e-06,
      "statistic": 0.12431550345900487
    },
    "retrieval-precision-top-5": {
      "p-value": 2.3840032240209396e-08,
      "statistic": 0.15315531624227108
    },
    "retrieval-precision-top-10": {
      "p-value": 2.2027765489880723e-07,
      "statistic": 0.14229074782944426
    },
    "hit-rate-top-5": {
      "p-value": 1.122459040987867e-07,
      "statistic": 0.1456692089667366
    },
    "hit-rate-top-10": {
      "p-value": 3.150845508795505e-08,
      "statistic": 0.15183467616547344
    },
    "retrieval-recall-top-1": {
      "p-value": 6.81546898032084e-06,
      "statistic": 0.123717048998153
    },
    "retrieval-recall-top-5": {
      "p-value": 1.0582565447389729e-09,
      "statistic": 0.1671994485737404
    },
    "retrieval-recall-top-10": {
      "p-value": 2.41815450563333e-10,
      "statistic": 0.17345661389189201
    },
    "r-precision": {
      "p-value": 7.890860782578316e-06,
      "statistic": 0.12286439175116466
    },
    "mrr": {
      "p-value": 2.6308507125404725e-10,
      "statistic": 0.17310545573520503
    }
  }
}