{
  "train": null,
  "validation": null,
  "test": {
    "hit-rate-top-1": 0.2775665521621704,
    "hit-rate-top-3": 0.4250950515270233,
    "hit-rate-top-5": 0.49809885025024414,
    "hit-rate-top-10": 0.5779467821121216,
    "hit-rate-top-20": 0.6737642288208008,
    "hit-rate": 1.0,
    "map-top-1": 0.2775665521621704,
    "map-top-3": 0.3408745527267456,
    "map-top-5": 0.3551890552043915,
    "map-top-10": 0.3574449419975281,
    "map-top-20": 0.3594748377799988,
    "map": 0.33638378977775574,
    "mrr-top-1": 0.2775665521621704,
    "mrr-top-3": 0.34309253096580505,
    "mrr-top-5": 0.3596324622631073,
    "mrr-top-10": 0.37041160464286804,
    "mrr-top-20": 0.37719106674194336,
    "mrr": 0.3830506503582001,
    "retrieval-precision-top-1": 0.2775665521621704,
    "retrieval-precision-top-3": 0.18250951170921326,
    "retrieval-precision-top-5": 0.14098860323429108,
    "retrieval-precision-top-10": 0.09589353948831558,
    "retrieval-precision-top-20": 0.06266159564256668,
    "retrieval-precision": 0.005649717990309,
    "retrieval-recall-top-1": 0.1942366659641266,
    "retrieval-recall-top-3": 0.3304506540298462,
    "retrieval-recall-top-5": 0.3954226076602936,
    "retrieval-recall-top-10": 0.47723886370658875,
    "retrieval-recall-top-20": 0.5735040307044983,
    "retrieval-recall": 1.0,
    "r-precision": 0.2600582242012024
  },
  "details": null
}