{
  "train": null,
  "validation": null,
  "test": {
    "hit-rate-top-1": 0.3801652789115906,
    "hit-rate-top-3": 0.5785123705863953,
    "hit-rate-top-5": 0.6497933864593506,
    "hit-rate-top-10": 0.7551652789115906,
    "hit-rate-top-20": 0.8254132270812988,
    "hit-rate": 1.0,
    "map-top-1": 0.3801652789115906,
    "map-top-3": 0.46039944887161255,
    "map-top-5": 0.4692622423171997,
    "map-top-10": 0.4650793671607971,
    "map-top-20": 0.4461495280265808,
    "map": 0.39251765608787537,
    "mrr-top-1": 0.3801652789115906,
    "mrr-top-3": 0.46470382809638977,
    "mrr-top-5": 0.4808712303638458,
    "mrr-top-10": 0.4953397512435913,
    "mrr-top-20": 0.5004244446754456,
    "mrr": 0.5036380887031555,
    "retrieval-precision-top-1": 0.3801652789115906,
    "retrieval-precision-top-3": 0.27169421315193176,
    "retrieval-precision-top-5": 0.21466943621635437,
    "retrieval-precision-top-10": 0.15382231771945953,
    "retrieval-precision-top-20": 0.10599173605442047,
    "retrieval-precision": 0.015301467850804329,
    "retrieval-recall-top-1": 0.1946972906589508,
    "retrieval-recall-top-3": 0.34981226921081543,
    "retrieval-recall-top-5": 0.4190877377986908,
    "retrieval-recall-top-10": 0.5270220637321472,
    "retrieval-recall-top-20": 0.629193127155304,
    "retrieval-recall": 1.0,
    "r-precision": 0.31836748123168945
  }
}