{
  "train": null,
  "validation": null,
  "test": {
    "hit-rate-top-1": 0.4302788972854614,
    "hit-rate-top-3": 0.5986055731773376,
    "hit-rate-top-5": 0.6713147163391113,
    "hit-rate-top-10": 0.7559760808944702,
    "hit-rate-top-20": 0.8207171559333801,
    "hit-rate": 1.0,
    "map-top-1": 0.4302788972854614,
    "map-top-3": 0.5001660585403442,
    "map-top-5": 0.5057256817817688,
    "map-top-10": 0.5003452301025391,
    "map-top-20": 0.48710447549819946,
    "map": 0.43647676706314087,
    "mrr-top-1": 0.4302788972854614,
    "mrr-top-3": 0.5039840936660767,
    "mrr-top-5": 0.520717203617096,
    "mrr-top-10": 0.5321574211120605,
    "mrr-top-20": 0.5367576479911804,
    "mrr": 0.5403300523757935,
    "retrieval-precision-top-1": 0.4302788972854614,
    "retrieval-precision-top-3": 0.25332003831863403,
    "retrieval-precision-top-5": 0.18884463608264923,
    "retrieval-precision-top-10": 0.12639442086219788,
    "retrieval-precision-top-20": 0.08127490431070328,
    "retrieval-precision": 0.01422689575701952,
    "retrieval-recall-top-1": 0.26557910442352295,
    "retrieval-recall-top-3": 0.4174141585826874,
    "retrieval-recall-top-5": 0.4861280620098114,
    "retrieval-recall-top-10": 0.5874614715576172,
    "retrieval-recall-top-20": 0.6844971179962158,
    "retrieval-recall": 1.0,
    "r-precision": 0.35652607679367065
  }
}