{
  "train": null,
  "validation": null,
  "test": {
    "hit-rate-top-1": 0.26033058762550354,
    "hit-rate-top-3": 0.48553720116615295,
    "hit-rate-top-5": 0.5640496015548706,
    "hit-rate-top-10": 0.6890496015548706,
    "hit-rate-top-20": 0.8047520518302917,
    "hit-rate": 1.0,
    "map-top-1": 0.26033058762550354,
    "map-top-3": 0.35657715797424316,
    "map-top-5": 0.36827364563941956,
    "map-top-10": 0.373321533203125,
    "map-top-20": 0.3622072637081146,
    "map": 0.3048900067806244,
    "mrr-top-1": 0.26033058762550354,
    "mrr-top-3": 0.35778239369392395,
    "mrr-top-5": 0.37570592761039734,
    "mrr-top-10": 0.39273908734321594,
    "mrr-top-20": 0.4012226164340973,
    "mrr": 0.4047970771789551,
    "retrieval-precision-top-1": 0.26033058762550354,
    "retrieval-precision-top-3": 0.21556471288204193,
    "retrieval-precision-top-5": 0.17479340732097626,
    "retrieval-precision-top-10": 0.12665289640426636,
    "retrieval-precision-top-20": 0.09054752439260483,
    "retrieval-precision": 0.015301467850804329,
    "retrieval-recall-top-1": 0.12732772529125214,
    "retrieval-recall-top-3": 0.2769266963005066,
    "retrieval-recall-top-5": 0.344333291053772,
    "retrieval-recall-top-10": 0.454694002866745,
    "retrieval-recall-top-20": 0.5794572234153748,
    "retrieval-recall": 1.0,
    "r-precision": 0.23353871703147888
  },
  "details": null
}